Local product ID,Local Line product ID,Product,Vendor,Package,LL base package price,CURRENT LL markup %,PROPOSED LL markup % — EDIT,CURRENT LL package price,CALCULATED LL package price,Selling-price change %,Current sale — retain,CURRENT LL $/lb,CALCULATED LL $/lb,CURRENT Square $/lb,PROPOSED Square $/lb (+8%),Your decision,Your notes,Local package ID,Local Line package ID,Average package weight (lb),CURRENT Square original price,PROPOSED Square original price (+8%),Square pricing basis,Square variation ID,CURRENT LL regular price,CALCULATED LL regular price,Current LL adjustment method,Price / mapping notes,Visible now,Prices checked at (UTC)
806020,806020,Blackberry Herbalism Kombucha,BNF Kombucha and Jun,16 fl. oz,3.34,40%,51.2%,4.68,5.05,7.906%,None,,,,,Review,,527082,527082,,,,No approved Square match,,4.68,5.05,Percentage (actual Local Line setting),"Common proposed price for existing customer lists, including SNAP; No approved Square match; Square price left blank",Yes,LL 2026-10-01T17:03:29.099Z; Square 2026-10-01T17:01:23.965Z
821597,821597,Chai Cider,BNF Kombucha and Jun,16 0z,3.34,40%,51.2%,4.68,5.05,7.906%,None,,,,,Review,,544654,544654,,,,No approved Square match,,4.68,5.05,Percentage (actual Local Line setting),"Common proposed price for existing customer lists, including SNAP; No approved Square match; Square price left blank",No,LL 2026-10-01T17:03:29.099Z; Square 2026-10-01T17:01:23.965Z
806023,806023,Ginger Turmeric Jun,BNF Kombucha and Jun,16 fl. oz,3.75,40%,51.2%,5.25,5.67,8%,None,,,,,Review,,527085,527085,,,,No approved Square match,,5.25,5.67,Percentage (actual Local Line setting),"Common proposed price for existing customer lists, including SNAP; No approved Square match; Square price left blank",Yes,LL 2026-10-01T17:03:29.099Z; Square 2026-10-01T17:01:23.965Z
806027,806027,Ginger Zen Kombucha,BNF Kombucha and Jun,16 fl. oz,3.34,40%,51.2%,4.68,5.05,7.906%,None,,,,,Review,,527089,527089,,,,No approved Square match,,4.68,5.05,Percentage (actual Local Line setting),"Common proposed price for existing customer lists, including SNAP; No approved Square match; Square price left blank",No,LL 2026-10-01T17:03:29.099Z; Square 2026-10-01T17:01:23.965Z
806031,806031,Grape Lavender Kombucha,BNF Kombucha and Jun,16 fl. oz,3.34,40%,51.2%,4.68,5.05,7.906%,None,,,,,Review,,527093,527093,,,,No approved Square match,,4.68,5.05,Percentage (actual Local Line setting),"Common proposed price for existing customer lists, including SNAP; No approved Square match; Square price left blank",Yes,LL 2026-10-01T17:03:29.099Z; Square 2026-10-01T17:01:23.965Z
806034,806034,Hibiscus Mint Yerbe Mate Kombucha,BNF Kombucha and Jun,16. fl oz,3.34,40%,51.2%,4.68,5.05,7.906%,None,,,,,Review,,527096,527096,,,,No approved Square match,,4.68,5.05,Percentage (actual Local Line setting),"Common proposed price for existing customer lists, including SNAP; No approved Square match; Square price left blank",Yes,LL 2026-10-01T17:03:29.099Z; Square 2026-10-01T17:01:23.965Z
806036,806036,Mango Marigold Kombucha,BNF Kombucha and Jun,16 fl. oz,3.34,40%,51.2%,4.68,5.05,7.906%,None,,,,,Review,,527098,527098,,,,No approved Square match,,4.68,5.05,Percentage (actual Local Line setting),"Common proposed price for existing customer lists, including SNAP; No approved Square match; Square price left blank",Yes,LL 2026-10-01T17:03:29.099Z; Square 2026-10-01T17:01:23.965Z
806040,806040,Moonfruit Yerbe Mate Kombucha,BNF Kombucha and Jun,16 fl. oz,3.34,40%,51.2%,4.68,5.05,7.906%,None,,,,,Review,,527102,527102,,,,No approved Square match,,4.68,5.05,Percentage (actual Local Line setting),"Common proposed price for existing customer lists, including SNAP; No approved Square match; Square price left blank",Yes,LL 2026-10-01T17:03:29.099Z; Square 2026-10-01T17:01:23.965Z
806042,806042,Oregon Blueberry Kombucha,BNF Kombucha and Jun,16 fl. oz,3.34,40%,51.2%,4.68,5.05,7.906%,None,,,,,Review,,527106,527106,,,,No approved Square match,,4.68,5.05,Percentage (actual Local Line setting),"Common proposed price for existing customer lists, including SNAP; No approved Square match; Square price left blank",No,LL 2026-10-01T17:03:29.099Z; Square 2026-10-01T17:01:23.965Z
806045,806045,Peach Rose Kombucha,BNF Kombucha and Jun,16 fl. oz,3.34,40%,51.2%,4.68,5.05,7.906%,None,,,,,Review,,527109,527109,,,,No approved Square match,,4.68,5.05,Percentage (actual Local Line setting),"Common proposed price for existing customer lists, including SNAP; No approved Square match; Square price left blank",Yes,LL 2026-10-01T17:03:29.099Z; Square 2026-10-01T17:01:23.965Z
806049,806049,Pear Jun,BNF Kombucha and Jun,16 fl. oz,3.75,40%,51.2%,5.25,5.67,8%,None,,,,,Review,,527113,527113,,,,No approved Square match,,5.25,5.67,Percentage (actual Local Line setting),"Common proposed price for existing customer lists, including SNAP; No approved Square match; Square price left blank",No,LL 2026-10-01T17:03:29.099Z; Square 2026-10-01T17:01:23.965Z
806052,806052,Pomegranate Cardamom Kombucha,BNF Kombucha and Jun,16 fl. oz,3.19,40%,51.2%,4.47,4.82,7.83%,None,,,,,Review,,527116,527116,,,,No approved Square match,,4.47,4.82,Percentage (actual Local Line setting),"Common proposed price for existing customer lists, including SNAP; No approved Square match; Square price left blank",No,LL 2026-10-01T17:03:29.099Z; Square 2026-10-01T17:01:23.965Z
806056,806056,Raspberry Reishi Jun,BNF Kombucha and Jun,16 fl. oz,3.75,40%,51.2%,5.25,5.67,8%,None,,,,,Review,,527120,527120,,,,No approved Square match,,5.25,5.67,Percentage (actual Local Line setting),"Common proposed price for existing customer lists, including SNAP; No approved Square match; Square price left blank",Yes,LL 2026-10-01T17:03:29.099Z; Square 2026-10-01T17:01:23.965Z
806059,806059,Skullcap Lemon Yerbe Mate Kombucha,BNF Kombucha and Jun,16 fl. oz,3.34,40%,51.2%,4.68,5.05,7.906%,None,,,,,Review,,527124,527124,,,,No approved Square match,,4.68,5.05,Percentage (actual Local Line setting),"Common proposed price for existing customer lists, including SNAP; No approved Square match; Square price left blank",Yes,LL 2026-10-01T17:03:29.099Z; Square 2026-10-01T17:01:23.965Z
976879,976879,Strawberry Mint Kombucha,BNF Kombucha and Jun,ea,3.34,40%,51.2%,4.68,5.05,7.906%,None,,,,,Review,,742884,742884,,,,No approved Square match,,4.68,5.05,Percentage (actual Local Line setting),"Common proposed price for existing customer lists, including SNAP; No approved Square match; Square price left blank",Yes,LL 2026-10-01T17:03:29.099Z; Square 2026-10-01T17:01:23.965Z
1038295,1038295,Sugar Plum Kombucha,BNF Kombucha and Jun,ea,3.34,40%,51.2%,4.68,5.05,7.906%,None,,,,,Review,,836567,836567,,,,No approved Square match,,4.68,5.05,Percentage (actual Local Line setting),"Common proposed price for existing customer lists, including SNAP; No approved Square match; Square price left blank",No,LL 2026-10-01T17:03:29.099Z; Square 2026-10-01T17:01:23.965Z
806063,806063,Brown Teff Flour,Camas Country Mill,3 lbs,11.05,40%,51.2%,15.47,16.71,8.0155%,None,5.16,5.57,,,Review,,527127,527127,3,,,No approved Square match,,15.47,16.71,Percentage (actual Local Line setting),"Common proposed price for existing customer lists, including SNAP; No approved Square match; Square price left blank",Yes,LL 2026-10-01T17:03:29.099Z; Square 2026-10-01T17:01:23.965Z
806067,806067,Camas Pizza Blend,Camas Country Mill,4 lbs,10.95,40%,51.2%,15.33,16.56,8.0235%,None,3.83,4.14,,,Review,,527131,527131,4,,,No approved Square match,,15.33,16.56,Percentage (actual Local Line setting),"Common proposed price for existing customer lists, including SNAP; No approved Square match; Square price left blank",Yes,LL 2026-10-01T17:03:29.099Z; Square 2026-10-01T17:01:23.965Z
908804,908804,Flax Seed,Camas Country Mill,3 lb. bag,14.5,40%,51.2%,20.3,21.92,7.9803%,None,6.77,7.31,,,Review,,653619,653619,3,,,No approved Square match,,20.3,21.92,Percentage (actual Local Line setting),"Common proposed price for existing customer lists, including SNAP; No approved Square match; Square price left blank",No,LL 2026-10-01T17:03:29.099Z; Square 2026-10-01T17:01:23.965Z
900152,900152,"Garbanzo Beans/ Chickpeas, Organic",Camas Country Mill,3 lbs,12,40%,51.2%,16.8,18.14,7.9762%,None,5.6,6.05,,,Review,,642166,642166,3,,,No approved Square match,,16.8,18.14,Percentage (actual Local Line setting),"Common proposed price for existing customer lists, including SNAP; No approved Square match; Square price left blank",No,LL 2026-10-01T17:03:29.099Z; Square 2026-10-01T17:01:23.965Z
900154,900154,Holly's Dog Biscuit Mix,Camas Country Mill,3 lb bag,10,40%,51.2%,14,15.12,8%,None,4.67,5.04,,,Review,,642168,642168,3,,,No approved Square match,,14,15.12,Percentage (actual Local Line setting),"Common proposed price for existing customer lists, including SNAP; No approved Square match; Square price left blank",No,LL 2026-10-01T17:03:29.099Z; Square 2026-10-01T17:01:23.965Z
806110,806110,Oregon Wild Rice,Camas Country Mill,16 oz,11.5,40%,51.2%,16.1,17.39,8.0124%,None,16.1,17.39,,,Review,,527175,527175,1,,,No approved Square match,,16.1,17.39,Percentage (actual Local Line setting),"Common proposed price for existing customer lists, including SNAP; No approved Square match; Square price left blank",No,LL 2026-10-01T17:03:29.099Z; Square 2026-10-01T17:01:23.965Z
900126,900126,Organic 7-Grain Cereal,Camas Country Mill,3 lbs,13.25,40%,51.2%,18.55,20.03,7.9784%,None,6.18,6.68,,,Review,,642136,642136,3,,,No approved Square match,,18.55,20.03,Percentage (actual Local Line setting),"Common proposed price for existing customer lists, including SNAP; No approved Square match; Square price left blank",No,LL 2026-10-01T17:03:29.099Z; Square 2026-10-01T17:01:23.965Z
806091,806091,Organic All Purpose Low Gluten Flour,Camas Country Mill,4 lbs,9.5,40%,51.2%,13.3,14.36,7.9699%,None,3.33,3.59,,,Review,,527155,527155,4,,,No approved Square match,,13.3,14.36,Percentage (actual Local Line setting),"Common proposed price for existing customer lists, including SNAP; No approved Square match; Square price left blank",Yes,LL 2026-10-01T17:03:29.099Z; Square 2026-10-01T17:01:23.965Z
900158,900158,Organic Blue Cornmeal,Camas Country Mill,3 lb bag,10.4,40%,51.2%,14.56,15.72,7.967%,None,4.85,5.24,,,Review,,642174,642174,3,,,No approved Square match,,14.56,15.72,Percentage (actual Local Line setting),"Common proposed price for existing customer lists, including SNAP; No approved Square match; Square price left blank",Yes,LL 2026-10-01T17:03:29.099Z; Square 2026-10-01T17:01:23.965Z
806094,806094,Organic Buckwheat Flour,Camas Country Mill,3 lbs,9.2,40%,51.2%,12.88,13.91,7.9969%,None,4.29,4.64,,,Review,,642172,642172,3,,,No approved Square match,,12.88,13.91,Percentage (actual Local Line setting),"Common proposed price for existing customer lists, including SNAP; No approved Square match; Square price left blank",Yes,LL 2026-10-01T17:03:29.099Z; Square 2026-10-01T17:01:23.965Z
806118,806118,Organic Corn Flour,Camas Country Mill,2.5 lbs,10.8,40%,51.2%,15.12,16.33,8.0026%,None,6.05,6.53,,,Review,,527183,527183,2.5,,,No approved Square match,,15.12,16.33,Percentage (actual Local Line setting),"Common proposed price for existing customer lists, including SNAP; No approved Square match; Square price left blank",Yes,LL 2026-10-01T17:03:29.099Z; Square 2026-10-01T17:01:23.965Z
806115,806115,Organic Oat Flakes,Camas Country Mill,4 lbs,15.6,40%,51.2%,21.84,23.59,8.0128%,None,5.46,5.9,,,Review,,527180,527180,4,,,No approved Square match,,21.84,23.59,Percentage (actual Local Line setting),"Common proposed price for existing customer lists, including SNAP; No approved Square match; Square price left blank",Yes,LL 2026-10-01T17:03:29.099Z; Square 2026-10-01T17:01:23.965Z
806122,806122,Organic Sonora Soft White Wheat Flour,Camas Country Mill,4 lbs,13.3,40%,51.2%,18.62,20.11,8.0021%,None,4.66,5.03,,,Review,,527187,527187,4,,,No approved Square match,,18.62,20.11,Percentage (actual Local Line setting),"Common proposed price for existing customer lists, including SNAP; No approved Square match; Square price left blank",Yes,LL 2026-10-01T17:03:29.099Z; Square 2026-10-01T17:01:23.965Z
806125,806125,Organic Spelt Flour,Camas Country Mill,2 lb. Bag,8.65,40%,51.2%,12.11,13.08,8.0099%,None,6.05,6.54,,,Review,,642173,642173,2,,,No approved Square match,,12.11,13.08,Percentage (actual Local Line setting),"Common proposed price for existing customer lists, including SNAP; No approved Square match; Square price left blank",No,LL 2026-10-01T17:03:29.099Z; Square 2026-10-01T17:01:23.965Z
806129,806129,Pardina Brown Lentils,Camas Country Mill,3 lbs,10.8,40%,51.2%,15.12,16.33,8.0026%,None,5.04,5.44,,,Review,,527194,527194,3,,,No approved Square match,,15.12,16.33,Percentage (actual Local Line setting),"Common proposed price for existing customer lists, including SNAP; No approved Square match; Square price left blank",Yes,LL 2026-10-01T17:03:29.099Z; Square 2026-10-01T17:01:23.965Z
806135,806135,Sues Soup Mix,Camas Country Mill,3 lbs,17.7,40%,51.2%,24.78,26.76,7.9903%,None,8.26,8.92,,,Review,,527200,527200,3,,,No approved Square match,,24.78,26.76,Percentage (actual Local Line setting),"Common proposed price for existing customer lists, including SNAP; No approved Square match; Square price left blank",Yes,LL 2026-10-01T17:03:29.099Z; Square 2026-10-01T17:01:23.965Z
806137,806137,Three Sisters Porridge,Camas Country Mill,4 lbs,13.25,40%,51.2%,18.55,20.03,7.9784%,None,4.64,5.01,,,Review,,527202,527202,4,,,No approved Square match,,18.55,20.03,Percentage (actual Local Line setting),"Common proposed price for existing customer lists, including SNAP; No approved Square match; Square price left blank",No,LL 2026-10-01T17:03:29.099Z; Square 2026-10-01T17:01:23.965Z
995528,995528,Austrian Cresent Fingerling Potatoes,Camas Swale Farm,lb,2.25,40%,51.2%,3.15,3.4,7.9365%,None,3.15,3.4,,,Review,,769868,769868,1,,,No approved Square match,,3.15,3.4,Percentage (actual Local Line setting),"Common proposed price for existing customer lists, including SNAP; No approved Square match; Square price left blank",No,LL 2026-10-01T17:03:29.099Z; Square 2026-10-01T17:01:23.965Z
1133120,1133120,Baby Sweet Onion,Camas Swale Farm,bunch,2.5,40%,51.2%,3.5,3.78,8%,None,,,,,Review,,968059,968059,,,,No approved Square match,,3.5,3.78,Percentage (actual Local Line setting),"Common proposed price for existing customer lists, including SNAP; No approved Square match; Square price left blank",No,LL 2026-10-01T17:03:29.099Z; Square 2026-10-01T17:01:23.965Z
805950,805950,Bi-Color Corn,Camas Swale Farm,each,1.1,40%,51.2%,1.54,1.66,7.7922%,None,,,,,Review,,527010,527010,,,,No approved Square match,,1.54,1.66,Percentage (actual Local Line setting),"Common proposed price for existing customer lists, including SNAP; No approved Square match; Square price left blank",Yes,LL 2026-10-01T17:03:29.099Z; Square 2026-10-01T17:01:23.965Z
1121876,1121876,Bok choi raab-,Camas Swale Farm,bu,2,40%,51.2%,2.8,3.02,7.8571%,None,,,,,Review,,950198,950198,,,,No approved Square match,,2.8,3.02,Percentage (actual Local Line setting),"Common proposed price for existing customer lists, including SNAP; No approved Square match; Square price left blank",No,LL 2026-10-01T17:03:29.099Z; Square 2026-10-01T17:01:23.965Z
890656,890656,Broccoli,Camas Swale Farm,1 lb,2.5,40%,51.2%,3.5,3.78,8%,None,3.5,3.78,,,Review,,630145,630145,1,,,No approved Square match,,3.5,3.78,Percentage (actual Local Line setting),"Common proposed price for existing customer lists, including SNAP; No approved Square match; Square price left blank",No,LL 2026-10-01T17:03:29.099Z; Square 2026-10-01T17:01:23.965Z
899385,899385,Broccoli,Camas Swale Farm,ea,5,40%,51.2%,7,7.56,8%,None,,,,,Review,,641280,641280,,,,No approved Square match,,7,7.56,Percentage (actual Local Line setting),"Common proposed price for existing customer lists, including SNAP; No approved Square match; Square price left blank",No,LL 2026-10-01T17:03:29.099Z; Square 2026-10-01T17:01:23.965Z
921358,921358,Brussel Sprouts on the stalk,Camas Swale Farm,ea,4.5,40%,51.2%,6.3,6.8,7.9365%,None,,,,,Review,,667810,667810,,,,No approved Square match,,6.3,6.8,Percentage (actual Local Line setting),"Common proposed price for existing customer lists, including SNAP; No approved Square match; Square price left blank",No,LL 2026-10-01T17:03:29.099Z; Square 2026-10-01T17:01:23.965Z
915293,915293,Cauliflower,Camas Swale Farm,1 lb,2.5,40%,51.2%,3.5,3.78,8%,None,3.5,3.78,,,Review,,661228,661228,1,,,No approved Square match,,3.5,3.78,Percentage (actual Local Line setting),"Common proposed price for existing customer lists, including SNAP; No approved Square match; Square price left blank",No,LL 2026-10-01T17:03:29.099Z; Square 2026-10-01T17:01:23.965Z
987329,987329,Cauliflower,Camas Swale Farm,ea,5,40%,51.2%,7,7.56,8%,None,,,,,Review,,758110,758110,,,,No approved Square match,,7,7.56,Percentage (actual Local Line setting),"Common proposed price for existing customer lists, including SNAP; No approved Square match; Square price left blank",No,LL 2026-10-01T17:03:29.099Z; Square 2026-10-01T17:01:23.965Z
805872,805872,Celery,Camas Swale Farm,each,2.5,40%,51.2%,3.5,3.78,8%,None,,,,,Review,,526930,526930,,,,No approved Square match,,3.5,3.78,Percentage (actual Local Line setting),"Common proposed price for existing customer lists, including SNAP; No approved Square match; Square price left blank",No,LL 2026-10-01T17:03:29.099Z; Square 2026-10-01T17:01:23.965Z
964215,964215,Cherry Belle Radish,Camas Swale Farm,bu,2,40%,51.2%,2.8,3.02,7.8571%,None,,,,,Review,,725650,725650,,,,No approved Square match,,2.8,3.02,Percentage (actual Local Line setting),"Common proposed price for existing customer lists, including SNAP; No approved Square match; Square price left blank",No,LL 2026-10-01T17:03:29.099Z; Square 2026-10-01T17:01:23.965Z
988809,988809,Chioggia Beets,Camas Swale Farm,1 Bunch,2.35,40%,51.2%,3.29,3.55,7.9027%,None,,,,,Review,,760367,760367,,,,No approved Square match,,3.29,3.55,Percentage (actual Local Line setting),"Common proposed price for existing customer lists, including SNAP; No approved Square match; Square price left blank",Yes,LL 2026-10-01T17:03:29.099Z; Square 2026-10-01T17:01:23.965Z
1108431,1108431,Cilantro,Camas Swale Farm,bu,2,40%,51.2%,2.8,3.02,7.8571%,None,,,,,Review,,927192,927192,,,,No approved Square match,,2.8,3.02,Percentage (actual Local Line setting),"Common proposed price for existing customer lists, including SNAP; No approved Square match; Square price left blank",No,LL 2026-10-01T17:03:29.099Z; Square 2026-10-01T17:01:23.965Z
919246,919246,Collard Greens,Camas Swale Farm,each,2.25,40%,51.2%,3.15,3.4,7.9365%,None,,,,,Review,,665174,665174,,,,No approved Square match,,3.15,3.4,Percentage (actual Local Line setting),"Common proposed price for existing customer lists, including SNAP; No approved Square match; Square price left blank",Yes,LL 2026-10-01T17:03:29.099Z; Square 2026-10-01T17:01:23.965Z
1131919,1131919,Cone Cabbage,Camas Swale Farm,ea,2.5,40%,51.2%,3.5,3.78,8%,None,,,,,Review,,966334,966334,,,,No approved Square match,,3.5,3.78,Percentage (actual Local Line setting),"Common proposed price for existing customer lists, including SNAP; No approved Square match; Square price left blank",No,LL 2026-10-01T17:03:29.099Z; Square 2026-10-01T17:01:23.965Z
805889,805889,Dill,Camas Swale Farm,each,2,40%,51.2%,2.8,3.02,7.8571%,None,,,,,Review,,526947,526947,,,,No approved Square match,,2.8,3.02,Percentage (actual Local Line setting),"Common proposed price for existing customer lists, including SNAP; No approved Square match; Square price left blank",No,LL 2026-10-01T17:03:29.099Z; Square 2026-10-01T17:01:23.965Z
995521,995521,Dried and cured Inchellium Garlic,Camas Swale Farm,lb,8,40%,51.2%,11.2,12.1,8.0357%,None,11.2,12.1,,,Review,,769835,769835,1,,,No approved Square match,,11.2,12.1,Percentage (actual Local Line setting),"Common proposed price for existing customer lists, including SNAP; No approved Square match; Square price left blank",No,LL 2026-10-01T17:03:29.099Z; Square 2026-10-01T17:01:23.965Z
812618,812618,Fresh Red Onion,Camas Swale Farm,pound,1.6,40%,51.2%,2.24,2.42,8.0357%,None,2.24,2.42,,,Review,,534486,534486,1,,,No approved Square match,,2.24,2.42,Percentage (actual Local Line setting),"Common proposed price for existing customer lists, including SNAP; No approved Square match; Square price left blank",No,LL 2026-10-01T17:03:29.099Z; Square 2026-10-01T17:01:23.965Z
897017,897017,Fresh Sweet Onion,Camas Swale Farm,pound,1.45,40%,51.2%,2.03,2.19,7.8818%,None,2.03,2.19,,,Review,,638087,638087,1,,,No approved Square match,,2.03,2.19,Percentage (actual Local Line setting),"Common proposed price for existing customer lists, including SNAP; No approved Square match; Square price left blank",No,LL 2026-10-01T17:03:29.099Z; Square 2026-10-01T17:01:23.965Z
805907,805907,Fresno Peppers,Camas Swale Farm,1 lb,5,55%,67.4%,7.75,8.37,8%,None,7.75,8.37,,,Review,,526965,526965,1,,,No approved Square match,,7.75,8.37,Percentage (actual Local Line setting),"Common proposed price for existing customer lists, including SNAP; Current list prices range $7.00–$7.75; baseline is Herd Share Members; Local calculation differs from Local Line; No approved Square match; Square price left blank",Yes,LL 2026-10-01T17:03:29.099Z; Square 2026-10-01T17:01:23.965Z
805909,805909,Garlic Scapes,Camas Swale Farm,bunch,2.5,40%,51.2%,3.5,3.78,8%,None,,,,,Review,,526967,526967,,,,No approved Square match,,3.5,3.78,Percentage (actual Local Line setting),"Common proposed price for existing customer lists, including SNAP; No approved Square match; Square price left blank",No,LL 2026-10-01T17:03:29.099Z; Square 2026-10-01T17:01:23.965Z
805913,805913,Green Bell Pepper,Camas Swale Farm,1 lb,2.5,40%,51.2%,3.5,3.78,8%,None,3.5,3.78,,,Review,,526971,526971,1,,,No approved Square match,,3.5,3.78,Percentage (actual Local Line setting),"Common proposed price for existing customer lists, including SNAP; No approved Square match; Square price left blank",Yes,LL 2026-10-01T17:03:29.099Z; Square 2026-10-01T17:01:23.965Z
882263,882263,Green garlic,Camas Swale Farm,bu,2.35,40%,51.2%,3.29,3.55,7.9027%,None,,,,,Review,,618950,618950,,,,No approved Square match,,3.29,3.55,Percentage (actual Local Line setting),"Common proposed price for existing customer lists, including SNAP; No approved Square match; Square price left blank",No,LL 2026-10-01T17:03:29.099Z; Square 2026-10-01T17:01:23.965Z
913601,913601,Green Kabocha,Camas Swale Farm,ea,4,40%,51.2%,5.6,6.05,8.0357%,None,,,,,Review,,659131,659131,,,,No approved Square match,,5.6,6.05,Percentage (actual Local Line setting),"Common proposed price for existing customer lists, including SNAP; No approved Square match; Square price left blank",No,LL 2026-10-01T17:03:29.099Z; Square 2026-10-01T17:01:23.965Z
805925,805925,Green Scallions,Camas Swale Farm,each,2,40%,51.2%,2.8,3.02,7.8571%,None,,,,,Review,,526985,526985,,,,No approved Square match,,2.8,3.02,Percentage (actual Local Line setting),"Common proposed price for existing customer lists, including SNAP; No approved Square match; Square price left blank",No,LL 2026-10-01T17:03:29.099Z; Square 2026-10-01T17:01:23.965Z
805979,805979,Green Zucchini,Camas Swale Farm,1 lb,2,40%,51.2%,2.8,3.02,7.8571%,None,2.8,3.02,,,Review,,527039,527039,1,,,No approved Square match,,2.8,3.02,Percentage (actual Local Line setting),"Common proposed price for existing customer lists, including SNAP; No approved Square match; Square price left blank",No,LL 2026-10-01T17:03:29.099Z; Square 2026-10-01T17:01:23.965Z
805866,805866,Ho mi Zi (asian mustard heads),Camas Swale Farm,each,2,40%,51.2%,2.8,3.02,7.8571%,None,,,,,Review,,526924,526924,,,,No approved Square match,,2.8,3.02,Percentage (actual Local Line setting),"Common proposed price for existing customer lists, including SNAP; No approved Square match; Square price left blank",No,LL 2026-10-01T17:03:29.099Z; Square 2026-10-01T17:01:23.965Z
825355,825355,Honeynut squash,Camas Swale Farm,ea,3,40%,51.2%,4.2,4.54,8.0952%,None,,,,,Review,,549276,549276,,,,No approved Square match,,4.2,4.54,Percentage (actual Local Line setting),"Common proposed price for existing customer lists, including SNAP; No approved Square match; Square price left blank",No,LL 2026-10-01T17:03:29.099Z; Square 2026-10-01T17:01:23.965Z
805870,805870,Honeynut Squash,Camas Swale Farm,each,3.25,40%,51.2%,4.55,4.91,7.9121%,None,,,,,Review,,526928,526928,,,,No approved Square match,,4.55,4.91,Percentage (actual Local Line setting),"Common proposed price for existing customer lists, including SNAP; No approved Square match; Square price left blank",No,LL 2026-10-01T17:03:29.099Z; Square 2026-10-01T17:01:23.965Z
906541,906541,Hot habanero,Camas Swale Farm,lb,5,40%,51.2%,7,7.56,8%,None,7,7.56,,,Review,,650569,650569,1,,,No approved Square match,,7,7.56,Percentage (actual Local Line setting),"Common proposed price for existing customer lists, including SNAP; No approved Square match; Square price left blank",Yes,LL 2026-10-01T17:03:29.099Z; Square 2026-10-01T17:01:23.965Z
805957,805957,Italian (Dino) Kale,Camas Swale Farm,bu.,1.9,40%,51.2%,2.66,2.87,7.8947%,None,,,,,Review,,527017,527017,,,,No approved Square match,,2.66,2.87,Percentage (actual Local Line setting),"Common proposed price for existing customer lists, including SNAP; No approved Square match; Square price left blank",No,LL 2026-10-01T17:03:29.099Z; Square 2026-10-01T17:01:23.965Z
1004983,1004983,Jimmy Nardello Peppers,Camas Swale Farm,1 lb,6,40%,51.2%,8.4,9.07,7.9762%,None,8.4,9.07,,,Review,,785191,785191,1,,,No approved Square match,,8.4,9.07,Percentage (actual Local Line setting),"Common proposed price for existing customer lists, including SNAP; No approved Square match; Square price left blank",No,LL 2026-10-01T17:03:29.099Z; Square 2026-10-01T17:01:23.965Z
1006110,1006110,Mild habanero,Camas Swale Farm,lb,6,40%,51.2%,8.4,9.07,7.9762%,None,8.4,9.07,,,Review,,786673,786673,1,,,No approved Square match,,8.4,9.07,Percentage (actual Local Line setting),"Common proposed price for existing customer lists, including SNAP; No approved Square match; Square price left blank",No,LL 2026-10-01T17:03:29.099Z; Square 2026-10-01T17:01:23.965Z
1001422,1001422,Natsu Cocoa watermelon,Camas Swale Farm,ea,5.85,40%,51.2%,8.19,8.85,8.0586%,None,,,,,Review,,778769,778769,,,,No approved Square match,,8.19,8.85,Percentage (actual Local Line setting),"Common proposed price for existing customer lists, including SNAP; No approved Square match; Square price left blank",No,LL 2026-10-01T17:03:29.099Z; Square 2026-10-01T17:01:23.965Z
1125866,1125866,Orange Carrots,Camas Swale Farm,1 bunch,2.75,40%,51.2%,3.85,4.16,8.0519%,None,,,,,Review,,958135,958135,,,,No approved Square match,,3.85,4.16,Percentage (actual Local Line setting),"Common proposed price for existing customer lists, including SNAP; Local calculation differs from Local Line; No approved Square match; Square price left blank",No,LL 2026-10-01T17:03:29.099Z; Square 2026-10-01T17:01:23.965Z
805887,805887,Padron Peppers,Camas Swale Farm,1 pt,3,40%,51.2%,4.2,4.54,8.0952%,None,,,,,Review,,526945,526945,,,,No approved Square match,,4.2,4.54,Percentage (actual Local Line setting),"Common proposed price for existing customer lists, including SNAP; No approved Square match; Square price left blank",Yes,LL 2026-10-01T17:03:29.099Z; Square 2026-10-01T17:01:23.965Z
805978,805978,Parsley,Camas Swale Farm,each,2,40%,51.2%,2.8,3.02,7.8571%,None,,,,,Review,,527038,527038,,,,No approved Square match,,2.8,3.02,Percentage (actual Local Line setting),"Common proposed price for existing customer lists, including SNAP; No approved Square match; Square price left blank",Yes,LL 2026-10-01T17:03:29.099Z; Square 2026-10-01T17:01:23.965Z
805892,805892,Pickling Cucumber,Camas Swale Farm,1 lb,2.5,40%,51.2%,3.5,3.78,8%,None,3.5,3.78,,,Review,,526950,526950,1,,,No approved Square match,,3.5,3.78,Percentage (actual Local Line setting),"Common proposed price for existing customer lists, including SNAP; No approved Square match; Square price left blank",No,LL 2026-10-01T17:03:29.099Z; Square 2026-10-01T17:01:23.965Z
824215,824215,Purple curly kale,Camas Swale Farm,ea,2,40%,51.2%,2.8,3.02,7.8571%,None,,,,,Review,,547697,547697,,,,No approved Square match,,2.8,3.02,Percentage (actual Local Line setting),"Common proposed price for existing customer lists, including SNAP; No approved Square match; Square price left blank",No,LL 2026-10-01T17:03:29.099Z; Square 2026-10-01T17:01:23.965Z
883818,883818,Rainbow Carrots,Camas Swale Farm,1 bunch,2.5,40%,51.2%,3.5,3.78,8%,None,,,,,Review,,621070,621070,,,,No approved Square match,,3.5,3.78,Percentage (actual Local Line setting),"Common proposed price for existing customer lists, including SNAP; No approved Square match; Square price left blank",No,LL 2026-10-01T17:03:29.099Z; Square 2026-10-01T17:01:23.965Z
1021692,1021692,Rainbow Chard,Camas Swale Farm,each,2.5,40%,51.2%,3.5,3.78,8%,None,,,,,Review,,808786,808786,,,,No approved Square match,,3.5,3.78,Percentage (actual Local Line setting),"Common proposed price for existing customer lists, including SNAP; No approved Square match; Square price left blank",Yes,LL 2026-10-01T17:03:29.099Z; Square 2026-10-01T17:01:23.965Z
874966,874966,Red Beets,Camas Swale Farm,1 bunch,2.35,40%,51.2%,3.29,3.55,7.9027%,None,,,,,Review,,609201,609201,,,,No approved Square match,,3.29,3.55,Percentage (actual Local Line setting),"Common proposed price for existing customer lists, including SNAP; No approved Square match; Square price left blank",Yes,LL 2026-10-01T17:03:29.099Z; Square 2026-10-01T17:01:23.965Z
906542,906542,Red Bell Pepper,Camas Swale Farm,lb,3.5,40%,51.2%,4.9,5.29,7.9592%,None,4.9,5.29,,,Review,,650570,650570,1,,,No approved Square match,,4.9,5.29,Percentage (actual Local Line setting),"Common proposed price for existing customer lists, including SNAP; No approved Square match; Square price left blank",No,LL 2026-10-01T17:03:29.099Z; Square 2026-10-01T17:01:23.965Z
805920,805920,Red Bell Peppers,Camas Swale Farm,each,5.5,40%,51.2%,7.7,8.32,8.0519%,None,7.7,8.32,,,Review,,526980,526980,1,,,No approved Square match,,7.7,8.32,Percentage (actual Local Line setting),"Common proposed price for existing customer lists, including SNAP; No approved Square match; Square price left blank",No,LL 2026-10-01T17:03:29.099Z; Square 2026-10-01T17:01:23.965Z
915287,915287,Romanesco,Camas Swale Farm,1 lb,2.5,40%,51.2%,3.5,3.78,8%,None,3.5,3.78,,,Review,,661221,661221,1,,,No approved Square match,,3.5,3.78,Percentage (actual Local Line setting),"Common proposed price for existing customer lists, including SNAP; No approved Square match; Square price left blank",No,LL 2026-10-01T17:03:29.099Z; Square 2026-10-01T17:01:23.965Z
972408,972408,Salanova Lettuce Mix,Camas Swale Farm,1/2 lb bag,4,40%,51.2%,5.6,6.05,8.0357%,None,11.2,12.1,,,Review,,736582,736582,0.5,,,No approved Square match,,5.6,6.05,Percentage (actual Local Line setting),"Common proposed price for existing customer lists, including SNAP; No approved Square match; Square price left blank",No,LL 2026-10-01T17:03:29.099Z; Square 2026-10-01T17:01:23.965Z
812653,812653,Santa Fe Peppers,Camas Swale Farm,pound,5,40%,51.2%,7,7.56,8%,None,7,7.56,,,Review,,534521,534521,1,,,No approved Square match,,7,7.56,Percentage (actual Local Line setting),"Common proposed price for existing customer lists, including SNAP; No approved Square match; Square price left blank",No,LL 2026-10-01T17:03:29.099Z; Square 2026-10-01T17:01:23.965Z
899372,899372,Serrano pepper,Camas Swale Farm,1 lb,4,40%,51.2%,5.6,6.05,8.0357%,None,5.6,6.05,,,Review,,641156,641156,1,,,No approved Square match,,5.6,6.05,Percentage (actual Local Line setting),"Common proposed price for existing customer lists, including SNAP; No approved Square match; Square price left blank",No,LL 2026-10-01T17:03:29.099Z; Square 2026-10-01T17:01:23.965Z
805983,805983,Shishito Frying Pepper,Camas Swale Farm,each,3,40%,51.2%,4.2,4.54,8.0952%,None,,,,,Review,,527043,527043,,,,No approved Square match,,4.2,4.54,Percentage (actual Local Line setting),"Common proposed price for existing customer lists, including SNAP; No approved Square match; Square price left blank",Yes,LL 2026-10-01T17:03:29.099Z; Square 2026-10-01T17:01:23.965Z
806009,806009,Slicer Cucumbers,Camas Swale Farm,1 lb,2,40%,51.2%,2.8,3.02,7.8571%,None,2.8,3.02,,,Review,,527069,527069,1,,,No approved Square match,,2.8,3.02,Percentage (actual Local Line setting),"Common proposed price for existing customer lists, including SNAP; No approved Square match; Square price left blank",No,LL 2026-10-01T17:03:29.099Z; Square 2026-10-01T17:01:23.965Z
973113,973113,Sugar Snap Peas,Camas Swale Farm,1/2 lb,2.95,40%,51.2%,4.13,4.46,7.9903%,None,8.26,8.92,,,Review,,737953,737953,0.5,,,No approved Square match,,4.13,4.46,Percentage (actual Local Line setting),"Common proposed price for existing customer lists, including SNAP; No approved Square match; Square price left blank",No,LL 2026-10-01T17:03:29.099Z; Square 2026-10-01T17:01:23.965Z
805954,805954,Sweet Italian Peppers,Camas Swale Farm,each,3.35,40%,51.2%,4.69,5.07,8.1023%,None,4.69,5.07,,,Review,,527014,527014,1,,,No approved Square match,,4.69,5.07,Percentage (actual Local Line setting),"Common proposed price for existing customer lists, including SNAP; No approved Square match; Square price left blank",No,LL 2026-10-01T17:03:29.099Z; Square 2026-10-01T17:01:23.965Z
805963,805963,Swiss Chard,Camas Swale Farm,each,3.25,40%,51.2%,4.55,4.91,7.9121%,None,,,,,Review,,527023,527023,,,,No approved Square match,,4.55,4.91,Percentage (actual Local Line setting),"Common proposed price for existing customer lists, including SNAP; No approved Square match; Square price left blank",No,LL 2026-10-01T17:03:29.099Z; Square 2026-10-01T17:01:23.965Z
964205,964205,Tropea onion,Camas Swale Farm,bu,2.35,40%,51.2%,3.29,3.55,7.9027%,None,,,,,Review,,725640,725640,,,,No approved Square match,,3.29,3.55,Percentage (actual Local Line setting),"Common proposed price for existing customer lists, including SNAP; No approved Square match; Square price left blank",No,LL 2026-10-01T17:03:29.099Z; Square 2026-10-01T17:01:23.965Z
911651,911651,"Catalan Paprika-Rubbed Cheese, 4.8-5.8 oz","Creamy Cow, LLC",4.8-5.8 oz,8.98,60%,72.8%,14.37,15.52,8.0028%,None,43.38,46.85,,,Review,,656878,656878,0.33125,,,No approved Square match,,14.37,15.52,Percentage (actual Local Line setting),"Common proposed price for existing customer lists, including SNAP; Local calculation differs from Local Line; No approved Square match; Square price left blank",No,LL 2026-10-01T17:03:29.099Z; Square 2026-10-01T17:01:23.965Z
911647,911647,"Catalan Paprika-Rubbed Cheese, 5.9-6.9 oz","Creamy Cow, LLC",5.9-6.9 oz,11.24,60%,72.8%,17.98,19.42,8.0089%,None,44.95,48.55,,,Review,,656874,656874,0.4,,,No approved Square match,,17.98,19.42,Percentage (actual Local Line setting),"Common proposed price for existing customer lists, including SNAP; Local calculation differs from Local Line; No approved Square match; Square price left blank",No,LL 2026-10-01T17:03:29.099Z; Square 2026-10-01T17:01:23.965Z
911648,911648,"Catalan Paprika-Rubbed Cheese, 7-8 oz","Creamy Cow, LLC",7-8 oz,11.84,60%,72.8%,18.94,20.46,8.0253%,None,40.41,43.65,,,Review,,656875,656875,0.46875,,,No approved Square match,,18.94,20.46,Percentage (actual Local Line setting),"Common proposed price for existing customer lists, including SNAP; Local calculation differs from Local Line; No approved Square match; Square price left blank",No,LL 2026-10-01T17:03:29.099Z; Square 2026-10-01T17:01:23.965Z
804350,804350,Creamy Cow (Raw Dairy) Add On,"Creamy Cow, LLC",Herd Share,50,,,,,,None,,,,,Hold,,525025,525025,,,,No approved Square match,,,,Unavailable,No existing customer-list price; no proposed Local Line change; No approved Square match; Square price left blank,Yes,LL 2026-10-01T17:03:29.099Z; Square 2026-10-01T17:01:23.965Z
1004516,1004516,"Gogo Gouda Cheese, 4 Month Aged, 4.8-5.8 oz","Creamy Cow, LLC",4.8-5.8oz,8.98,40%,51.2%,12.57,13.58,8.035%,None,37.95,41,,,Review,,784551,784551,0.33125,,,No approved Square match,,12.57,13.58,Percentage (actual Local Line setting),"Common proposed price for existing customer lists, including SNAP; No approved Square match; Square price left blank",No,LL 2026-10-01T17:03:29.099Z; Square 2026-10-01T17:01:23.965Z
957423,957423,"Gogo Gouda Cheese, 4 Month Aged, 5.9-6.9 oz","Creamy Cow, LLC",5.9 -6.9 oz,11.24,40%,51.2%,15.74,16.99,7.9416%,None,39.35,42.47,,,Review,,716436,716436,0.4,,,No approved Square match,,15.74,16.99,Percentage (actual Local Line setting),"Common proposed price for existing customer lists, including SNAP; No approved Square match; Square price left blank",No,LL 2026-10-01T17:03:29.099Z; Square 2026-10-01T17:01:23.965Z
957424,957424,"Gogo Gouda Cheese, 4 Month Aged, 7.0-8.0 oz","Creamy Cow, LLC",7.0-8.0 oz,11.84,40%,51.2%,16.58,17.9,7.9614%,None,35.37,38.19,,,Review,,716438,716438,0.46875,,,No approved Square match,,16.58,17.9,Percentage (actual Local Line setting),"Common proposed price for existing customer lists, including SNAP; No approved Square match; Square price left blank",No,LL 2026-10-01T17:03:29.099Z; Square 2026-10-01T17:01:23.965Z
936388,936388,"Heidi of the Hills Cheese, 18 Month Aged,  4.8-5.8 oz","Creamy Cow, LLC",4.8-5.8 oz,9.98,40%,51.2%,13.97,15.09,8.0172%,None,42.17,45.55,,,Review,,689801,689801,0.33125,,,No approved Square match,,13.97,15.09,Percentage (actual Local Line setting),"Common proposed price for existing customer lists, including SNAP; No approved Square match; Square price left blank",No,LL 2026-10-01T17:03:29.099Z; Square 2026-10-01T17:01:23.965Z
936387,936387,"Heidi of the Hills Cheese, 18 Month Aged,  5.9-6.9 oz","Creamy Cow, LLC",5.9-6.9 oz,11.24,40%,51.2%,15.74,16.99,7.9416%,None,39.35,42.47,,,Review,,689800,689800,0.4,,,No approved Square match,,15.74,16.99,Percentage (actual Local Line setting),"Common proposed price for existing customer lists, including SNAP; No approved Square match; Square price left blank",No,LL 2026-10-01T17:03:29.099Z; Square 2026-10-01T17:01:23.965Z
824228,824228,"Heidi of the Hills Cheese, 18 Month Aged, 7-8 oz","Creamy Cow, LLC",7-8oz,12.98,40%,51.2%,18.17,19.63,8.0352%,None,38.76,41.88,,,Review,,547711,547711,0.46875,,,No approved Square match,,18.17,19.63,Percentage (actual Local Line setting),"Common proposed price for existing customer lists, including SNAP; No approved Square match; Square price left blank",No,LL 2026-10-01T17:03:29.099Z; Square 2026-10-01T17:01:23.965Z
805464,805464,"Henni Penni Hispanico Cheese, 4 Month Aged,  5.9-6.9 oz","Creamy Cow, LLC",5.9-6.9 oz,11.24,40%,51.2%,15.74,16.99,7.9416%,None,39.35,42.47,,,Review,,526468,526468,0.4,,,No approved Square match,,15.74,16.99,Percentage (actual Local Line setting),"Common proposed price for existing customer lists, including SNAP; No approved Square match; Square price left blank",No,LL 2026-10-01T17:03:29.099Z; Square 2026-10-01T17:01:23.965Z
842611,842611,"Henni Penni Hispanico Cheese, 4 Month Aged,  7-8 oz","Creamy Cow, LLC",7-8 oz,11.84,40%,51.2%,16.58,17.9,7.9614%,None,35.37,38.19,,,Review,,570582,570582,0.46875,,,No approved Square match,,16.58,17.9,Percentage (actual Local Line setting),"Common proposed price for existing customer lists, including SNAP; No approved Square match; Square price left blank",No,LL 2026-10-01T17:03:29.099Z; Square 2026-10-01T17:01:23.965Z
866256,866256,"Henni Penni Hispanico Cheese, 4 Month Aged, 4.8-5.8 oz","Creamy Cow, LLC",4.8-5.8 oz,8.98,40%,51.2%,12.57,13.58,8.035%,None,37.95,41,,,Review,,596901,596901,0.33125,,,No approved Square match,,12.57,13.58,Percentage (actual Local Line setting),"Common proposed price for existing customer lists, including SNAP; No approved Square match; Square price left blank",No,LL 2026-10-01T17:03:29.099Z; Square 2026-10-01T17:01:23.965Z
1102434,1102434,"Henni Penni Hispanico Special 18 month Reserve, 4.8-5.8 oz","Creamy Cow, LLC",4.8-5.8 oz,9.98,60%,72.8%,15.97,17.25,8.015%,None,48.21,52.08,,,Review,,919410,919410,0.33125,,,No approved Square match,,15.97,17.25,Percentage (actual Local Line setting),"Common proposed price for existing customer lists, including SNAP; Local calculation differs from Local Line; No approved Square match; Square price left blank",No,LL 2026-10-01T17:03:29.099Z; Square 2026-10-01T17:01:23.965Z
1102435,1102435,"Henni Penni Hispanico Special 18 month Reserve, 5.9-6.9 oz","Creamy Cow, LLC",5.9-6.9 oz,11.98,60%,72.8%,19.17,20.7,7.9812%,None,47.93,51.75,,,Review,,919411,919411,0.4,,,No approved Square match,,19.17,20.7,Percentage (actual Local Line setting),"Common proposed price for existing customer lists, including SNAP; Local calculation differs from Local Line; No approved Square match; Square price left blank",No,LL 2026-10-01T17:03:29.099Z; Square 2026-10-01T17:01:23.965Z
1102436,1102436,"Henni Penni Hispanico Special 18 month Reserve, 7-8 oz","Creamy Cow, LLC",7-8 oz,12.98,60%,72.8%,20.77,22.43,7.9923%,None,44.31,47.85,,,Review,,919412,919412,0.46875,,,No approved Square match,,20.77,22.43,Percentage (actual Local Line setting),"Common proposed price for existing customer lists, including SNAP; Local calculation differs from Local Line; No approved Square match; Square price left blank",No,LL 2026-10-01T17:03:29.099Z; Square 2026-10-01T17:01:23.965Z
1015821,1015821,Hestia Feta Cheese (4.8–5.8 oz),"Creamy Cow, LLC",4.8–5.8 oz,7.31,65.74%,79%,12.12,13.08,7.9208%,None,36.59,39.49,,,Review,,800429,800429,0.33125,,,No approved Square match,,12.12,13.08,Percentage (actual Local Line setting),"Common proposed price for existing customer lists, including SNAP; Local calculation differs from Local Line; No approved Square match; Square price left blank",No,LL 2026-10-01T17:03:29.099Z; Square 2026-10-01T17:01:23.965Z
1015823,1015823,Hestia Feta Cheese (5.9–6.9 oz),"Creamy Cow, LLC",5.9–6.9 oz,8.12,65.74%,79%,13.46,14.53,7.9495%,None,33.65,36.32,,,Review,,800431,800431,0.4,,,No approved Square match,,13.46,14.53,Percentage (actual Local Line setting),"Common proposed price for existing customer lists, including SNAP; Local calculation differs from Local Line; No approved Square match; Square price left blank",No,LL 2026-10-01T17:03:29.099Z; Square 2026-10-01T17:01:23.965Z
805465,805465,"Live Culture Yogurt, 1 quart","Creamy Cow, LLC",1 quart,10,40%,51.2%,14,15.12,8%,None,,,,,Review,,526469,526469,,,,No approved Square match,,14,15.12,Percentage (actual Local Line setting),"Common proposed price for existing customer lists, including SNAP; No approved Square match; Square price left blank",Yes,LL 2026-10-01T17:03:29.099Z; Square 2026-10-01T17:01:23.965Z
990715,990715,"Live Culture Yogurt, 8oz","Creamy Cow, LLC",8 oz,6,40%,51.2%,8.4,9.07,7.9762%,None,,,,,Review,,762991,762991,,,,No approved Square match,,8.4,9.07,Percentage (actual Local Line setting),"Common proposed price for existing customer lists, including SNAP; No approved Square match; Square price left blank",Yes,LL 2026-10-01T17:03:29.099Z; Square 2026-10-01T17:01:23.965Z
881794,881794,"Live Culture Yogurt, glass jar 1 pint","Creamy Cow, LLC",1 pint,9,66%,79.28%,14.94,16.14,8.0321%,None,,,,,Review,,618310,618310,,,,No approved Square match,,14.94,16.14,Percentage (actual Local Line setting),"Common proposed price for existing customer lists, including SNAP; Local calculation differs from Local Line; No approved Square match; Square price left blank",Yes,LL 2026-10-01T17:03:29.099Z; Square 2026-10-01T17:01:23.965Z
836358,836358,"Lucianna Toma Rustica Cheese, 4 Month Aged, 4.8-5.8 oz","Creamy Cow, LLC",4.8-5.8 oz,8.98,40%,51.2%,12.57,13.58,8.035%,None,37.95,41,,,Review,,562940,562940,0.33125,,,No approved Square match,,12.57,13.58,Percentage (actual Local Line setting),"Common proposed price for existing customer lists, including SNAP; No approved Square match; Square price left blank",No,LL 2026-10-01T17:03:29.099Z; Square 2026-10-01T17:01:23.965Z
867239,867239,"Lucianna Toma Rustica Cheese, 4 Month Aged, 5.9-6.9 oz","Creamy Cow, LLC",5.9-6.9oz,11.24,40%,51.2%,15.74,16.99,7.9416%,None,39.35,42.47,,,Review,,598138,598138,0.4,,,No approved Square match,,15.74,16.99,Percentage (actual Local Line setting),"Common proposed price for existing customer lists, including SNAP; No approved Square match; Square price left blank",No,LL 2026-10-01T17:03:29.099Z; Square 2026-10-01T17:01:23.965Z
805466,805466,"Lucianna Toma Rustica Cheese, 4 Month Aged, 7-8 oz","Creamy Cow, LLC",7-8 oz,11.84,40%,51.2%,16.58,17.9,7.9614%,None,35.37,38.19,,,Review,,526471,526471,0.46875,,,No approved Square match,,16.58,17.9,Percentage (actual Local Line setting),"Common proposed price for existing customer lists, including SNAP; No approved Square match; Square price left blank",No,LL 2026-10-01T17:03:29.099Z; Square 2026-10-01T17:01:23.965Z
1036758,1036758,"Ophelia Asiago Cheese  - Special 12 month Aged, 5.9-6.9 oz","Creamy Cow, LLC",5.9 -6.9oz,11.98,40%,51.2%,16.77,18.11,7.9905%,None,41.92,45.27,,,Review,,834422,834422,0.4,,,No approved Square match,,16.77,18.11,Percentage (actual Local Line setting),"Common proposed price for existing customer lists, including SNAP; No approved Square match; Square price left blank",No,LL 2026-10-01T17:03:29.099Z; Square 2026-10-01T17:01:23.965Z
1036759,1036759,"Ophelia Asiago Cheese  - Special 12 month Aged, 7-8 oz","Creamy Cow, LLC",7-8 oz,12.98,40%,51.2%,18.17,19.63,8.0352%,None,38.76,41.88,,,Review,,834423,834423,0.46875,,,No approved Square match,,18.17,19.63,Percentage (actual Local Line setting),"Common proposed price for existing customer lists, including SNAP; No approved Square match; Square price left blank",No,LL 2026-10-01T17:03:29.099Z; Square 2026-10-01T17:01:23.965Z
805469,805469,"Ophelia Asiago Cheese - Special 12 month Aged, 4.8-5.8 oz","Creamy Cow, LLC",4.8-5.8 oz,9.98,40%,51.2%,13.97,15.09,8.0172%,None,42.17,45.55,,,Review,,526475,526475,0.33125,,,No approved Square match,,13.97,15.09,Percentage (actual Local Line setting),"Common proposed price for existing customer lists, including SNAP; No approved Square match; Square price left blank",No,LL 2026-10-01T17:03:29.099Z; Square 2026-10-01T17:01:23.965Z
1102437,1102437,"Ophelia Asiago Cheese, 4 Month Aged, 4.8-5.8 oz","Creamy Cow, LLC",4.8-5.8 oz,8.98,40%,51.2%,12.57,13.58,8.035%,None,37.95,41,,,Review,,919416,919416,0.33125,,,No approved Square match,,12.57,13.58,Percentage (actual Local Line setting),"Common proposed price for existing customer lists, including SNAP; No approved Square match; Square price left blank",No,LL 2026-10-01T17:03:29.099Z; Square 2026-10-01T17:01:23.965Z
1102438,1102438,"Ophelia Asiago Cheese, 4 Month Aged, 5.9-6.9 oz","Creamy Cow, LLC",5.9 -6.9oz,11.24,40%,51.2%,15.74,16.99,7.9416%,None,39.35,42.47,,,Review,,919417,919417,0.4,,,No approved Square match,,15.74,16.99,Percentage (actual Local Line setting),"Common proposed price for existing customer lists, including SNAP; No approved Square match; Square price left blank",No,LL 2026-10-01T17:03:29.099Z; Square 2026-10-01T17:01:23.965Z
1102439,1102439,"Ophelia Asiago Cheese, 4 Month Aged, 7-8 oz","Creamy Cow, LLC",7-8 oz,11.84,40%,51.2%,16.58,17.9,7.9614%,None,35.37,38.19,,,Review,,919418,919418,0.46875,,,No approved Square match,,16.58,17.9,Percentage (actual Local Line setting),"Common proposed price for existing customer lists, including SNAP; No approved Square match; Square price left blank",No,LL 2026-10-01T17:03:29.099Z; Square 2026-10-01T17:01:23.965Z
805461,805461,Raw A2/A2 Milk,"Creamy Cow, LLC",1/2 gallon,15,40%,51.2%,21,22.68,8%,None,,,,,Review,,526465,526465,,,,No approved Square match,,21,22.68,Percentage (actual Local Line setting),"Common proposed price for existing customer lists, including SNAP; No approved Square match; Square price left blank",Yes,LL 2026-10-01T17:03:29.099Z; Square 2026-10-01T17:01:23.965Z
805470,805470,Raw Cultured Butter,"Creamy Cow, LLC",0.5 lbs,14,40%,51.2%,19.6,21.17,8.0102%,None,39.2,42.34,,,Review,,526476,526476,0.5,,,No approved Square match,,19.6,21.17,Percentage (actual Local Line setting),"Common proposed price for existing customer lists, including SNAP; No approved Square match; Square price left blank",Yes,LL 2026-10-01T17:03:29.099Z; Square 2026-10-01T17:01:23.965Z
805471,805471,Raw Cultured Buttermilk,"Creamy Cow, LLC",1 quart,11,36.4%,47.31%,15,16.2,8%,None,,,,,Review,,526477,526477,,,,No approved Square match,,15,16.2,Percentage (actual Local Line setting),"Common proposed price for existing customer lists, including SNAP; Local calculation differs from Local Line; No approved Square match; Square price left blank",Yes,LL 2026-10-01T17:03:29.099Z; Square 2026-10-01T17:01:23.965Z
805472,805472,Raw Farmer's Cheese,"Creamy Cow, LLC",12 oz,10,40%,51.2%,14,15.12,8%,None,18.67,20.16,,,Review,,526478,526478,0.75,,,No approved Square match,,14,15.12,Percentage (actual Local Line setting),"Common proposed price for existing customer lists, including SNAP; No approved Square match; Square price left blank",Yes,LL 2026-10-01T17:03:29.099Z; Square 2026-10-01T17:01:23.965Z
805473,805473,Raw Fresh Sweet Cream,"Creamy Cow, LLC",1 pint,10,40%,51.2%,14,15.12,8%,None,,,,,Review,,526479,526479,,,,No approved Square match,,14,15.12,Percentage (actual Local Line setting),"Common proposed price for existing customer lists, including SNAP; No approved Square match; Square price left blank",Yes,LL 2026-10-01T17:03:29.099Z; Square 2026-10-01T17:01:23.965Z
805474,805474,"Raw Fresh Whole Milk, 1/2 gallon","Creamy Cow, LLC",1/2 gallon,10,50%,62%,15,16.2,8%,None,,,,,Review,,526481,526481,,,,No approved Square match,,15,16.2,Percentage (actual Local Line setting),"Common proposed price for existing customer lists, including SNAP; Local calculation differs from Local Line; No approved Square match; Square price left blank",Yes,LL 2026-10-01T17:03:29.099Z; Square 2026-10-01T17:01:23.965Z
990712,990712,"Raw Fresh Whole Milk, 1/4 gallon","Creamy Cow, LLC",1/4 gallon,6,40%,51.2%,8.4,9.07,7.9762%,None,,,,,Review,,762988,762988,,,,No approved Square match,,8.4,9.07,Percentage (actual Local Line setting),"Common proposed price for existing customer lists, including SNAP; No approved Square match; Square price left blank",Yes,LL 2026-10-01T17:03:29.099Z; Square 2026-10-01T17:01:23.965Z
805475,805475,Raw Sweet Cream Butter,"Creamy Cow, LLC",0.5 lbs,12,40%,51.2%,16.8,18.14,7.9762%,None,33.6,36.28,,,Review,,526482,526482,0.5,,,No approved Square match,,16.8,18.14,Percentage (actual Local Line setting),"Common proposed price for existing customer lists, including SNAP; No approved Square match; Square price left blank",Yes,LL 2026-10-01T17:03:29.099Z; Square 2026-10-01T17:01:23.965Z
805476,805476,Raw Whey,"Creamy Cow, LLC",1 quart,7,50%,62%,10.5,11.34,8%,None,,,,,Review,,526483,526483,,,,No approved Square match,,10.5,11.34,Percentage (actual Local Line setting),"Common proposed price for existing customer lists, including SNAP; Local calculation differs from Local Line; No approved Square match; Square price left blank",Yes,LL 2026-10-01T17:03:29.099Z; Square 2026-10-01T17:01:23.965Z
1023367,1023367,"Shredded Alpine Cheese Blend, 6oz","Creamy Cow, LLC",6 oz bag,10.79,60%,72.8%,17.26,18.65,8.0533%,None,46.03,49.73,,,Review,,811274,811274,0.375,,,No approved Square match,,17.26,18.65,Percentage (actual Local Line setting),"Common proposed price for existing customer lists, including SNAP; Local calculation differs from Local Line; No approved Square match; Square price left blank",No,LL 2026-10-01T17:03:29.099Z; Square 2026-10-01T17:01:23.965Z
805477,805477,Sour Cream,"Creamy Cow, LLC",package,12,40%,51.2%,16.8,18.14,7.9762%,None,,,,,Review,,526484,526484,,,,No approved Square match,,16.8,18.14,Percentage (actual Local Line setting),"Common proposed price for existing customer lists, including SNAP; No approved Square match; Square price left blank",Yes,LL 2026-10-01T17:03:29.099Z; Square 2026-10-01T17:01:23.965Z
981122,981122,Creole Masala Spice Blend,Creole Me Up,3 oz jar,6.85,40%,51.2%,9.59,10.36,8.0292%,None,51.15,55.25,,,Review,,749359,749359,0.1875,,,No approved Square match,,9.59,10.36,Percentage (actual Local Line setting),"Common proposed price for existing customer lists, including SNAP; No approved Square match; Square price left blank",No,LL 2026-10-01T17:03:29.099Z; Square 2026-10-01T17:01:23.965Z
957990,957990,"The ""Real Sassy"" Creole Spice Blend",Creole Me Up,3 oz jar,6.75,40%,51.2%,9.45,10.21,8.0423%,None,50.4,54.45,,,Review,,717429,717429,0.1875,,,No approved Square match,,9.45,10.21,Percentage (actual Local Line setting),"Common proposed price for existing customer lists, including SNAP; No approved Square match; Square price left blank",No,LL 2026-10-01T17:03:29.099Z; Square 2026-10-01T17:01:23.965Z
981124,981124,"The ""Wanna Be Sassy"" Creole Spice Blend",Creole Me Up,3 oz jar,6.89,40%,51.2%,9.65,10.42,7.9793%,None,51.47,55.57,,,Review,,749361,749361,0.1875,,,No approved Square match,,9.65,10.42,Percentage (actual Local Line setting),"Common proposed price for existing customer lists, including SNAP; No approved Square match; Square price left blank",No,LL 2026-10-01T17:03:29.099Z; Square 2026-10-01T17:01:23.965Z
1048784,1048784,1/2 Pork October Deposit,Deck Family Farm,ea,200,0%,0%,200,200,0%,None,,,,,No change,,852413,852413,,,,No approved Square match,,200,200,No adjustment (0%),Deposit: no change; retain zero markup; No approved Square match; Square price left blank,Yes,LL 2026-10-01T17:03:29.099Z; Square 2026-10-01T17:01:23.965Z
1042497,1042497,1/2 Pork Side July Deposit (PickUp After July 20),Deck Family Farm,ea,200,0%,0%,200,200,0%,None,,,,,No change,,844442,844442,,,,No approved Square match,,200,200,Fixed price $200.00; equivalent % shown,"Deposit: no change; retain zero markup; No approved Square match; Square price left blank; Current percentage is equivalent, not a stored percentage setting; review conversion from the existing dollar adjustment.",No,LL 2026-10-01T17:03:29.099Z; Square 2026-10-01T17:01:23.965Z
1048785,1048785,1/4 Beef Side July Deposit,Deck Family Farm,ea,200,0%,0%,200,200,0%,None,,,,,No change,,852414,852414,,,,No approved Square match,,200,200,Fixed price $200.00; equivalent % shown,"Deposit: no change; retain zero markup; No approved Square match; Square price left blank; Current percentage is equivalent, not a stored percentage setting; review conversion from the existing dollar adjustment.",No,LL 2026-10-01T17:03:29.099Z; Square 2026-10-01T17:01:23.965Z
1032334,1032334,1/4 Beef Side October Deposit,Deck Family Farm,ea,200,0%,0%,200,200,0%,None,,,,,No change,,827253,827253,,,,No approved Square match,,200,200,Fixed price $200.00; equivalent % shown,"Deposit: no change; retain zero markup; No approved Square match; Square price left blank; Current percentage is equivalent, not a stored percentage setting; review conversion from the existing dollar adjustment.",No,LL 2026-10-01T17:03:29.099Z; Square 2026-10-01T17:01:23.965Z
816242,816242,Baby Back Ribs,Deck Family Farm,0.90 - 1.50 lbs,11.69,65.74%,79%,19.38,20.93,7.9979%,None,16.15,17.44,18,19.44,Review,,538686,538686,1.2,18,19.44,Per lb — confirmed Square unit,LISW32VK23KXNB33ENFT477O,19.38,20.93,Percentage (actual Local Line setting),"Common proposed price for existing customer lists, including SNAP",No,LL 2026-10-01T17:03:29.099Z; Square 2026-10-01T17:01:23.965Z
805653,805653,"Bacon Ends & Pieces, Pork",Deck Family Farm,8 oz,5.95,65.74%,79%,9.86,10.65,8.0122%,None,19.72,21.3,22,23.76,Review,,526706,526706,0.5,11,11.88,Per item — converted using mapped package weight,S3VRZSN4RMWEZYGOJPBD7E7A,9.86,10.65,Percentage (actual Local Line setting),"Common proposed price for existing customer lists, including SNAP; Square per-pound comparison uses the mapped package weight; verify that weight.",Yes,LL 2026-10-01T17:03:29.099Z; Square 2026-10-01T17:01:23.965Z
805724,805724,"Bacon, Pork",Deck Family Farm,8 oz,7.04,65.74%,79%,11.67,12.6,7.9692%,None,23.34,25.2,26,28.08,Review,,526778,526778,0.5,13,14.04,Per item — converted using mapped package weight,LLQPAZZFUS4TG46PVVOW4P6T,11.67,12.6,Percentage (actual Local Line setting),"Common proposed price for existing customer lists, including SNAP; Square per-pound comparison uses the mapped package weight; verify that weight.",Yes,LL 2026-10-01T17:03:29.099Z; Square 2026-10-01T17:01:23.965Z
1163728,1164235,Bavarian Style Grazier's Sausage,Deck Family Farm,ea,5.41,65.8041%,79.07%,8.97,9.69,8.0268%,None,,,,,Review,,1011354,1012073,,10,10.8,Per item / package; no lb equivalent,7NG2FP6SV5D3EJVLG4FEN34Q,8.97,9.69,Dollar add-on $3.56; equivalent % shown,"Common proposed price for existing customer lists, including SNAP; Current percentage is equivalent, not a stored percentage setting; review conversion from the existing dollar adjustment.",Yes,LL 2026-10-01T17:03:29.099Z; Square 2026-10-01T17:01:23.965Z
960228,960228,Bavette Steak,Deck Family Farm,0.9 - 1.6 lbs,17.59,65.74%,79%,29.15,31.49,8.0274%,None,23.32,25.19,26,28.08,Review,,720358,720358,1.25,26,28.08,Per lb — confirmed Square unit,HY4IZXY6GM4AI6EC66ESAZK4,29.15,31.49,Percentage (actual Local Line setting),"Common proposed price for existing customer lists, including SNAP",No,LL 2026-10-01T17:03:29.099Z; Square 2026-10-01T17:01:23.965Z
813072,813072,Beef Back Ribs,Deck Family Farm,2.00 - 3.00 lbs,21.65,65.74%,79%,35.88,38.75,7.9989%,None,14.35,15.5,16.5,17.82,Review,,535102,535102,2.5,16.5,17.82,Per lb — confirmed Square unit,ESFETJY6J3E3YNPYEUT3P4BJ,35.88,38.75,Percentage (actual Local Line setting),"Common proposed price for existing customer lists, including SNAP",Yes,LL 2026-10-01T17:03:29.099Z; Square 2026-10-01T17:01:23.965Z
922135,922135,Beef Bones,Deck Family Farm,3.00 - 5.00 lbs,5.95,65.74%,79%,9.86,10.65,8.0122%,None,2.46,2.66,2.5,2.7,Review,,669030,669030,4,10,10.8,Per item — converted using mapped package weight,FO4U2WMBU6CNP3M4TJVGSCXJ,9.86,10.65,Percentage (actual Local Line setting),"Common proposed price for existing customer lists, including SNAP; Square per-pound comparison uses the mapped package weight; verify that weight.",Yes,LL 2026-10-01T17:03:29.099Z; Square 2026-10-01T17:01:23.965Z
813075,813075,Beef Flat Iron Steak,Deck Family Farm,0.70 - 1.10 lbs,12.66,65.74%,79%,20.98,22.66,8.0076%,None,23.31,25.18,26,28.08,Review,,535105,535105,0.9,26,28.08,Per lb — confirmed Square unit,B6UDTUDPUQKV2THQ5PFPC6SZ,20.98,22.66,Percentage (actual Local Line setting),"Common proposed price for existing customer lists, including SNAP",Yes,LL 2026-10-01T17:03:29.099Z; Square 2026-10-01T17:01:23.965Z
805660,805660,Beef Heart,Deck Family Farm,2.50 - 3.5 lbs,15.42,65.74%,79%,25.56,27.6,7.9812%,None,8.52,9.2,9.5,10.26,Review,,526713,526713,3,9.5,10.26,Per lb — confirmed Square unit,VMS35LF22K4ZIIQLENRZ562Y,25.56,27.6,Percentage (actual Local Line setting),"Common proposed price for existing customer lists, including SNAP",Yes,LL 2026-10-01T17:03:29.099Z; Square 2026-10-01T17:01:23.965Z
825832,825832,Beef Kidney,Deck Family Farm,0.80 - 1.00 lbs,7.31,66%,79.28%,12.13,13.11,8.0791%,None,13.48,14.57,15,16.2,Review,,549811,549811,0.9,15,16.2,Per lb — confirmed Square unit,YZD2KCNWUJOWGWKFT7DCG42C,12.13,13.11,Percentage (actual Local Line setting),"Common proposed price for existing customer lists, including SNAP",Yes,LL 2026-10-01T17:03:29.099Z; Square 2026-10-01T17:01:23.965Z
841579,841579,Beef Liver,Deck Family Farm,0.90 - 1.30 lbs,8.93,66%,79.28%,14.82,16.01,8.0297%,None,13.47,14.55,15,16.2,Review,,569100,569100,1.1,15,16.2,Per lb — local retail unit (Square unit unset),DPHMZXG5A3S4YOMA3V3FICUI,14.82,16.01,Percentage (actual Local Line setting),"Common proposed price for existing customer lists, including SNAP; Square pound basis inferred from local retail unit; Square measurement unit is unset.",Yes,LL 2026-10-01T17:03:29.099Z; Square 2026-10-01T17:01:23.965Z
825834,825834,Beef Marrow Bones,Deck Family Farm,3.00 - 5.00 lbs,8.12,65.74%,79%,13.46,14.53,7.9495%,None,3.37,3.63,3.75,4.05,Review,,549813,549813,4,15,16.2,Per item — converted using mapped package weight,PJUREPBRNPEO4OGFFYYA7Q7Z,13.46,14.53,Percentage (actual Local Line setting),"Common proposed price for existing customer lists, including SNAP; Square per-pound comparison uses the mapped package weight; verify that weight.",No,LL 2026-10-01T17:03:29.099Z; Square 2026-10-01T17:01:23.965Z
813076,813076,Beef Oxtail,Deck Family Farm,1.40 - 1.90 lbs,11.61,65.74%,79%,19.24,20.78,8.0042%,None,11.66,12.59,13,14.04,Review,,535106,535106,1.65,13,14.04,Per lb — confirmed Square unit,HKHJAL5T7IGLNBNP2SHGWFET,19.24,20.78,Percentage (actual Local Line setting),"Common proposed price for existing customer lists, including SNAP",Yes,LL 2026-10-01T17:03:29.099Z; Square 2026-10-01T17:01:23.965Z
813071,813071,Beef Shank Osso Buco,Deck Family Farm,2.10 - 2.40 lbs,23.75,65.74%,79%,39.36,42.51,8.003%,None,17.49,18.89,19.5,21.06,Review,,535101,535101,2.25,19.5,21.06,Per lb — confirmed Square unit,36KI54KEJJZP76I7I2AAQASZ,39.36,42.51,Percentage (actual Local Line setting),"Common proposed price for existing customer lists, including SNAP",No,LL 2026-10-01T17:03:29.099Z; Square 2026-10-01T17:01:23.965Z
894281,894281,Beef Short Rib,Deck Family Farm,1.30 - 2.10 lbs,17.94,65.74%,79%,29.73,32.11,8.0054%,None,17.49,18.89,19.5,21.06,Review,,634544,634544,1.7,19.5,21.06,Per lb — confirmed Square unit,73CWJJUMSGTLRLWKCHTYZNCV,29.73,32.11,Percentage (actual Local Line setting),"Common proposed price for existing customer lists, including SNAP",Yes,LL 2026-10-01T17:03:29.099Z; Square 2026-10-01T17:01:23.965Z
805667,805667,Beef Stew Meat,Deck Family Farm,1.1 - 1.3 lbs,12.01,65.74%,79%,19.91,21.5,7.9859%,None,16.59,17.92,18.5,19.98,Review,,526720,526720,1.2,18.5,19.98,Per lb — confirmed Square unit,VINTQXAU46GLF3MVILEBL2GN,19.91,21.5,Percentage (actual Local Line setting),"Common proposed price for existing customer lists, including SNAP",Yes,LL 2026-10-01T17:03:29.099Z; Square 2026-10-01T17:01:23.965Z
813067,813067,Beef Tenderloin,Deck Family Farm,0.40 - 0.70 lbs,12.8,65.74%,79%,21.21,22.91,8.0151%,None,38.56,41.65,42,45.36,Review,,535097,535097,0.55,42,45.36,Per lb — confirmed Square unit,QGDFUX4RZYYUBRYCXCW2ZW4O,21.21,22.91,Percentage (actual Local Line setting),"Common proposed price for existing customer lists, including SNAP",Yes,LL 2026-10-01T17:03:29.099Z; Square 2026-10-01T17:01:23.965Z
825833,825833,Beef Tongue,Deck Family Farm,2.50 - 3.00 lbs,14.14,65.74%,79%,23.44,25.31,7.9778%,None,8.52,9.2,9.5,10.26,Review,,549812,549812,2.75,9.5,10.26,Per lb — confirmed Square unit,XLUIITLT42YYIEAIIQMM43SU,23.44,25.31,Percentage (actual Local Line setting),"Common proposed price for existing customer lists, including SNAP",Yes,LL 2026-10-01T17:03:29.099Z; Square 2026-10-01T17:01:23.965Z
869027,869027,Beef Tri-Tip,Deck Family Farm,1.90 - 2.20 lbs,23.3,65.74%,79%,38.62,41.71,8.001%,None,18.84,20.35,21,22.68,Review,,600217,600217,2.05,21,22.68,Per lb — confirmed Square unit,MG34WSHAPYGTK5C2F7WJY7HH,38.62,41.71,Percentage (actual Local Line setting),"Common proposed price for existing customer lists, including SNAP",No,LL 2026-10-01T17:03:29.099Z; Square 2026-10-01T17:01:23.965Z
813084,813084,Bratwurst,Deck Family Farm,12 oz,10.55,65.74%,79%,17.49,18.88,7.9474%,None,23.32,25.17,26,28.08,Review,,535115,535115,0.75,19.5,21.06,Per item — converted using mapped package weight,JL4WOYSE5LX75MYTNGRJEU24,17.49,18.88,Percentage (actual Local Line setting),"Common proposed price for existing customer lists, including SNAP; Square per-pound comparison uses the mapped package weight; verify that weight.",Yes,LL 2026-10-01T17:03:29.099Z; Square 2026-10-01T17:01:23.965Z
856878,856878,"Brisket, Large",Deck Family Farm,"Large, 4.00 - 5.00 lbs",38.97,65.74%,79%,64.59,69.76,8.0043%,None,14.35,15.5,16,17.28,Review,,677923,677923,4.5,16,17.28,Per lb — confirmed Square unit,25JLU7YR4FTI4NFNKZXTZKY6,64.59,69.76,Percentage (actual Local Line setting),"Common proposed price for existing customer lists, including SNAP",No,LL 2026-10-01T17:03:29.099Z; Square 2026-10-01T17:01:23.965Z
941001,941001,"Brisket, Medium",Deck Family Farm,"Medium, 3.00 - 3.99 lbs",32.16,65.74%,79%,53.3,57.57,8.0113%,None,15.25,16.47,17,18.36,Review,,694997,694997,3.495,17,18.36,Per lb — confirmed Square unit,SLLB3I6MS6L2ENNMOZZ3X3QK,53.3,57.57,Percentage (actual Local Line setting),"Common proposed price for existing customer lists, including SNAP",Yes,LL 2026-10-01T17:03:29.099Z; Square 2026-10-01T17:01:23.965Z
941002,941002,"Brisket, Small",Deck Family Farm,"Small, 2.30 - 2.99 lbs",25.77,65.74%,79%,42.71,46.13,8.0075%,None,16.15,17.44,,,Review,,694998,694998,2.645,,,No approved Square match,,42.71,46.13,Percentage (actual Local Line setting),"Common proposed price for existing customer lists, including SNAP; No approved Square match; Square price left blank",Yes,LL 2026-10-01T17:03:29.099Z; Square 2026-10-01T17:01:23.965Z
910774,910774,"Broad Breasted White Thanksgiving Turkeys, Medium",Deck Family Farm,12.01 - 14.00  lbs,62.24,65.7455%,79.01%,103.16,111.42,8.007%,None,7.93,8.57,8.84,9.55,Review,,655862,655862,13.005,115,124.2,Per item — converted using mapped package weight,ACSBCUQ54CQ6XNUJQYH6VREQ,103.16,111.42,Fixed price $103.16; equivalent % shown,"Common proposed price for existing customer lists, including SNAP; Current percentage is equivalent, not a stored percentage setting; review conversion from the existing dollar adjustment.; Square per-pound comparison uses the mapped package weight; verify that weight.",Yes,LL 2026-10-01T17:03:29.099Z; Square 2026-10-01T17:01:23.965Z
910775,910775,"Broad Breasted White Turkeys, Large",Deck Family Farm,14.01 - 16.00 lbs,70.36,65.7334%,78.99%,116.61,125.94,8.001%,None,7.77,8.39,,,Review,,655863,655863,15.005,,,No approved Square match,,116.61,125.94,Fixed price $116.61; equivalent % shown,"Common proposed price for existing customer lists, including SNAP; No approved Square match; Square price left blank; Current percentage is equivalent, not a stored percentage setting; review conversion from the existing dollar adjustment.",Yes,LL 2026-10-01T17:03:29.099Z; Square 2026-10-01T17:01:23.965Z
1008413,1008413,"Broad Breasted White Turkeys, Small",Deck Family Farm,9 - 12  lbs,51.41,65.746%,79.01%,85.21,92.03,8.0038%,None,8.12,8.76,,,Review,,789842,789842,10.5,,,No approved Square match,,85.21,92.03,Fixed price $85.21; equivalent % shown,"Common proposed price for existing customer lists, including SNAP; No approved Square match; Square price left blank; Current percentage is equivalent, not a stored percentage setting; review conversion from the existing dollar adjustment.",Yes,LL 2026-10-01T17:03:29.099Z; Square 2026-10-01T17:01:23.965Z
813079,813079,"Chicken Feet, 1lb bag",Deck Family Farm,1 lb bag,5.14,65.74%,79%,8.52,9.2,7.9812%,None,8.52,9.2,,,Review,,642344,642344,1,,,No approved Square match,,8.52,9.2,Percentage (actual Local Line setting),"Common proposed price for existing customer lists, including SNAP; No approved Square match; Square price left blank",Yes,LL 2026-10-01T17:03:29.099Z; Square 2026-10-01T17:01:23.965Z
818959,818959,Chicken Gizzards,Deck Family Farm,1/2 lb pk,6.5,65.74%,79%,10.77,11.63,7.9851%,None,21.54,23.26,,,Review,,541749,541749,0.5,,,No approved Square match,,10.77,11.63,Percentage (actual Local Line setting),"Common proposed price for existing customer lists, including SNAP; No approved Square match; Square price left blank",No,LL 2026-10-01T17:03:29.099Z; Square 2026-10-01T17:01:23.965Z
818957,818957,Chicken Hearts,Deck Family Farm,1/2 lb bag,5.14,66%,79.28%,8.53,9.21,7.9719%,None,17.06,18.42,,,Review,,541747,541747,0.5,,,No approved Square match,,8.53,9.21,Percentage (actual Local Line setting),"Common proposed price for existing customer lists, including SNAP; No approved Square match; Square price left blank",Yes,LL 2026-10-01T17:03:29.099Z; Square 2026-10-01T17:01:23.965Z
805677,805677,Chicken Liver,Deck Family Farm,1/2 lb bag,5.14,65.74%,79%,8.52,9.2,7.9812%,None,17.04,18.4,,,Review,,526730,526730,0.5,,,No approved Square match,,8.52,9.2,Percentage (actual Local Line setting),"Common proposed price for existing customer lists, including SNAP; No approved Square match; Square price left blank",Yes,LL 2026-10-01T17:03:29.099Z; Square 2026-10-01T17:01:23.965Z
805669,805669,"Chicken Part, Breast, Bone-In",Deck Family Farm,1.30 - 1.70 lbs,9.74,65.74%,79%,16.14,17.43,7.9926%,None,10.76,11.62,12,12.96,Review,,526722,526722,1.5,12,12.96,Per lb — confirmed Square unit,GWUVAKYUHDRBOBPDJH3UHMYW,16.14,17.43,Percentage (actual Local Line setting),"Common proposed price for existing customer lists, including SNAP",Yes,LL 2026-10-01T17:03:29.099Z; Square 2026-10-01T17:01:23.965Z
805676,805676,"Chicken Part, Hindquarter",Deck Family Farm,1.00 - 1.50 lbs,8.12,65.74%,79%,13.46,14.53,7.9495%,None,10.77,11.62,,,Review,,526729,526729,1.25,,,No approved Square match,,13.46,14.53,Percentage (actual Local Line setting),"Common proposed price for existing customer lists, including SNAP; No approved Square match; Square price left blank",Yes,LL 2026-10-01T17:03:29.099Z; Square 2026-10-01T17:01:23.965Z
805679,805679,"Chicken Part, Wings",Deck Family Farm,1.50 - 2.00,11.37,65.74%,79%,18.84,20.35,8.0149%,None,10.77,11.63,,,Review,,526732,526732,1.75,,,No approved Square match,,18.84,20.35,Percentage (actual Local Line setting),"Common proposed price for existing customer lists, including SNAP; No approved Square match; Square price left blank",Yes,LL 2026-10-01T17:03:29.099Z; Square 2026-10-01T17:01:23.965Z
805658,805658,Chuck roast,Deck Family Farm,2.30 - 2.90 lbs,22.51,65.74%,79%,37.31,40.29,7.9871%,None,14.35,15.5,16,17.28,Review,,526711,526711,2.6,16,17.28,Per lb — confirmed Square unit,7JHSSGCRX4A6VQ5CHHLSB7J5,37.31,40.29,Percentage (actual Local Line setting),"Common proposed price for existing customer lists, including SNAP",Yes,LL 2026-10-01T17:03:29.099Z; Square 2026-10-01T17:01:23.965Z
805673,805673,"Cornish Roasting Chicken, Extra Large",Deck Family Farm,"Extra Large, 5.00 - 6.00 lbs",23.81,49.18%,61.11%,35.52,38.36,7.9955%,10% — retained,6.46,6.97,,,Review,,608372,608372,5.5,,,No approved Square match,,39.46,42.62,Percentage (actual Local Line setting),"Common proposed price for existing customer lists, including SNAP; Local calculation differs from Local Line; Retain active Local Line sale; local sale flag differs; No approved Square match; Square price left blank; The Local Line markup already includes the sale reduction. Do not discount the calculated package price again. Retain each list’s sale flag and scale its valid regular price by the selling-price change.",No,LL 2026-10-01T17:03:29.099Z; Square 2026-10-01T17:01:23.965Z
953035,953035,"Cornish Roasting Chicken, Large",Deck Family Farm,"Large, 4.21 - 4.99 lbs",21.16,49.15%,61.08%,31.56,34.08,7.9848%,10% — retained,6.86,7.41,,,Review,,710619,710619,4.6,,,No approved Square match,,35.07,37.87,Percentage (actual Local Line setting),"Common proposed price for existing customer lists, including SNAP; Local calculation differs from Local Line; Retain active Local Line sale; local sale flag differs; No approved Square match; Square price left blank; The Local Line markup already includes the sale reduction. Do not discount the calculated package price again. Retain each list’s sale flag and scale its valid regular price by the selling-price change.",No,LL 2026-10-01T17:03:29.099Z; Square 2026-10-01T17:01:23.965Z
953036,953036,"Cornish Roasting Chicken, Medium",Deck Family Farm,"Medium, 3.20 - 4.20 lbs",18.02,49.17%,61.1%,26.88,29.03,7.9985%,10% — retained,7.26,7.85,,,Review,,710620,710620,3.7,,,No approved Square match,,29.87,32.26,Percentage (actual Local Line setting),"Common proposed price for existing customer lists, including SNAP; No approved Square match; Square price left blank; The Local Line markup already includes the sale reduction. Do not discount the calculated package price again. Retain each list’s sale flag and scale its valid regular price by the selling-price change.",Yes,LL 2026-10-01T17:03:29.099Z; Square 2026-10-01T17:01:23.965Z
953039,953039,"Cornish Roasting Chicken, Small",Deck Family Farm,"Small, 2.50 - 3.19 lbs",14.63,49.15%,61.08%,21.82,23.57,8.0202%,10% — retained,7.67,8.28,,,Review,,710624,710624,2.845,,,No approved Square match,,24.25,26.19,Percentage (actual Local Line setting),"Common proposed price for existing customer lists, including SNAP; Local calculation differs from Local Line; Retain active Local Line sale; local sale flag differs; No approved Square match; Square price left blank; The Local Line markup already includes the sale reduction. Do not discount the calculated package price again. Retain each list’s sale flag and scale its valid regular price by the selling-price change.",No,LL 2026-10-01T17:03:29.099Z; Square 2026-10-01T17:01:23.965Z
813086,813086,"Country Sausage, Bulk",Deck Family Farm,12 oz,8.39,65.74%,79%,13.91,15.02,7.9799%,None,18.55,20.03,20.67,22.32,Review,,535117,535117,0.75,15.5,16.74,Per item — converted using mapped package weight,SM7UBX6YKK2EZJJFACUYR5P6,13.91,15.02,Percentage (actual Local Line setting),"Common proposed price for existing customer lists, including SNAP; Square per-pound comparison uses the mapped package weight; verify that weight.",Yes,LL 2026-10-01T17:03:29.099Z; Square 2026-10-01T17:01:23.965Z
1163732,1164545,CRX Drumsticks,Deck Family Farm,ea,8.12,65.74%,79%,13.46,14.53,7.9495%,None,10.77,11.62,,,Review,,1011358,1012456,1.25,,,No approved Square match,,13.46,14.53,Percentage (actual Local Line setting),"Common proposed price for existing customer lists, including SNAP; No approved Square match; Square price left blank",Yes,LL 2026-10-01T17:03:29.099Z; Square 2026-10-01T17:01:23.965Z
1163731,1164544,CRX Thighs,Deck Family Farm,1.00 - 1.50 lbs,8.12,65.74%,79%,13.46,14.53,7.9495%,None,10.77,11.62,,,Review,,1011357,1012455,1.25,,,No approved Square match,,13.46,14.53,Percentage (actual Local Line setting),"Common proposed price for existing customer lists, including SNAP; No approved Square match; Square price left blank",No,LL 2026-10-01T17:03:29.099Z; Square 2026-10-01T17:01:23.965Z
813074,813074,Flank Steak,Deck Family Farm,1.10 - 1.40 lbs,17.59,65.74%,79%,29.15,31.49,8.0274%,None,23.32,25.19,26,28.08,Review,,535104,535104,1.25,26,28.08,Per lb — confirmed Square unit,CH2P36B35NEX5GQB24N6TQ6Y,29.15,31.49,Percentage (actual Local Line setting),"Common proposed price for existing customer lists, including SNAP",No,LL 2026-10-01T17:03:29.099Z; Square 2026-10-01T17:01:23.965Z
805686,805686,Fresh Garlic Sausage Links,Deck Family Farm,12 oz,10.55,65.74%,79%,17.49,18.88,7.9474%,None,23.32,25.17,,,Review,,526739,526739,0.75,,,No approved Square match,,17.49,18.88,Percentage (actual Local Line setting),"Common proposed price for existing customer lists, including SNAP; No approved Square match; Square price left blank",Yes,LL 2026-10-01T17:03:29.099Z; Square 2026-10-01T17:01:23.965Z
813092,813092,Ground Lamb,Deck Family Farm,1.00 lbs,9.2,65.74%,79%,15.25,16.47,8%,None,15.25,16.47,17,18.36,Review,,535123,535123,1,17,18.36,Per lb — local retail unit (Square unit unset),I4326UJUHXDELAFK7M2BZ4Z6,15.25,16.47,Percentage (actual Local Line setting),"Common proposed price for existing customer lists, including SNAP; Square pound basis inferred from local retail unit; Square measurement unit is unset.",No,LL 2026-10-01T17:03:29.099Z; Square 2026-10-01T17:01:23.965Z
805691,805691,Ground Pork,Deck Family Farm,1.00 lbs,6.49,32.67%,43.28%,8.61,9.3,8.0139%,20% — retained,8.61,9.3,9.6,10.37,Review,,526744,526744,1,9.6,10.37,Per lb — local retail unit (Square unit unset),ATTBVR3RYMNJXCOHHWZ7LUE7,10.76,11.62,Percentage (actual Local Line setting),"Common proposed price for existing customer lists, including SNAP; The Local Line markup already includes the sale reduction. Do not discount the calculated package price again. Retain each list’s sale flag and scale its valid regular price by the selling-price change.; Square pound basis inferred from local retail unit; Square measurement unit is unset.",Yes,LL 2026-10-01T17:03:29.099Z; Square 2026-10-01T17:01:23.965Z
805664,805664,Hamburger Patties,Deck Family Farm,1.00 lbs,8.39,65.74%,79%,13.91,15.02,7.9799%,None,13.91,15.02,15.5,16.74,Review,,526717,526717,1,15.5,16.74,Per lb — local retail unit (Square unit unset),T5CTPJKL4O3BTPFAD4IEBOYY,13.91,15.02,Percentage (actual Local Line setting),"Common proposed price for existing customer lists, including SNAP; Square pound basis inferred from local retail unit; Square measurement unit is unset.",No,LL 2026-10-01T17:03:29.099Z; Square 2026-10-01T17:01:23.965Z
825830,825830,Hanger Steak,Deck Family Farm,0.40 - 0.70 lbs,7.74,65.74%,79%,12.83,13.85,7.9501%,None,23.33,25.18,26,28.08,Review,,568280,568280,0.55,26,28.08,Per lb — confirmed Square unit,U2RS4TBUI2S7DJ6NO2O665TI,12.83,13.85,Percentage (actual Local Line setting),"Common proposed price for existing customer lists, including SNAP",No,LL 2026-10-01T17:03:29.099Z; Square 2026-10-01T17:01:23.965Z
1008414,1008414,"Heritage Thanksgiving Turkey, Small",Deck Family Farm,9 - 12  lbs,56.83,65.7399%,79%,94.19,101.73,8.0051%,None,8.97,9.69,,,Review,,789843,789843,10.5,,,No approved Square match,,94.19,101.73,Fixed price $94.19; equivalent % shown,"Common proposed price for existing customer lists, including SNAP; No approved Square match; Square price left blank; Current percentage is equivalent, not a stored percentage setting; review conversion from the existing dollar adjustment.",Yes,LL 2026-10-01T17:03:29.099Z; Square 2026-10-01T17:01:23.965Z
816472,816472,"Heritage Turkeys, Large",Deck Family Farm,14.01 - 16.00  lbs,75.77,65.7384%,79%,125.58,135.63,8.0029%,None,8.37,9.04,,,Review,,538956,538956,15.005,,,No approved Square match,,125.58,135.63,Fixed price $125.58; equivalent % shown,"Common proposed price for existing customer lists, including SNAP; No approved Square match; Square price left blank; Current percentage is equivalent, not a stored percentage setting; review conversion from the existing dollar adjustment.",No,LL 2026-10-01T17:03:29.099Z; Square 2026-10-01T17:01:23.965Z
910776,910776,"Heritage Turkeys, Medium",Deck Family Farm,12.01 - 14.00 lbs,67.65,65.7354%,78.99%,112.12,121.09,8.0004%,None,8.62,9.31,,,Review,,655864,655864,13.005,,,No approved Square match,,112.12,121.09,Fixed price $112.12; equivalent % shown,"Common proposed price for existing customer lists, including SNAP; No approved Square match; Square price left blank; Current percentage is equivalent, not a stored percentage setting; review conversion from the existing dollar adjustment.",Yes,LL 2026-10-01T17:03:29.099Z; Square 2026-10-01T17:01:23.965Z
921372,921372,"Honey Maple Ham, Ends & Pieces",Deck Family Farm,8 oz,7.8,38%,49.04%,10.76,11.63,8.0855%,None,,,,,Review,,667825,667825,,,,No approved Square match,,10.76,11.63,Percentage (actual Local Line setting),"Common proposed price for existing customer lists, including SNAP; Current list prices range $10.76–$12.01; baseline is Herd Share Members; Local calculation differs from Local Line; No approved Square match; Square price left blank",No,LL 2026-10-01T17:03:29.099Z; Square 2026-10-01T17:01:23.965Z
805693,805693,"Honey Maple Ham, Sliced",Deck Family Farm,8 oz,10.55,65.74%,79%,17.49,18.88,7.9474%,None,,,,,Review,,526746,526746,,,,No approved Square match,,17.49,18.88,Percentage (actual Local Line setting),"Common proposed price for existing customer lists, including SNAP; No approved Square match; Square price left blank",No,LL 2026-10-01T17:03:29.099Z; Square 2026-10-01T17:01:23.965Z
806151,806151,"Honey, Bulk Raw",Deck Family Farm,4 gallon,245,65.74%,79%,406.06,438.55,8.0013%,None,,,,,Review,,527216,527216,,,,No approved Square match,,406.06,438.55,Percentage (actual Local Line setting),"Common proposed price for existing customer lists, including SNAP; No approved Square match; Square price left blank",Yes,LL 2026-10-01T17:03:29.099Z; Square 2026-10-01T17:01:23.965Z
805701,805701,Korean Style Beef Ribs,Deck Family Farm,1.20 - 1.40 lbs,13.72,65.74%,79%,22.74,24.56,8.0035%,None,17.49,18.89,19.5,21.06,Review,,526754,526754,1.3,19.5,21.06,Per lb — confirmed Square unit,MVFD66GNBFVK6CV4WF46J4JY,22.74,24.56,Percentage (actual Local Line setting),"Common proposed price for existing customer lists, including SNAP",No,LL 2026-10-01T17:03:29.099Z; Square 2026-10-01T17:01:23.965Z
825835,825835,Lamb Bones,Deck Family Farm,3.00 - 5.00 lbs,5.41,65.74%,79%,8.97,9.68,7.9153%,None,2.24,2.42,2.5,2.7,Review,,549814,549814,4,2.5,2.7,Per lb — local retail unit (Square unit unset),GLJBCAFOB4EJTMLFCS5WRPTN,8.97,9.68,Percentage (actual Local Line setting),"Common proposed price for existing customer lists, including SNAP; Square pound basis inferred from local retail unit; Square measurement unit is unset.",No,LL 2026-10-01T17:03:29.099Z; Square 2026-10-01T17:01:23.965Z
922133,922133,"Lamb Chops, 2 pack",Deck Family Farm,"2 pack, 0.70 - 1.10 lbs",10.23,65.74%,79%,16.96,18.31,7.9599%,None,18.84,20.34,21,22.68,Review,,669028,669028,0.9,21,22.68,Per lb — confirmed Square unit,SBF426S4VJ72E7QUX6ORWUAU,16.96,18.31,Percentage (actual Local Line setting),"Common proposed price for existing customer lists, including SNAP",Yes,LL 2026-10-01T17:03:29.099Z; Square 2026-10-01T17:01:23.965Z
913064,913064,"Lamb Chops, 4 pack",Deck Family Farm,"4 pack, 1.1 - 1.50 lbs",19.89,49.17%,61.1%,29.67,32.04,7.9879%,10% — retained,16.95,18.31,,,Review,,658487,658487,1.75,,,No approved Square match,,32.97,35.6,Percentage (actual Local Line setting),"Common proposed price for existing customer lists, including SNAP; Local calculation differs from Local Line; Retain active Local Line sale; local sale flag differs; No approved Square match; Square price left blank; The Local Line markup already includes the sale reduction. Do not discount the calculated package price again. Retain each list’s sale flag and scale its valid regular price by the selling-price change.",No,LL 2026-10-01T17:03:29.099Z; Square 2026-10-01T17:01:23.965Z
882704,882704,Lamb Garlic Sausage,Deck Family Farm,12 oz,11.64,65.74%,79%,19.29,20.84,8.0353%,None,25.72,27.79,,,Review,,619456,619456,0.75,,,No approved Square match,,19.29,20.84,Percentage (actual Local Line setting),"Common proposed price for existing customer lists, including SNAP; No approved Square match; Square price left blank",No,LL 2026-10-01T17:03:29.099Z; Square 2026-10-01T17:01:23.965Z
939774,939774,Lamb Heart,Deck Family Farm,"2 pack, 0.8 - 1.1 lbs",4.88,65.74%,79%,8.09,8.74,8.0346%,None,8.52,9.2,9.5,10.26,Review,,693441,693441,0.95,9.5,10.26,Per lb — confirmed Square unit,RKGYVDNZTZAFRMSTU24YL4KU,8.09,8.74,Percentage (actual Local Line setting),"Common proposed price for existing customer lists, including SNAP",No,LL 2026-10-01T17:03:29.099Z; Square 2026-10-01T17:01:23.965Z
825839,825839,Lamb Kabob,Deck Family Farm,1.1 - 1.35,14.25,65.74%,79%,23.62,25.51,8.0017%,None,19.28,20.82,21.5,23.22,Review,,549818,549818,1.225,21.5,23.22,Per lb — confirmed Square unit,3XPZAKU4J3TIKCYIMUP43TWZ,23.62,25.51,Percentage (actual Local Line setting),"Common proposed price for existing customer lists, including SNAP",No,LL 2026-10-01T17:03:29.099Z; Square 2026-10-01T17:01:23.965Z
805703,805703,Lamb Neck Slices,Deck Family Farm,1.10 - 1.50 lbs,10.91,65.74%,79%,18.08,19.53,8.0199%,None,13.91,15.02,21.5,23.22,Review,,526756,526756,1.3,21.5,23.22,Per lb — confirmed Square unit,TZTMDSMJTAGOJCQF46SKBXMR,18.08,19.53,Percentage (actual Local Line setting),"Common proposed price for existing customer lists, including SNAP",No,LL 2026-10-01T17:03:29.099Z; Square 2026-10-01T17:01:23.965Z
825840,825840,Lamb Shank Osso Buco,Deck Family Farm,1.10 - 1.40 lbs,9.47,65.74%,79%,15.7,16.95,7.9618%,None,12.56,13.56,14,15.12,Review,,549819,549819,1.25,14,15.12,Per lb — confirmed Square unit,HKPTHCXRUEDJY6C2VGFXW3GJ,15.7,16.95,Percentage (actual Local Line setting),"Common proposed price for existing customer lists, including SNAP",No,LL 2026-10-01T17:03:29.099Z; Square 2026-10-01T17:01:23.965Z
805710,805710,"Lamb Shank, Whole",Deck Family Farm,2.00 - 2.50 lbs,14.61,65.74%,79%,24.21,26.15,8.0132%,None,10.76,11.62,12,12.96,Review,,526763,526763,2.25,12,12.96,Per lb — confirmed Square unit,B3RFRXZ5A7OE2QMW7HARI2KP,24.21,26.15,Percentage (actual Local Line setting),"Common proposed price for existing customer lists, including SNAP",No,LL 2026-10-01T17:03:29.099Z; Square 2026-10-01T17:01:23.965Z
805711,805711,Lamb Shoulder Roast,Deck Family Farm,2.30 - 2.70 lbs,27.06,65.74%,79%,44.85,48.44,8.0045%,None,17.94,19.38,20,21.6,Review,,526764,526764,2.5,20,21.6,Per lb — confirmed Square unit,7GPYF465GTEEMVHTQLHJIN2Q,44.85,48.44,Percentage (actual Local Line setting),"Common proposed price for existing customer lists, including SNAP",Yes,LL 2026-10-01T17:03:29.099Z; Square 2026-10-01T17:01:23.965Z
805712,805712,Lamb Stew,Deck Family Farm,0.90 - 1.10 lbs,11.64,65.74%,79%,19.29,20.84,8.0353%,None,19.29,20.84,21.5,23.22,Review,,526765,526765,1,21.5,23.22,Per lb — confirmed Square unit,UXP7TNX3XOY2T2HG5MWDTU5A,19.29,20.84,Percentage (actual Local Line setting),"Common proposed price for existing customer lists, including SNAP",No,LL 2026-10-01T17:03:29.099Z; Square 2026-10-01T17:01:23.965Z
963826,963826,Lamb Sundried Tomato Basil Sausage,Deck Family Farm,12 oz,11.64,65.74%,79%,19.29,20.84,8.0353%,None,25.72,27.79,28.67,30.96,Review,,724882,724882,0.75,21.5,23.22,Per item — converted using mapped package weight,PCIAN5L2GXDTCDITJYCQPL3S,19.29,20.84,Percentage (actual Local Line setting),"Common proposed price for existing customer lists, including SNAP; Square per-pound comparison uses the mapped package weight; verify that weight.",Yes,LL 2026-10-01T17:03:29.099Z; Square 2026-10-01T17:01:23.965Z
805713,805713,"Landjaeger Jerky, 3 pack",Deck Family Farm,3 oz,8.93,65.74%,79%,14.8,15.98,7.973%,None,78.93,85.23,88,95.04,Review,,526766,526766,0.1875,16.5,17.82,Per item — converted using mapped package weight,TEZ2TYOGPELCZV5Z76SLIUQO,14.8,15.98,Percentage (actual Local Line setting),"Common proposed price for existing customer lists, including SNAP; Square per-pound comparison uses the mapped package weight; verify that weight.",Yes,LL 2026-10-01T17:03:29.099Z; Square 2026-10-01T17:01:23.965Z
805688,805688,Natural Ground Beef,Deck Family Farm,1 lbs,6.49,65.74%,79%,10.76,11.62,7.9926%,None,10.76,11.62,12,12.96,Review,,526741,526741,1,12,12.96,Per lb — local retail unit (Square unit unset),ZJ5C7CRZQNREBLA2VWZU733H,10.76,11.62,Percentage (actual Local Line setting),"Common proposed price for existing customer lists, including SNAP; Square pound basis inferred from local retail unit; Square measurement unit is unset.",Yes,LL 2026-10-01T17:03:29.099Z; Square 2026-10-01T17:01:23.965Z
805716,805716,New York Steak,Deck Family Farm,0.50 - 0.90 lbs,14.02,65.74%,79%,23.24,25.1,8.0034%,None,33.2,35.86,37,39.96,Review,,526769,526769,0.7,37,39.96,Per lb — confirmed Square unit,DR6FL7HZECDHPLKVARMFC5ZP,23.24,25.1,Percentage (actual Local Line setting),"Common proposed price for existing customer lists, including SNAP",Yes,LL 2026-10-01T17:03:29.099Z; Square 2026-10-01T17:01:23.965Z
1131922,1132533,Old World Style Hot Dogs,Deck Family Farm,ea,10.55,65.782%,79.04%,17.49,18.89,8.0046%,None,,,,,Review,,966337,967227,,,,No approved Square match,,17.49,18.89,Dollar add-on $6.94; equivalent % shown,"Common proposed price for existing customer lists, including SNAP; No approved Square match; Square price left blank; Current percentage is equivalent, not a stored percentage setting; review conversion from the existing dollar adjustment.",Yes,LL 2026-10-01T17:03:29.099Z; Square 2026-10-01T17:01:23.965Z
827440,827440,Olympia Provisions Frankfurter,Deck Family Farm,12 oz,10.82,65.74%,79%,17.93,19.37,8.0312%,None,23.91,25.83,26.67,28.8,Review,,551690,551690,0.75,20,21.6,Per item — converted using mapped package weight,VMFVU6NDPXNNERM3NDFILLLQ,17.93,19.37,Percentage (actual Local Line setting),"Common proposed price for existing customer lists, including SNAP; Square per-pound comparison uses the mapped package weight; verify that weight.",No,LL 2026-10-01T17:03:29.099Z; Square 2026-10-01T17:01:23.965Z
901753,901753,Olympia Provisions Saucisson D'Arles Salami,Deck Family Farm,4.5 oz,8.12,65.74%,79%,13.46,14.53,7.9495%,None,47.86,51.66,53.33,57.6,Review,,644080,644080,0.28125,15,16.2,Per item — converted using mapped package weight,JRXWL5BZVA7NYHYPW3CF7KDE,13.46,14.53,Percentage (actual Local Line setting),"Common proposed price for existing customer lists, including SNAP; Square per-pound comparison uses the mapped package weight; verify that weight.",Yes,LL 2026-10-01T17:03:29.099Z; Square 2026-10-01T17:01:23.965Z
859028,859028,"Olympia Provisions, Dog Treats",Deck Family Farm,5 oz,9.74,65.74%,79%,16.14,17.43,7.9926%,None,51.65,55.78,57.6,62.21,Review,,588612,588612,0.3125,18,19.44,Per item — converted using mapped package weight,7ONA7WTZJVR2U67PQAQ3GHDS,16.14,17.43,Percentage (actual Local Line setting),"Common proposed price for existing customer lists, including SNAP; Square per-pound comparison uses the mapped package weight; verify that weight.",Yes,LL 2026-10-01T17:03:29.099Z; Square 2026-10-01T17:01:23.965Z
805675,805675,"Olympia Provisions, Rosette D'Oregon Salami",Deck Family Farm,4.5 oz,10.82,65.74%,79%,17.93,19.37,8.0312%,None,63.75,68.87,71.11,76.8,Review,,526728,526728,0.28125,20,21.6,Per item — converted using mapped package weight,TFCA4G67CDKQ7QANG6E2EUYG,17.93,19.37,Percentage (actual Local Line setting),"Common proposed price for existing customer lists, including SNAP; Square per-pound comparison uses the mapped package weight; verify that weight.",No,LL 2026-10-01T17:03:29.099Z; Square 2026-10-01T17:01:23.965Z
805689,805689,Organic Ground Beef,Deck Family Farm,1 lbs,7.58,65.74%,79%,12.56,13.57,8.0414%,None,12.56,13.57,14,15.12,Review,,526742,526742,1,14,15.12,Per lb — local retail unit (Square unit unset),6DJNVCZ3SEZG7PYWKJED3HZJ,12.56,13.57,Percentage (actual Local Line setting),"Common proposed price for existing customer lists, including SNAP; Square pound basis inferred from local retail unit; Square measurement unit is unset.",Yes,LL 2026-10-01T17:03:29.099Z; Square 2026-10-01T17:01:23.965Z
941005,941005,"Organic Pasture Raised Chicken Eggs, 1 dozen",Deck Family Farm,1 dozen,6.49,65.7935%,79.06%,10.76,11.62,7.9926%,None,,,,,Review,,695001,695001,,12,12.96,Per item / package; no lb equivalent,C4BHMDGUH33BFC5C7DTOMRN2,10.76,11.62,Dollar add-on $4.27; equivalent % shown,"Common proposed price for existing customer lists, including SNAP; Current percentage is equivalent, not a stored percentage setting; review conversion from the existing dollar adjustment.",Yes,LL 2026-10-01T17:03:29.099Z; Square 2026-10-01T17:01:23.965Z
805459,805459,"Organic Pasture Raised Chicken Eggs, 1/2 dozen",Deck Family Farm,1/2 dozen,3.79,65.6992%,78.96%,6.28,6.78,7.9618%,None,,,,,Review,,600222,600222,,7,7.56,Per item / package; no lb equivalent,WMQYKADWBE26JTN7VMEISO5L,6.28,6.78,Dollar add-on $2.49; equivalent % shown,"Common proposed price for existing customer lists, including SNAP; Current percentage is equivalent, not a stored percentage setting; review conversion from the existing dollar adjustment.",Yes,LL 2026-10-01T17:03:29.099Z; Square 2026-10-01T17:01:23.965Z
921373,921373,"Pastrami, Ends & Pieces",Deck Family Farm,8 oz,7.8,65.74%,79%,12.93,13.96,7.966%,None,25.86,27.92,,,Review,,667826,667826,0.5,,,No approved Square match,,12.93,13.96,Percentage (actual Local Line setting),"Common proposed price for existing customer lists, including SNAP; No approved Square match; Square price left blank",No,LL 2026-10-01T17:03:29.099Z; Square 2026-10-01T17:01:23.965Z
805719,805719,"Pastrami, Sliced",Deck Family Farm,8 oz,10.82,65.74%,79%,17.93,19.37,8.0312%,None,35.86,38.74,40,43.2,Review,,526772,526772,0.5,20,21.6,Per item — converted using mapped package weight,HGB7UEJ7Z7FWXTD33M6L3J2Z,17.93,19.37,Percentage (actual Local Line setting),"Common proposed price for existing customer lists, including SNAP; Square per-pound comparison uses the mapped package weight; verify that weight.",Yes,LL 2026-10-01T17:03:29.099Z; Square 2026-10-01T17:01:23.965Z
805720,805720,Peppered Knife Cut Beef Jerky,Deck Family Farm,3 oz,9.74,65.74%,79%,16.14,17.43,7.9926%,None,86.08,92.96,96,103.68,Review,,526773,526773,0.1875,18,19.44,Per item — converted using mapped package weight,567FGAI43XNCIV55IV2AJWSD,16.14,17.43,Percentage (actual Local Line setting),"Common proposed price for existing customer lists, including SNAP; Square per-pound comparison uses the mapped package weight; verify that weight.",Yes,LL 2026-10-01T17:03:29.099Z; Square 2026-10-01T17:01:23.965Z
805721,805721,Pepperoni stick,Deck Family Farm,6 oz,10.82,65.74%,79%,17.93,19.37,8.0312%,None,47.81,51.65,5.33,5.76,Review,,526775,526775,0.375,2,2.16,Per item — converted using mapped package weight,YZYUYQR4AIXIY3KRKGCSBKBA,17.93,19.37,Percentage (actual Local Line setting),"Common proposed price for existing customer lists, including SNAP; Square per-pound comparison uses the mapped package weight; verify that weight.",No,LL 2026-10-01T17:03:29.099Z; Square 2026-10-01T17:01:23.965Z
813080,813080,"Pet Food, Organ Blend",Deck Family Farm,1.00 lbs,6.49,65.74%,79%,10.76,11.62,7.9926%,None,10.76,11.62,12,12.96,Review,,535111,535111,1,12,12.96,Per lb — local retail unit (Square unit unset),U3KGBMTUXU63EPJN6A2CITXP,10.76,11.62,Percentage (actual Local Line setting),"Common proposed price for existing customer lists, including SNAP; Square pound basis inferred from local retail unit; Square measurement unit is unset.",Yes,LL 2026-10-01T17:03:29.099Z; Square 2026-10-01T17:01:23.965Z
805682,805682,Polish Kielbasa,Deck Family Farm,12 oz,10.55,65.74%,79%,17.49,18.88,7.9474%,None,23.32,25.17,26,28.08,Review,,526735,526735,0.75,19.5,21.06,Per item — converted using mapped package weight,HHOQSQYLPYEQC43R7E77SDNR,17.49,18.88,Percentage (actual Local Line setting),"Common proposed price for existing customer lists, including SNAP; Square per-pound comparison uses the mapped package weight; verify that weight.",No,LL 2026-10-01T17:03:29.099Z; Square 2026-10-01T17:01:23.965Z
813078,813078,Pork Bones,Deck Family Farm,3.00 - 5.00 lbs,5.41,65.74%,79%,8.97,9.68,7.9153%,None,2.24,2.42,2.5,2.7,Review,,535108,535108,4,2.5,2.7,Per lb — local retail unit (Square unit unset),4Q3SG46WA27GRXGSATR4ZWCY,8.97,9.68,Percentage (actual Local Line setting),"Common proposed price for existing customer lists, including SNAP; Square pound basis inferred from local retail unit; Square measurement unit is unset.",Yes,LL 2026-10-01T17:03:29.099Z; Square 2026-10-01T17:01:23.965Z
805652,805652,"Pork Chop, Bone-in",Deck Family Farm,1.20 - 1.50 lbs,11.69,65.74%,79%,19.38,20.93,7.9979%,None,14.36,15.5,,,Review,,526705,526705,1.35,,,No approved Square match,,19.38,20.93,Percentage (actual Local Line setting),"Common proposed price for existing customer lists, including SNAP; No approved Square match; Square price left blank",No,LL 2026-10-01T17:03:29.099Z; Square 2026-10-01T17:01:23.965Z
832792,832792,"Pork Chop, Boneless",Deck Family Farm,1.20 - 1.50 lbs,13.15,65.74%,79%,21.79,23.54,8.0312%,None,16.14,17.44,,,Review,,558509,558509,1.35,,,No approved Square match,,21.79,23.54,Percentage (actual Local Line setting),"Common proposed price for existing customer lists, including SNAP; No approved Square match; Square price left blank",Yes,LL 2026-10-01T17:03:29.099Z; Square 2026-10-01T17:01:23.965Z
861798,861798,Pork Shank,Deck Family Farm,2.40 - 3.10 lbs,25.3,65.74%,79%,41.93,45.29,8.0134%,None,15.25,16.47,17,18.36,Review,,591682,591682,2.75,17,18.36,Per lb — confirmed Square unit,U6KFVHFNWEC2MTLAJWRHOVMW,41.93,45.29,Percentage (actual Local Line setting),"Common proposed price for existing customer lists, including SNAP",Yes,LL 2026-10-01T17:03:29.099Z; Square 2026-10-01T17:01:23.965Z
940995,940995,"Pork Shoulder Roast, Large",Deck Family Farm,"Large, 2.80 - 3.50 lbs",30.69,65.74%,79%,50.87,54.94,8.0008%,None,16.15,17.44,18,19.44,Review,,694991,694991,3.15,18,19.44,Per lb — confirmed Square unit,NCEKYJ2A7WLQT7NM6CQLV6SV,50.87,54.94,Percentage (actual Local Line setting),"Common proposed price for existing customer lists, including SNAP",Yes,LL 2026-10-01T17:03:29.099Z; Square 2026-10-01T17:01:23.965Z
805654,805654,"Pork Shoulder Roast, Small",Deck Family Farm,"Small, 2.00 - 2.79 lbs",23.33,65.74%,79%,38.67,41.76,7.9907%,None,16.15,17.44,,,Review,,526707,526707,2.395,,,No approved Square match,,38.67,41.76,Percentage (actual Local Line setting),"Common proposed price for existing customer lists, including SNAP; No approved Square match; Square price left blank",Yes,LL 2026-10-01T17:03:29.099Z; Square 2026-10-01T17:01:23.965Z
816241,816241,Pork Spare Ribs,Deck Family Farm,2.00 - 3.00 lbs,19.62,65.74%,79%,32.52,35.12,7.9951%,None,13.01,14.05,14.5,15.66,Review,,538685,538685,2.5,14.5,15.66,Per lb — confirmed Square unit,CA2YUN42QQ223DUUVGBVMR3G,32.52,35.12,Percentage (actual Local Line setting),"Common proposed price for existing customer lists, including SNAP",Yes,LL 2026-10-01T17:03:29.099Z; Square 2026-10-01T17:01:23.965Z
816246,816246,Pork Tenderloin,Deck Family Farm,0.80 - 1.30 lbs,8.24,65.74%,79%,13.66,14.75,7.9795%,None,13.01,14.05,14.5,15.66,Review,,590546,590546,1.05,14.5,15.66,Per lb — confirmed Square unit,UH3V2ZZSJBNSILFQ3OSCEFPU,13.66,14.75,Percentage (actual Local Line setting),"Common proposed price for existing customer lists, including SNAP",No,LL 2026-10-01T17:03:29.099Z; Square 2026-10-01T17:01:23.965Z
805659,805659,Rack of Lamb,Deck Family Farm,2.50 - 3.10 lbs,32.58,65.74%,79%,54,58.32,8%,None,19.29,20.83,21.5,23.22,Review,,526712,526712,2.8,21.5,23.22,Per lb — confirmed Square unit,LBER4XSN4A4IEU5ERQNX6ZUE,54,58.32,Percentage (actual Local Line setting),"Common proposed price for existing customer lists, including SNAP",No,LL 2026-10-01T17:03:29.099Z; Square 2026-10-01T17:01:23.965Z
806161,806161,"Raw Honey, 1 pint",Deck Family Farm,1 pint,14.07,65.74%,79%,23.32,25.19,8.0189%,None,,,,,Review,,527228,527228,,26,28.08,Per item / package; no lb equivalent,VBA7QNBQN4DAJEBMIWY5BZ4I,23.32,25.19,Percentage (actual Local Line setting),"Common proposed price for existing customer lists, including SNAP",Yes,LL 2026-10-01T17:03:29.099Z; Square 2026-10-01T17:01:23.965Z
941000,941000,"Raw Honey, 1 quart",Deck Family Farm,1 quart,25.71,65.74%,79%,42.61,46.02,8.0028%,None,,,,,Review,,694996,694996,,47.5,51.3,Per item / package; no lb equivalent,WJG7GD5EUZ67ATJWK7QEQCAV,42.61,46.02,Percentage (actual Local Line setting),"Common proposed price for existing customer lists, including SNAP",Yes,LL 2026-10-01T17:03:29.099Z; Square 2026-10-01T17:01:23.965Z
940998,940998,"Raw Honey, 1/2 pint",Deck Family Farm,1/2 pint,9.2,65.74%,79%,15.25,16.47,8%,None,,,,,Review,,694994,694994,,17,18.36,Per item / package; no lb equivalent,5L6WZFWO6HESVITXZYJELIQJ,15.25,16.47,Percentage (actual Local Line setting),"Common proposed price for existing customer lists, including SNAP",Yes,LL 2026-10-01T17:03:29.099Z; Square 2026-10-01T17:01:23.965Z
806159,806159,"Raw Walnuts, 1 lb",Deck Family Farm,1 lb,13.53,65.74%,79%,22.42,24.22,8.0285%,None,22.42,24.22,,,Review,,527225,527225,1,,,No approved Square match,,22.42,24.22,Percentage (actual Local Line setting),"Common proposed price for existing customer lists, including SNAP; No approved Square match; Square price left blank",No,LL 2026-10-01T17:03:29.099Z; Square 2026-10-01T17:01:23.965Z
940994,940994,"Raw Walnuts, 1/2 lb",Deck Family Farm,1/2 lb,7.58,65.74%,79%,12.56,13.57,8.0414%,None,25.12,27.14,28,30.24,Review,,694990,694990,0.5,14,15.12,Per item — converted using mapped package weight,ISXY3B7BIMVUUMYLEDGMEOX5,12.56,13.57,Percentage (actual Local Line setting),"Common proposed price for existing customer lists, including SNAP; Square per-pound comparison uses the mapped package weight; verify that weight.",No,LL 2026-10-01T17:03:29.099Z; Square 2026-10-01T17:01:23.965Z
1004600,1004600,"Red Ranger Roasting Chicken, Large",Deck Family Farm,"Large, 5.01 - 5.70 lbs",28.98,65.74%,79%,48.03,51.87,7.995%,None,8.97,9.69,10,10.8,Review,,784656,784656,5.355,10,10.8,Per lb — confirmed Square unit,4BSDTHCNQU27C42FET6ITBH2,48.03,51.87,Percentage (actual Local Line setting),"Common proposed price for existing customer lists, including SNAP",No,LL 2026-10-01T17:03:29.099Z; Square 2026-10-01T17:01:23.965Z
1004599,1004599,"Red Ranger Roasting Chicken, Medium",Deck Family Farm,"Medium, 4.01 - 5.00 lbs",24.38,65.74%,79%,40.41,43.64,7.9931%,None,8.97,9.69,,,Review,,784655,784655,4.505,,,No approved Square match,,40.41,43.64,Percentage (actual Local Line setting),"Common proposed price for existing customer lists, including SNAP; No approved Square match; Square price left blank",Yes,LL 2026-10-01T17:03:29.099Z; Square 2026-10-01T17:01:23.965Z
805661,805661,"Red Ranger Roasting Chicken, Small",Deck Family Farm,"Small, 3.00 - 4.00 lbs",18.94,65.74%,79%,31.39,33.9,7.9962%,None,8.97,9.69,,,Review,,642346,642346,3.5,,,No approved Square match,,31.39,33.9,Percentage (actual Local Line setting),"Common proposed price for existing customer lists, including SNAP; No approved Square match; Square price left blank",Yes,LL 2026-10-01T17:03:29.099Z; Square 2026-10-01T17:01:23.965Z
805668,805668,Ribeye Steak,Deck Family Farm,0.80 - 1.10 lbs,20.82,65.74%,79%,34.51,37.27,7.9977%,None,36.33,39.23,40.5,43.74,Review,,526721,526721,0.95,40.5,43.74,Per lb — confirmed Square unit,XNUP7RT3X5TIKGXT6Z76HU2H,34.51,37.27,Percentage (actual Local Line setting),"Common proposed price for existing customer lists, including SNAP",Yes,LL 2026-10-01T17:03:29.099Z; Square 2026-10-01T17:01:23.965Z
921374,921374,"Roast Beef, Ends & Pieces",Deck Family Farm,8 oz,7.8,38%,49.04%,10.76,11.63,8.0855%,None,21.52,23.26,,,Review,,667827,667827,0.5,,,No approved Square match,,10.76,11.63,Percentage (actual Local Line setting),"Common proposed price for existing customer lists, including SNAP; Current list prices range $10.76–$12.01; baseline is Herd Share Members; Local calculation differs from Local Line; No approved Square match; Square price left blank",No,LL 2026-10-01T17:03:29.099Z; Square 2026-10-01T17:01:23.965Z
805670,805670,"Roast Beef, Sliced",Deck Family Farm,8 oz,10.82,65.74%,79%,17.93,19.37,8.0312%,None,35.86,38.74,40,43.2,Review,,526723,526723,0.5,20,21.6,Per item — converted using mapped package weight,NXIETAVWPT7OOSV3NRW2P5N2,17.93,19.37,Percentage (actual Local Line setting),"Common proposed price for existing customer lists, including SNAP; Square per-pound comparison uses the mapped package weight; verify that weight.",No,LL 2026-10-01T17:03:29.099Z; Square 2026-10-01T17:01:23.965Z
805678,805678,Sage & Sea Salt Sausage,Deck Family Farm,8 oz,8.93,49.16%,61.09%,13.32,14.39,8.033%,10% — retained,26.64,28.78,27.7,29.92,Review,,526731,526731,0.5,13.85,14.96,Per item — converted using mapped package weight,22VTXVWPWRUOGSAMRP3FBFSD,14.8,15.99,Percentage (actual Local Line setting),"Common proposed price for existing customer lists, including SNAP; The Local Line markup already includes the sale reduction. Do not discount the calculated package price again. Retain each list’s sale flag and scale its valid regular price by the selling-price change.; Square per-pound comparison uses the mapped package weight; verify that weight.",Yes,LL 2026-10-01T17:03:29.099Z; Square 2026-10-01T17:01:23.965Z
929452,929452,"Skirt Steak, Large",Deck Family Farm,"Large, .80 - 1.20 lbs",14.07,65.74%,79%,23.32,25.19,8.0189%,None,23.32,25.19,26,28.08,Review,,677939,677939,1,26,28.08,Per lb — confirmed Square unit,TVIOJDKULJFKZ7DC75ADRLML,23.32,25.19,Percentage (actual Local Line setting),"Common proposed price for existing customer lists, including SNAP",No,LL 2026-10-01T17:03:29.099Z; Square 2026-10-01T17:01:23.965Z
894282,894282,"Skirt Steak, Small",Deck Family Farm,"Small, 0.40 - 0.79 lbs",8.37,65.74%,79%,13.87,14.98,8.0029%,None,23.31,25.18,,,Review,,634545,634545,0.595,,,No approved Square match,,13.87,14.98,Percentage (actual Local Line setting),"Common proposed price for existing customer lists, including SNAP; No approved Square match; Square price left blank",Yes,LL 2026-10-01T17:03:29.099Z; Square 2026-10-01T17:01:23.965Z
995135,995135,Small Organic Pasture Raised Chicken Eggs,Deck Family Farm,1 dozen,5.41,65.74%,79%,8.97,9.68,7.9153%,None,,,,,Review,,769257,769257,,,,No approved Square match,,8.97,9.68,Percentage (actual Local Line setting),"Common proposed price for existing customer lists, including SNAP; No approved Square match; Square price left blank",No,LL 2026-10-01T17:03:29.099Z; Square 2026-10-01T17:01:23.965Z
1013987,1013987,Smoked Pork Hocks -Skin-on and Smoked,Deck Family Farm,0.8 - 1.2 lbs,8.93,65.74%,79%,14.8,15.98,7.973%,None,14.8,15.98,,,Review,,798011,798011,1,,,No approved Square match,,14.8,15.98,Percentage (actual Local Line setting),"Common proposed price for existing customer lists, including SNAP; No approved Square match; Square price left blank",Yes,LL 2026-10-01T17:03:29.099Z; Square 2026-10-01T17:01:23.965Z
1013988,1013988,Smoked Pork Shanks - Skin-on and Smoked,Deck Family Farm,2 - 2.5 lbs,8.93,65.74%,79%,14.8,15.98,7.973%,None,6.58,7.1,16.5,17.82,Review,,798012,798012,2.25,16.5,17.82,Per lb — confirmed Square unit,HSN75FILHGFLQGROEUIIC2XC,14.8,15.98,Percentage (actual Local Line setting),"Common proposed price for existing customer lists, including SNAP",Yes,LL 2026-10-01T17:03:29.099Z; Square 2026-10-01T17:01:23.965Z
805685,805685,Stewing Hen,Deck Family Farm,2 - 3 lbs,11.91,65.74%,79%,19.74,21.32,8.0041%,None,7.9,8.53,7.4,7.99,Review,,526738,526738,2.5,18.5,19.98,Per item — converted using mapped package weight,42F457CBYE46V4266HXQBCFB,19.74,21.32,Percentage (actual Local Line setting),"Common proposed price for existing customer lists, including SNAP; Square per-pound comparison uses the mapped package weight; verify that weight.",Yes,LL 2026-10-01T17:03:29.099Z; Square 2026-10-01T17:01:23.965Z
805687,805687,Summer Sausage,Deck Family Farm,8 oz,9.2,65.74%,79%,15.25,16.47,8%,None,30.5,32.94,34,36.72,Review,,526740,526740,0.5,17,18.36,Per item — converted using mapped package weight,634VPLABW35HBLQMFSCMU6HA,15.25,16.47,Percentage (actual Local Line setting),"Common proposed price for existing customer lists, including SNAP; Square per-pound comparison uses the mapped package weight; verify that weight.",Yes,LL 2026-10-01T17:03:29.099Z; Square 2026-10-01T17:01:23.965Z
805692,805692,Sweet Italian Sausage Links,Deck Family Farm,12 oz,10.55,65.74%,79%,17.49,18.88,7.9474%,None,23.32,25.17,26,28.08,Review,,526745,526745,0.75,19.5,21.06,Per item — converted using mapped package weight,GG3UTPG3X2GJ2J2RCRGYBMMQ,17.49,18.88,Percentage (actual Local Line setting),"Common proposed price for existing customer lists, including SNAP; Square per-pound comparison uses the mapped package weight; verify that weight.",Yes,LL 2026-10-01T17:03:29.099Z; Square 2026-10-01T17:01:23.965Z
805694,805694,Tamari Pressed Beef Jerky,Deck Family Farm,3 oz,5.41,65.74%,79%,8.97,9.68,7.9153%,None,47.84,51.63,53.33,57.6,Review,,526747,526747,0.1875,10,10.8,Per item — converted using mapped package weight,BU6OJJKIFXVCCVFJMKXFANFA,8.97,9.68,Percentage (actual Local Line setting),"Common proposed price for existing customer lists, including SNAP; Square per-pound comparison uses the mapped package weight; verify that weight.",Yes,LL 2026-10-01T17:03:29.099Z; Square 2026-10-01T17:01:23.965Z
1107078,1109615,Tamari Pressed Beef Jerky - 12 oz,Deck Family Farm,12 oz,18.4,65.74%,79%,30.5,32.94,8%,None,40.67,43.92,45.33,48.96,Review,,925322,929161,0.75,34,36.72,Per item — converted using mapped package weight,XRQIVJAFVFBVGELPBSVCYIJ4,30.5,32.94,Percentage (actual Local Line setting),"Common proposed price for existing customer lists, including SNAP; Square per-pound comparison uses the mapped package weight; verify that weight.",Yes,LL 2026-10-01T17:03:29.099Z; Square 2026-10-01T17:01:23.965Z
813069,813069,Teres Major Steak,Deck Family Farm,0.40 - 0.70 lbs,7.74,65.74%,79%,12.83,13.85,7.9501%,None,23.33,25.18,26,28.08,Review,,535099,535099,0.55,26,28.08,Per lb — confirmed Square unit,QGGOCDMYYFFICWGSUMGZUQNP,12.83,13.85,Percentage (actual Local Line setting),"Common proposed price for existing customer lists, including SNAP",No,LL 2026-10-01T17:03:29.099Z; Square 2026-10-01T17:01:23.965Z
814845,814845,Top Sirloin Steak,Deck Family Farm,1.30 - 1.60 lbs,19.62,65.74%,79%,32.52,35.12,7.9951%,None,22.43,24.22,26,28.08,Review,,536948,536948,1.45,26,28.08,Per lb — confirmed Square unit,JZ7GSDAEMS6X7ENYGAG3MO2Z,32.52,35.12,Percentage (actual Local Line setting),"Common proposed price for existing customer lists, including SNAP",No,LL 2026-10-01T17:03:29.099Z; Square 2026-10-01T17:01:23.965Z
814849,814849,Turkey Feet,Deck Family Farm,2 lb bag,6.49,65.74%,79%,10.76,11.62,7.9926%,None,5.38,5.81,,,Review,,536952,536952,2,,,No approved Square match,,10.76,11.62,Percentage (actual Local Line setting),"Common proposed price for existing customer lists, including SNAP; No approved Square match; Square price left blank",No,LL 2026-10-01T17:03:29.099Z; Square 2026-10-01T17:01:23.965Z
805697,805697,Turkey Gizzards,Deck Family Farm,ea. 1/2 lb.,13.5,65.7037%,78.96%,22.37,24.16,8.0018%,None,44.74,48.32,,,Review,,526750,526750,0.5,,,No approved Square match,,22.37,24.16,Fixed price $22.37; equivalent % shown,"Common proposed price for existing customer lists, including SNAP; No approved Square match; Square price left blank; Current percentage is equivalent, not a stored percentage setting; review conversion from the existing dollar adjustment.",No,LL 2026-10-01T17:03:29.099Z; Square 2026-10-01T17:01:23.965Z
805699,805699,Turkey Liver,Deck Family Farm,ea. 1/2 lb.,8.12,65.7635%,79.02%,13.46,14.54,8.0238%,None,26.92,29.08,,,Review,,526752,526752,0.5,,,No approved Square match,,13.46,14.54,Fixed price $13.46; equivalent % shown,"Common proposed price for existing customer lists, including SNAP; No approved Square match; Square price left blank; Current percentage is equivalent, not a stored percentage setting; review conversion from the existing dollar adjustment.",No,LL 2026-10-01T17:03:29.099Z; Square 2026-10-01T17:01:23.965Z
883799,883799,Unrendered Beef Tallow,Deck Family Farm,2.00 - 3.70 lbs,7.71,65.74%,79%,12.78,13.8,7.9812%,None,4.48,4.84,,,Review,,621045,621045,2.85,,,No approved Square match,,12.78,13.8,Percentage (actual Local Line setting),"Common proposed price for existing customer lists, including SNAP; No approved Square match; Square price left blank",No,LL 2026-10-01T17:03:29.099Z; Square 2026-10-01T17:01:23.965Z
1048788,1048788,Whole Lamb October Deposit,Deck Family Farm,ea,200,0%,0%,200,200,0%,None,,,,,No change,,852421,852421,,,,No approved Square match,,200,200,No adjustment (0%),Deposit: no change; retain zero markup; No approved Square match; Square price left blank,Yes,LL 2026-10-01T17:03:29.099Z; Square 2026-10-01T17:01:23.965Z
900311,900311,Blueberry Maple Sausage Links,Deck Family Farm's Hyland Artisinal Meats,4 links/ pack 14 oz pack,10.82,65.74%,79%,17.93,19.37,8.0312%,None,20.49,22.14,,,Review,,642340,642340,0.875,,,No approved Square match,,17.93,19.37,Percentage (actual Local Line setting),"Common proposed price for existing customer lists, including SNAP; No approved Square match; Square price left blank",No,LL 2026-10-01T17:03:29.099Z; Square 2026-10-01T17:01:23.965Z
840823,840823,Bulk English Breakfast Sausage,Deck Family Farm's Hyland Artisinal Meats,12 oz,8.93,65.74%,79%,14.8,15.98,7.973%,None,19.73,21.31,22,23.76,Review,,568237,568237,0.75,16.5,17.82,Per item — converted using mapped package weight,GVDPMOIBYDM7FPJUH6PKQPT2,14.8,15.98,Percentage (actual Local Line setting),"Common proposed price for existing customer lists, including SNAP; Square per-pound comparison uses the mapped package weight; verify that weight.",No,LL 2026-10-01T17:03:29.099Z; Square 2026-10-01T17:01:23.965Z
913652,913652,Bulk Farm Made Chorizo Sausage,Deck Family Farm's Hyland Artisinal Meats,12 oz,9.74,65.74%,79%,16.14,17.43,7.9926%,None,21.52,23.24,24,25.92,Review,,659188,659188,0.75,18,19.44,Per item — converted using mapped package weight,C6SVDIWSCNJKRFIFD6XM2RQF,16.14,17.43,Percentage (actual Local Line setting),"Common proposed price for existing customer lists, including SNAP; Square per-pound comparison uses the mapped package weight; verify that weight.",Yes,LL 2026-10-01T17:03:29.099Z; Square 2026-10-01T17:01:23.965Z
1163729,1164542,Bulk Hot Italian Sausage,Deck Family Farm's Hyland Artisinal Meats,ea,8.93,65.74%,79%,14.8,15.98,7.973%,None,,,,,Review,,1011355,1012453,,,,No approved Square match,,14.8,15.98,Percentage (actual Local Line setting),"Common proposed price for existing customer lists, including SNAP; No approved Square match; Square price left blank",Yes,LL 2026-10-01T17:03:29.099Z; Square 2026-10-01T17:01:23.965Z
913651,913651,Bulk Thai Curry Sausage,Deck Family Farm's Hyland Artisinal Meats,12 oz,8.93,65.74%,79%,14.8,15.98,7.973%,None,19.73,21.31,22,23.76,Review,,659187,659187,0.75,16.5,17.82,Per item — converted using mapped package weight,LF5N3PXAP6GF6SPZA5R3RC2Z,14.8,15.98,Percentage (actual Local Line setting),"Common proposed price for existing customer lists, including SNAP; Square per-pound comparison uses the mapped package weight; verify that weight.",Yes,LL 2026-10-01T17:03:29.099Z; Square 2026-10-01T17:01:23.965Z
816905,816905,Cajun Chaurice Sausage Links,Deck Family Farm's Hyland Artisinal Meats,4 links/ pack 14 oz pack,10.82,65.74%,79%,17.93,19.37,8.0312%,None,20.49,22.14,22.86,24.69,Review,,539546,539546,0.875,20,21.6,Per item — converted using mapped package weight,WBDNBYBMRDK55JR6NCQG6FGD,17.93,19.37,Percentage (actual Local Line setting),"Common proposed price for existing customer lists, including SNAP; Square per-pound comparison uses the mapped package weight; verify that weight.",Yes,LL 2026-10-01T17:03:29.099Z; Square 2026-10-01T17:01:23.965Z
932132,932132,Chorizo Verde,Deck Family Farm's Hyland Artisinal Meats,4 links/ pack 14 oz pack,10.82,65.74%,79%,17.93,19.37,8.0312%,None,20.49,22.14,22.86,24.69,Review,,684511,684511,0.875,20,21.6,Per item — converted using mapped package weight,TKXIYOEX25R4SBDAH2QHNCXK,17.93,19.37,Percentage (actual Local Line setting),"Common proposed price for existing customer lists, including SNAP; Square per-pound comparison uses the mapped package weight; verify that weight.",No,LL 2026-10-01T17:03:29.099Z; Square 2026-10-01T17:01:23.965Z
1011877,1011877,Classic Beef Broth,Deck Family Farm's Hyland Artisinal Meats,1 quart,7.85,65.74%,79%,13.01,14.05,7.9939%,None,,,,,Review,,795009,795009,,14.5,15.66,Per item / package; no lb equivalent,7LHBXGXLCLG3OWB2BHSGAJUT,13.01,14.05,Percentage (actual Local Line setting),"Common proposed price for existing customer lists, including SNAP",No,LL 2026-10-01T17:03:29.099Z; Square 2026-10-01T17:01:23.965Z
1131920,1132455,Classic Chicken Broth,Deck Family Farm's Hyland Artisinal Meats,ea,7.85,65.7325%,78.99%,13.01,14.05,7.9939%,None,,,,,Review,,966335,967112,,14.5,15.66,Per item / package; no lb equivalent,MIJBFOZ4H65KQBLDMIR4KMJW,13.01,14.05,Dollar add-on $5.16; equivalent % shown,"Common proposed price for existing customer lists, including SNAP; Current percentage is equivalent, not a stored percentage setting; review conversion from the existing dollar adjustment.",Yes,LL 2026-10-01T17:03:29.099Z; Square 2026-10-01T17:01:23.965Z
1163730,1164543,Classic Meatballs,Deck Family Farm's Hyland Artisinal Meats,12oz/13 Meatballs/Pack,8.93,65.74%,79%,14.8,15.98,7.973%,None,19.73,21.31,,,Review,,1011356,1012454,0.75,,,No approved Square match,,14.8,15.98,Percentage (actual Local Line setting),"Common proposed price for existing customer lists, including SNAP; No approved Square match; Square price left blank",Yes,LL 2026-10-01T17:03:29.099Z; Square 2026-10-01T17:01:23.965Z
1011876,1164541,Classic Pork Broth,Deck Family Farm's Hyland Artisinal Meats,1 quart,7.85,65.74%,79%,13.01,14.05,7.9939%,None,,,,,Review,,795008,1012452,,14.5,15.66,Per item / package; no lb equivalent,MJNI7UO6UHP7E4UPVVAAJFUT,13.01,14.05,Percentage (actual Local Line setting),"Common proposed price for existing customer lists, including SNAP",No,LL 2026-10-01T17:03:29.099Z; Square 2026-10-01T17:01:23.965Z
1061161,1061161,Classic Pork Broth,Deck Family Farm's Hyland Artisinal Meats,1 quart,7.85,65.74%,79%,13.01,14.05,7.9939%,None,,,,,Review,,868147,868147,,14.5,15.66,Per item / package; no lb equivalent,TCNUAREBJXQELVW3ODJGAW7W,13.01,14.05,Percentage (actual Local Line setting),"Common proposed price for existing customer lists, including SNAP",No,LL 2026-10-01T17:03:29.099Z; Square 2026-10-01T17:01:23.965Z
1019999,1019999,Classic Turkey Broth,Deck Family Farm's Hyland Artisinal Meats,1 quart,7.85,65.74%,79%,13.01,14.05,7.9939%,None,,,,,Review,,806160,806160,,,,No approved Square match,,13.01,14.05,Percentage (actual Local Line setting),"Common proposed price for existing customer lists, including SNAP; No approved Square match; Square price left blank",Yes,LL 2026-10-01T17:03:29.099Z; Square 2026-10-01T17:01:23.965Z
840822,840822,English Banger Sausage Links,Deck Family Farm's Hyland Artisinal Meats,4 links/ pack 14 oz pack,9.74,65.74%,79%,16.14,17.43,7.9926%,None,18.45,19.92,,,Review,,568236,568236,0.875,,,No approved Square match,,16.14,17.43,Percentage (actual Local Line setting),"Common proposed price for existing customer lists, including SNAP; No approved Square match; Square price left blank",Yes,LL 2026-10-01T17:03:29.099Z; Square 2026-10-01T17:01:23.965Z
913653,913653,Grass-Fed Organ Blend,Deck Family Farm's Hyland Artisinal Meats,1 lb pack,8.12,65.74%,79%,13.46,14.53,7.9495%,None,13.46,14.53,15,16.2,Review,,659189,659189,1,15,16.2,Per item — converted using mapped package weight,DVO2SXTU7A5IQIHBUJ5AWUZ2,13.46,14.53,Percentage (actual Local Line setting),"Common proposed price for existing customer lists, including SNAP; Square per-pound comparison uses the mapped package weight; verify that weight.",Yes,LL 2026-10-01T17:03:29.099Z; Square 2026-10-01T17:01:23.965Z
818963,818963,Greek Loukaniko Sausage Links,Deck Family Farm's Hyland Artisinal Meats,4 links/ pack 14 oz pack,10.82,65.74%,79%,17.93,19.37,8.0312%,None,20.49,22.14,22.86,24.69,Review,,541754,541754,0.875,20,21.6,Per item — converted using mapped package weight,BEPUBK767D7WACNDBXCJH3L4,17.93,19.37,Percentage (actual Local Line setting),"Common proposed price for existing customer lists, including SNAP; Square per-pound comparison uses the mapped package weight; verify that weight.",Yes,LL 2026-10-01T17:03:29.099Z; Square 2026-10-01T17:01:23.965Z
871143,871143,Hot Italian Sausage Links,Deck Family Farm's Hyland Artisinal Meats,4 links/ pack 14 oz pack,10.82,65.74%,79%,17.93,19.37,8.0312%,None,20.49,22.14,22.86,24.69,Review,,604158,604158,0.875,20,21.6,Per item — converted using mapped package weight,IZC4B3HYKVYJGWP2ZFFWZLMB,17.93,19.37,Percentage (actual Local Line setting),"Common proposed price for existing customer lists, including SNAP; Square per-pound comparison uses the mapped package weight; verify that weight.",Yes,LL 2026-10-01T17:03:29.099Z; Square 2026-10-01T17:01:23.965Z
913648,913648,Lamb Merguez Sausage Links,Deck Family Farm's Hyland Artisinal Meats,4 links/pack 14 oz pack,12.99,65.74%,79%,21.53,23.25,7.9889%,None,24.61,26.57,27.43,29.62,Review,,659184,659184,0.875,24,25.92,Per item — converted using mapped package weight,U37CHXXOQNKCISKGN4INWKO3,21.53,23.25,Percentage (actual Local Line setting),"Common proposed price for existing customer lists, including SNAP; Square per-pound comparison uses the mapped package weight; verify that weight.",No,LL 2026-10-01T17:03:29.099Z; Square 2026-10-01T17:01:23.965Z
805663,805663,"Rendered Beef Tallow, 16 oz",Deck Family Farm's Hyland Artisinal Meats,16 oz,10.82,65.74%,79%,17.93,19.37,8.0312%,None,17.93,19.37,20,21.6,Review,,547722,547722,1,20,21.6,Per item — converted using mapped package weight,3Y2UCCDHYT3VY5O63IAHKH6Z,17.93,19.37,Percentage (actual Local Line setting),"Common proposed price for existing customer lists, including SNAP; Square per-pound comparison uses the mapped package weight; verify that weight.",Yes,LL 2026-10-01T17:03:29.099Z; Square 2026-10-01T17:01:23.965Z
941045,941045,"Rendered Beef Tallow, 8 oz",Deck Family Farm's Hyland Artisinal Meats,8 oz,5.41,65.74%,79%,8.97,9.68,7.9153%,None,17.94,19.36,20,21.6,Review,,695051,695051,0.5,10,10.8,Per item — converted using mapped package weight,4HFME7B2JIQDOLKVUVLVS6F7,8.97,9.68,Percentage (actual Local Line setting),"Common proposed price for existing customer lists, including SNAP; Square per-pound comparison uses the mapped package weight; verify that weight.",Yes,LL 2026-10-01T17:03:29.099Z; Square 2026-10-01T17:01:23.965Z
929464,929464,"Rendered Pork Leaf Lard, 16 oz",Deck Family Farm's Hyland Artisinal Meats,16 oz,8.66,65.74%,79%,14.35,15.5,8.0139%,None,14.35,15.5,16,17.28,Review,,677954,677954,1,16,17.28,Per item — converted using mapped package weight,ZEJEZMPCSE323KHSR7HIV3CE,14.35,15.5,Percentage (actual Local Line setting),"Common proposed price for existing customer lists, including SNAP; Square per-pound comparison uses the mapped package weight; verify that weight.",Yes,LL 2026-10-01T17:03:29.099Z; Square 2026-10-01T17:01:23.965Z
805665,805665,"Rendered Pork Leaf Lard, 8 oz",Deck Family Farm's Hyland Artisinal Meats,8 oz,5.41,65.74%,79%,8.97,9.68,7.9153%,None,17.94,19.36,20,21.6,Review,,595381,595381,0.5,10,10.8,Per item — converted using mapped package weight,FSUAAXZ62XGTPFHUOBYNVTOI,8.97,9.68,Percentage (actual Local Line setting),"Common proposed price for existing customer lists, including SNAP; Square per-pound comparison uses the mapped package weight; verify that weight.",Yes,LL 2026-10-01T17:03:29.099Z; Square 2026-10-01T17:01:23.965Z
900310,900310,Summer Herb Lamb Sausage Links,Deck Family Farm's Hyland Artisinal Meats,4 links/ pack 14 oz pack,11.91,65.74%,79%,19.74,21.32,8.0041%,None,22.56,24.37,,,Review,,642339,642339,0.875,,,No approved Square match,,19.74,21.32,Percentage (actual Local Line setting),"Common proposed price for existing customer lists, including SNAP; No approved Square match; Square price left blank",No,LL 2026-10-01T17:03:29.099Z; Square 2026-10-01T17:01:23.965Z
1011872,1011872,Swedish Sausage Potato Dumplings,Deck Family Farm's Hyland Artisinal Meats,13oz/ 10 Dumplings/Pack,10.82,65.74%,79%,17.93,19.37,8.0312%,None,22.07,23.84,24.62,26.58,Review,,795004,795004,0.8125,20,21.6,Per item — converted using mapped package weight,KF6PWHPNK4MJPTDJBLLYH3Z5,17.93,19.37,Percentage (actual Local Line setting),"Common proposed price for existing customer lists, including SNAP; Square per-pound comparison uses the mapped package weight; verify that weight.",No,LL 2026-10-01T17:03:29.099Z; Square 2026-10-01T17:01:23.965Z
913650,913650,Thai Curry Sausage Links,Deck Family Farm's Hyland Artisinal Meats,4 links/ pack 14 oz pack,10.82,65.74%,79%,17.93,19.37,8.0312%,None,20.49,22.14,22.86,24.69,Review,,659186,659186,0.875,20,21.6,Per item — converted using mapped package weight,26M5W4W6YJGAXVNWVIOUSNUU,17.93,19.37,Percentage (actual Local Line setting),"Common proposed price for existing customer lists, including SNAP; Square per-pound comparison uses the mapped package weight; verify that weight.",Yes,LL 2026-10-01T17:03:29.099Z; Square 2026-10-01T17:01:23.965Z
1131921,1132457,Turkey Apple Sage Sausage Links,Deck Family Farm's Hyland Artisinal Meats,ea,10.82,65.7116%,78.97%,17.93,19.36,7.9755%,None,,,,,Review,,966336,967114,,20,21.6,Per item / package; no lb equivalent,PNCJYNXMQKMJD64ANYNXGGQC,17.93,19.36,Dollar add-on $7.11; equivalent % shown,"Common proposed price for existing customer lists, including SNAP; Current percentage is equivalent, not a stored percentage setting; review conversion from the existing dollar adjustment.",Yes,LL 2026-10-01T17:03:29.099Z; Square 2026-10-01T17:01:23.965Z
806164,806164,Gluten Free Apple Pie,Elegant Elephant Baking Co.,"6""",7.5,40%,51.2%,10.5,11.34,8%,None,,,,,Review,,527233,527233,,,,No approved Square match,,10.5,11.34,Percentage (actual Local Line setting),"Common proposed price for existing customer lists, including SNAP; No approved Square match; Square price left blank",Yes,LL 2026-10-01T17:03:29.099Z; Square 2026-10-01T17:01:23.965Z
806019,806019,Gluten Free Banana Cream Pie,Elegant Elephant Baking Co.,"6""",8,40%,51.2%,11.2,12.1,8.0357%,None,,,,,Review,,527081,527081,,,,No approved Square match,,11.2,12.1,Percentage (actual Local Line setting),"Common proposed price for existing customer lists, including SNAP; No approved Square match; Square price left blank",Yes,LL 2026-10-01T17:03:29.099Z; Square 2026-10-01T17:01:23.965Z
806022,806022,Gluten Free Blackberry Hand Pie,Elegant Elephant Baking Co.,each,3,40%,51.2%,4.2,4.54,8.0952%,None,,,,,Review,,527084,527084,,,,No approved Square match,,4.2,4.54,Percentage (actual Local Line setting),"Common proposed price for existing customer lists, including SNAP; No approved Square match; Square price left blank",Yes,LL 2026-10-01T17:03:29.099Z; Square 2026-10-01T17:01:23.965Z
806025,806025,Gluten Free Blueberry Scone,Elegant Elephant Baking Co.,each,3,40%,51.2%,4.2,4.54,8.0952%,None,,,,,Review,,527087,527087,,3,3.24,Per item / package; no lb equivalent,ZKKXZXF5WODVW6XOHCDKC32A,4.2,4.54,Percentage (actual Local Line setting),"Common proposed price for existing customer lists, including SNAP",Yes,LL 2026-10-01T17:03:29.099Z; Square 2026-10-01T17:01:23.965Z
806028,806028,Gluten Free Box of 5 Cupcakes,Elegant Elephant Baking Co.,each,6,40%,51.2%,8.4,9.07,7.9762%,None,,,,,Review,,527090,527090,,,,No approved Square match,,8.4,9.07,Percentage (actual Local Line setting),"Common proposed price for existing customer lists, including SNAP; No approved Square match; Square price left blank",Yes,LL 2026-10-01T17:03:29.099Z; Square 2026-10-01T17:01:23.965Z
806030,806030,Gluten Free Brownie Bite with Chocolate Chips,Elegant Elephant Baking Co.,each,2.5,40%,51.2%,3.5,3.78,8%,None,,,,,Review,,527092,527092,,2.5,2.7,Per item / package; no lb equivalent,FJB4PYJB5DS7JH23BC3NIDRK,3.5,3.78,Percentage (actual Local Line setting),"Common proposed price for existing customer lists, including SNAP",Yes,LL 2026-10-01T17:03:29.099Z; Square 2026-10-01T17:01:23.965Z
806032,806032,Gluten Free Cheddar Rolls,Elegant Elephant Baking Co.,bag of 4,6.25,40%,51.2%,8.75,9.45,8%,None,,,,,Review,,527094,527094,,,,No approved Square match,,8.75,9.45,Percentage (actual Local Line setting),"Common proposed price for existing customer lists, including SNAP; No approved Square match; Square price left blank",Yes,LL 2026-10-01T17:03:29.099Z; Square 2026-10-01T17:01:23.965Z
806035,806035,Gluten Free Chocolate Cream Pie,Elegant Elephant Baking Co.,"6""",8,40%,51.2%,11.2,12.1,8.0357%,None,,,,,Review,,527097,527097,,,,No approved Square match,,11.2,12.1,Percentage (actual Local Line setting),"Common proposed price for existing customer lists, including SNAP; No approved Square match; Square price left blank",Yes,LL 2026-10-01T17:03:29.099Z; Square 2026-10-01T17:01:23.965Z
806038,806038,Gluten Free Chocolate Donut,Elegant Elephant Baking Co.,each,2.35,40%,51.2%,3.29,3.55,7.9027%,None,,,,,Review,,527100,527100,,2.35,2.54,Per item / package; no lb equivalent,OP7GVICC4NK4QADUYGVKJFVP,3.29,3.55,Percentage (actual Local Line setting),"Common proposed price for existing customer lists, including SNAP",Yes,LL 2026-10-01T17:03:29.099Z; Square 2026-10-01T17:01:23.965Z
806041,806041,Gluten Free Cinnamon Roll Pan,Elegant Elephant Baking Co.,"6""",6,40%,51.2%,8.4,9.07,7.9762%,None,,,,,Review,,527105,527105,,,,No approved Square match,,8.4,9.07,Percentage (actual Local Line setting),"Common proposed price for existing customer lists, including SNAP; No approved Square match; Square price left blank",Yes,LL 2026-10-01T17:03:29.099Z; Square 2026-10-01T17:01:23.965Z
806044,806044,Gluten Free Croutons,Elegant Elephant Baking Co.,each,5.25,40%,51.2%,7.35,7.94,8.0272%,None,,,,,Review,,527108,527108,,,,No approved Square match,,7.35,7.94,Percentage (actual Local Line setting),"Common proposed price for existing customer lists, including SNAP; No approved Square match; Square price left blank",Yes,LL 2026-10-01T17:03:29.099Z; Square 2026-10-01T17:01:23.965Z
806046,806046,Gluten Free Dinner Rolls,Elegant Elephant Baking Co.,bag of 6,5.75,40%,51.2%,8.05,8.69,7.9503%,None,,,,,Review,,527110,527110,,,,No approved Square match,,8.05,8.69,Percentage (actual Local Line setting),"Common proposed price for existing customer lists, including SNAP; No approved Square match; Square price left blank",Yes,LL 2026-10-01T17:03:29.099Z; Square 2026-10-01T17:01:23.965Z
806048,806048,Gluten Free Half Almond Loaf Sliced,Elegant Elephant Baking Co.,each,5,40%,51.2%,7,7.56,8%,None,,,,,Review,,527112,527112,,,,No approved Square match,,7,7.56,Percentage (actual Local Line setting),"Common proposed price for existing customer lists, including SNAP; No approved Square match; Square price left blank",Yes,LL 2026-10-01T17:03:29.099Z; Square 2026-10-01T17:01:23.965Z
806055,806055,Gluten Free Mini Banana Bread Loaf,Elegant Elephant Baking Co.,each,5,40%,51.2%,7,7.56,8%,None,,,,,Review,,527119,527119,,,,No approved Square match,,7,7.56,Percentage (actual Local Line setting),"Common proposed price for existing customer lists, including SNAP; No approved Square match; Square price left blank",Yes,LL 2026-10-01T17:03:29.099Z; Square 2026-10-01T17:01:23.965Z
806057,806057,Gluten Free Mixed Berry Pie,Elegant Elephant Baking Co.,"9""",17,40%,51.2%,23.8,25.7,7.9832%,None,,,,,Review,,527121,527121,,,,No approved Square match,,23.8,25.7,Percentage (actual Local Line setting),"Common proposed price for existing customer lists, including SNAP; No approved Square match; Square price left blank",Yes,LL 2026-10-01T17:03:29.099Z; Square 2026-10-01T17:01:23.965Z
806060,806060,Gluten Free Pizza Dough,Elegant Elephant Baking Co.,22 oz. each,4.75,40%,51.2%,6.65,7.18,7.9699%,None,4.84,5.22,,,Review,,527123,527123,1.375,,,No approved Square match,,6.65,7.18,Percentage (actual Local Line setting),"Common proposed price for existing customer lists, including SNAP; No approved Square match; Square price left blank",Yes,LL 2026-10-01T17:03:29.099Z; Square 2026-10-01T17:01:23.965Z
806062,806062,Gluten Free Potato Loaf with Teff,Elegant Elephant Baking Co.,each,7,40%,51.2%,9.8,10.58,7.9592%,None,,,,,Review,,527126,527126,,,,No approved Square match,,9.8,10.58,Percentage (actual Local Line setting),"Common proposed price for existing customer lists, including SNAP; No approved Square match; Square price left blank",Yes,LL 2026-10-01T17:03:29.099Z; Square 2026-10-01T17:01:23.965Z
806065,806065,Gluten Free Seven Layer Cookie,Elegant Elephant Baking Co.,each,2.5,40%,51.2%,3.5,3.78,8%,None,,,,,Review,,527128,527128,,,,No approved Square match,,3.5,3.78,Percentage (actual Local Line setting),"Common proposed price for existing customer lists, including SNAP; No approved Square match; Square price left blank",Yes,LL 2026-10-01T17:03:29.099Z; Square 2026-10-01T17:01:23.965Z
806066,806066,Gluten Free Sourdough Baguette,Elegant Elephant Baking Co.,each,5,40%,51.2%,7,7.56,8%,None,,,,,Review,,527130,527130,,,,No approved Square match,,7,7.56,Percentage (actual Local Line setting),"Common proposed price for existing customer lists, including SNAP; No approved Square match; Square price left blank",No,LL 2026-10-01T17:03:29.099Z; Square 2026-10-01T17:01:23.965Z
907016,907016,Roasted Hazelnuts 12 oz.,Farmhands Co-Op,12 oz bag,12.7,40%,51.2%,17.78,19.2,7.9865%,None,23.71,25.6,,,Review,,651217,651217,0.75,,,No approved Square match,,17.78,19.2,Percentage (actual Local Line setting),"Common proposed price for existing customer lists, including SNAP; No approved Square match; Square price left blank",Yes,LL 2026-10-01T17:03:29.099Z; Square 2026-10-01T17:01:23.965Z
806107,806107,Roasted Hazelnuts 4 oz,Farmhands Co-Op,4 oz bag,4.5,40%,51.2%,6.3,6.8,7.9365%,None,25.2,27.2,,,Review,,527172,527172,0.25,,,No approved Square match,,6.3,6.8,Percentage (actual Local Line setting),"Common proposed price for existing customer lists, including SNAP; No approved Square match; Square price left blank",Yes,LL 2026-10-01T17:03:29.099Z; Square 2026-10-01T17:01:23.965Z
1016432,1016432,#2 Juicing Carrots,Full Farm CSA,pound,1,40%,51.2%,1.4,1.51,7.8571%,None,1.4,1.51,,,Review,,801261,801261,1,,,No approved Square match,,1.4,1.51,Percentage (actual Local Line setting),"Common proposed price for existing customer lists, including SNAP; No approved Square match; Square price left blank",Yes,LL 2026-10-01T17:03:29.099Z; Square 2026-10-01T17:01:23.965Z
821704,821704,Acorn squash,Full Farm CSA,1 Each,2.5,40%,51.2%,3.5,3.78,8%,None,,,,,Review,,544783,544783,,,,No approved Square match,,3.5,3.78,Percentage (actual Local Line setting),"Common proposed price for existing customer lists, including SNAP; No approved Square match; Square price left blank",Yes,LL 2026-10-01T17:03:29.099Z; Square 2026-10-01T17:01:23.965Z
930691,930691,Autumn Frost Squash Large,Full Farm CSA,ea,6,40%,51.2%,8.4,9.07,7.9762%,None,,,,,Review,,679453,679453,,,,No approved Square match,,8.4,9.07,Percentage (actual Local Line setting),"Common proposed price for existing customer lists, including SNAP; No approved Square match; Square price left blank",No,LL 2026-10-01T17:03:29.099Z; Square 2026-10-01T17:01:23.965Z
1017951,1017951,Breakfast Bundle,Full Farm CSA,Each,48.33,55%,67.4%,74.91,80.9,7.9963%,None,,,,,Review,,803362,803362,,,,No approved Square match,,74.91,80.9,Percentage (actual Local Line setting),"Common proposed price for existing customer lists, including SNAP; Local calculation differs from Local Line; No approved Square match; Square price left blank",No,LL 2026-10-01T17:03:29.099Z; Square 2026-10-01T17:01:23.965Z
1017951,1017951,Breakfast Bundle,Full Farm CSA,NO PACKAGE,48.33,,,,,,None,,,,,Hold,,949069,949069,,,,No approved Square match,,,,Unavailable,No existing customer-list price; no proposed Local Line change; No approved Square match; Square price left blank,No,LL 2026-10-01T17:03:29.099Z; Square 2026-10-01T17:01:23.965Z
1120977,1120977,Breakfast Bundle,Full Farm CSA,NO PACKAGE,,,,,,,None,,,,,Hold,,,,,,,No approved Square match,,,,Unavailable,HOLD: missing package record; No approved Square match; Square price left blank,No,LL 2026-10-01T17:03:29.099Z; Square 2026-10-01T17:01:23.965Z
805873,805873,Butternut Squash,Full Farm CSA,3-4 lbs each,2.92,40%,51.2%,4.09,4.42,8.0685%,None,1.17,1.26,,,Review,,526931,526931,3.5,,,No approved Square match,,4.09,4.42,Percentage (actual Local Line setting),"Common proposed price for existing customer lists, including SNAP; No approved Square match; Square price left blank",No,LL 2026-10-01T17:03:29.099Z; Square 2026-10-01T17:01:23.965Z
890649,890649,Chioggia Beets,Full Farm CSA,1 Lb,1,40%,51.2%,1.4,1.51,7.8571%,None,1.4,1.51,,,Review,,630138,630138,1,,,No approved Square match,,1.4,1.51,Percentage (actual Local Line setting),"Common proposed price for existing customer lists, including SNAP; No approved Square match; Square price left blank",No,LL 2026-10-01T17:03:29.099Z; Square 2026-10-01T17:01:23.965Z
958328,958328,Collard Raab,Full Farm CSA,bu,2.5,40%,51.2%,3.5,3.78,8%,None,,,,,Review,,718070,718070,,,,No approved Square match,,3.5,3.78,Percentage (actual Local Line setting),"Common proposed price for existing customer lists, including SNAP; No approved Square match; Square price left blank",No,LL 2026-10-01T17:03:29.099Z; Square 2026-10-01T17:01:23.965Z
1033698,1033698,Deck Family Farm & Full Farm CSA Hoodie,Full Farm CSA,Large,35,30%,40.4%,45.5,49.14,8%,None,,,,,Review,,829899,829899,,,,No approved Square match,,45.5,49.14,Percentage (actual Local Line setting),"Common proposed price for existing customer lists, including SNAP; Current list prices range $45.50–$49.00; baseline is Herd Share Members; Local calculation differs from Local Line; No approved Square match; Square price left blank",No,LL 2026-10-01T17:03:29.099Z; Square 2026-10-01T17:01:23.965Z
1033698,1033698,Deck Family Farm & Full Farm CSA Hoodie,Full Farm CSA,Medium,35,30%,40.4%,45.5,49.14,8%,None,,,,,Review,,829900,829900,,,,No approved Square match,,45.5,49.14,Percentage (actual Local Line setting),"Common proposed price for existing customer lists, including SNAP; Current list prices range $30.00–$49.00; baseline is Herd Share Members; Local calculation differs from Local Line; No approved Square match; Square price left blank",No,LL 2026-10-01T17:03:29.099Z; Square 2026-10-01T17:01:23.965Z
1033698,1033698,Deck Family Farm & Full Farm CSA Hoodie,Full Farm CSA,Small,35,30%,40.4%,45.5,49.14,8%,None,,,,,Review,,829901,829901,,,,No approved Square match,,45.5,49.14,Percentage (actual Local Line setting),"Common proposed price for existing customer lists, including SNAP; Current list prices range $45.50–$49.00; baseline is Herd Share Members; Local calculation differs from Local Line; No approved Square match; Square price left blank",No,LL 2026-10-01T17:03:29.099Z; Square 2026-10-01T17:01:23.965Z
1033698,1033698,Deck Family Farm & Full Farm CSA Hoodie,Full Farm CSA,Xtra Large,35,30%,40.4%,45.5,49.14,8%,None,,,,,Review,,829898,829898,,,,No approved Square match,,45.5,49.14,Percentage (actual Local Line setting),"Common proposed price for existing customer lists, including SNAP; Current list prices range $45.50–$49.00; baseline is Herd Share Members; Local calculation differs from Local Line; No approved Square match; Square price left blank",No,LL 2026-10-01T17:03:29.099Z; Square 2026-10-01T17:01:23.965Z
1033699,1033699,Deck Family Farm & Full Farm CSA T-Shirt,Full Farm CSA,Large,17,40%,51.2%,23.8,25.7,7.9832%,None,,,,,Review,,829904,829904,,,,No approved Square match,,23.8,25.7,Percentage (actual Local Line setting),"Common proposed price for existing customer lists, including SNAP; No approved Square match; Square price left blank",No,LL 2026-10-01T17:03:29.099Z; Square 2026-10-01T17:01:23.965Z
1033699,1033699,Deck Family Farm & Full Farm CSA T-Shirt,Full Farm CSA,Medium,17,40%,51.2%,23.8,25.7,7.9832%,None,,,,,Review,,829903,829903,,,,No approved Square match,,23.8,25.7,Percentage (actual Local Line setting),"Common proposed price for existing customer lists, including SNAP; No approved Square match; Square price left blank",No,LL 2026-10-01T17:03:29.099Z; Square 2026-10-01T17:01:23.965Z
1033699,1033699,Deck Family Farm & Full Farm CSA T-Shirt,Full Farm CSA,Xtra Small,17,40%,51.2%,23.8,25.7,7.9832%,None,,,,,Review,,829902,829902,,,,No approved Square match,,23.8,25.7,Percentage (actual Local Line setting),"Common proposed price for existing customer lists, including SNAP; No approved Square match; Square price left blank",No,LL 2026-10-01T17:03:29.099Z; Square 2026-10-01T17:01:23.965Z
832559,832559,Deck Family Farm and Full Farm CSA Hat,Full Farm CSA,ea,13,40%,51.2%,18.2,19.66,8.022%,None,,,,,Review,,558216,558216,,,,No approved Square match,,18.2,19.66,Percentage (actual Local Line setting),"Common proposed price for existing customer lists, including SNAP; No approved Square match; Square price left blank",No,LL 2026-10-01T17:03:29.099Z; Square 2026-10-01T17:01:23.965Z
1010693,1010693,Deck Family Farm Insulated Bag,Full Farm CSA,Blue Bag,17.72,40.0113%,51.21%,24.81,26.79,7.9807%,None,,,,,Review,,793235,793235,,17.72,19.14,Per item / package; no lb equivalent,QQ6O2UWSJ7VAGMT3XHTRSLVF,24.81,26.79,Fixed price $24.81; equivalent % shown,"Common proposed price for existing customer lists, including SNAP; Current percentage is equivalent, not a stored percentage setting; review conversion from the existing dollar adjustment.",Yes,LL 2026-10-01T17:03:29.099Z; Square 2026-10-01T17:01:23.965Z
1010693,1010693,Deck Family Farm Insulated Bag,Full Farm CSA,Green Bag,17.72,40%,51.2%,24.81,26.79,7.9807%,None,,,,,Review,,793236,952518,,17.72,19.14,Per item / package; no lb equivalent,USUT3WAE46WL2TOQAIY4SCKL,24.81,26.79,Percentage (actual Local Line setting),"Common proposed price for existing customer lists, including SNAP",Yes,LL 2026-10-01T17:03:29.099Z; Square 2026-10-01T17:01:23.965Z
1010693,1010693,Deck Family Farm Insulated Bag,Full Farm CSA,Orange Bag,17.72,40%,51.2%,24.81,26.79,7.9807%,None,,,,,Review,,952518,952518,,,,No approved Square match,,24.81,26.79,Percentage (actual Local Line setting),"Common proposed price for existing customer lists, including SNAP; No approved Square match; Square price left blank",Yes,LL 2026-10-01T17:03:29.099Z; Square 2026-10-01T17:01:23.965Z
807909,807909,Deck Family Farm's Fall Farm-to-Table Celebration,Full Farm CSA,Adult Ticket (12 and up),75,0%,8%,75,81,8%,None,,,,,Review,,529295,529295,,,,No approved Square match,,75,81,No adjustment (0%),"Common proposed price for existing customer lists, including SNAP; Local calculation differs from Local Line; No approved Square match; Square price left blank",No,LL 2026-10-01T17:03:29.099Z; Square 2026-10-01T17:01:23.965Z
807909,807909,Deck Family Farm's Fall Farm-to-Table Celebration,Full Farm CSA,Kid Ticket (12 and under),0,,,0,,,None,,,,,Hold,,529296,529296,,,,No approved Square match,,0,,Unavailable,"Common proposed price for existing customer lists, including SNAP; No approved Square match; Square price left blank; HOLD: zero base price cannot produce a percentage markup.",No,LL 2026-10-01T17:03:29.099Z; Square 2026-10-01T17:01:23.965Z
805888,805888,Delicata Squash,Full Farm CSA,about 2 lbs each,2.3,40%,51.2%,3.22,3.48,8.0745%,None,1.61,1.74,,,Review,,526946,526946,2,,,No approved Square match,,3.22,3.48,Percentage (actual Local Line setting),"Common proposed price for existing customer lists, including SNAP; No approved Square match; Square price left blank",Yes,LL 2026-10-01T17:03:29.099Z; Square 2026-10-01T17:01:23.965Z
1105400,1105400,Dinner in a Box: Ground Lamb Bundle,Full Farm CSA,NO PACKAGE,44.98,44%,55.52%,64.77,69.95,7.9975%,None,,,,,Review,,923210,923210,,,,No approved Square match,,64.77,69.95,Percentage (actual Local Line setting),"Common proposed price for existing customer lists, including SNAP; Local calculation differs from Local Line; No approved Square match; Square price left blank",No,LL 2026-10-01T17:03:29.099Z; Square 2026-10-01T17:01:23.965Z
1105400,1105400,Dinner in a Box: Ground Lamb Bundle,Full Farm CSA,NO PACKAGE,48.22,,,,,,None,,,,,Hold,,929119,929119,,,,No approved Square match,,,,Unavailable,No existing customer-list price; no proposed Local Line change; No approved Square match; Square price left blank,No,LL 2026-10-01T17:03:29.099Z; Square 2026-10-01T17:01:23.965Z
1109580,1109580,Dinner in a Box: Ground Lamb Bundle,Full Farm CSA,NO PACKAGE,,,,,,,None,,,,,Hold,,,,,,,No approved Square match,,,,Unavailable,HOLD: missing package record; No approved Square match; Square price left blank,No,LL 2026-10-01T17:03:29.099Z; Square 2026-10-01T17:01:23.965Z
1109581,1109581,Dinner in a Box: Ground Lamb Bundle No Yogurt,Full Farm CSA,NO PACKAGE,35.98,44%,55.52%,51.81,55.96,8.01%,None,,,,,Review,,929120,929120,,,,No approved Square match,,51.81,55.96,Percentage (actual Local Line setting),"Common proposed price for existing customer lists, including SNAP; Local calculation differs from Local Line; No approved Square match; Square price left blank",No,LL 2026-10-01T17:03:29.099Z; Square 2026-10-01T17:01:23.965Z
1119806,1119806,Dinner in a Box: Pork Shoulder Roast,Full Farm CSA,NO PACKAGE,70.1,44%,55.52%,100.94,109.02,8.0048%,None,,,,,Review,,947639,947639,,,,No approved Square match,,100.94,109.02,Percentage (actual Local Line setting),"Common proposed price for existing customer lists, including SNAP; Local calculation differs from Local Line; No approved Square match; Square price left blank",No,LL 2026-10-01T17:03:29.099Z; Square 2026-10-01T17:01:23.965Z
1119806,1119806,Dinner in a Box: Pork Shoulder Roast,Full Farm CSA,NO PACKAGE,68.1,,,,,,None,,,,,Hold,,949065,949065,,,,No approved Square match,,,,Unavailable,No existing customer-list price; no proposed Local Line change; No approved Square match; Square price left blank,No,LL 2026-10-01T17:03:29.099Z; Square 2026-10-01T17:01:23.965Z
1120973,1120973,Dinner in a Box: Pork Shoulder Roast,Full Farm CSA,NO PACKAGE,,,,,,,None,,,,,Hold,,,,,,,No approved Square match,,,,Unavailable,HOLD: missing package record; No approved Square match; Square price left blank,No,LL 2026-10-01T17:03:29.099Z; Square 2026-10-01T17:01:23.965Z
1120974,1120974,Dinner in a Box: Pork Shoulder Roast-No Dairy,Full Farm CSA,NO PACKAGE,60.1,44%,55.52%,86.54,93.47,8.0079%,None,,,,,Review,,949066,949066,,,,No approved Square match,,86.54,93.47,Percentage (actual Local Line setting),"Common proposed price for existing customer lists, including SNAP; Local calculation differs from Local Line; No approved Square match; Square price left blank",No,LL 2026-10-01T17:03:29.099Z; Square 2026-10-01T17:01:23.965Z
1133712,1133712,Dinner in a Box: Roasting Chicken,Full Farm CSA,NO PACKAGE,65.15,44%,55.52%,93.82,101.32,7.994%,None,,,,,Review,,969091,969091,,,,No approved Square match,,93.82,101.32,Percentage (actual Local Line setting),"Common proposed price for existing customer lists, including SNAP; Local calculation differs from Local Line; No approved Square match; Square price left blank",No,LL 2026-10-01T17:03:29.099Z; Square 2026-10-01T17:01:23.965Z
1133712,1133712,Dinner in a Box: Roasting Chicken,Full Farm CSA,NO PACKAGE,50,,,,,,None,,,,,Hold,,969092,969092,,,,No approved Square match,,,,Unavailable,No existing customer-list price; no proposed Local Line change; No approved Square match; Square price left blank,No,LL 2026-10-01T17:03:29.099Z; Square 2026-10-01T17:01:23.965Z
1133713,1133713,Dinner in a Box: Roasting Chicken,Full Farm CSA,NO PACKAGE,,,,,,,None,,,,,Hold,,,,,,,No approved Square match,,,,Unavailable,HOLD: missing package record; No approved Square match; Square price left blank,No,LL 2026-10-01T17:03:29.099Z; Square 2026-10-01T17:01:23.965Z
1133714,1133714,Dinner in a Box: Roasting Chicken - No Dairy,Full Farm CSA,NO PACKAGE,55.15,44%,55.52%,79.42,85.77,7.9955%,None,,,,,Review,,969093,969093,,,,No approved Square match,,79.42,85.77,Percentage (actual Local Line setting),"Common proposed price for existing customer lists, including SNAP; Local calculation differs from Local Line; No approved Square match; Square price left blank",No,LL 2026-10-01T17:03:29.099Z; Square 2026-10-01T17:01:23.965Z
805758,805758,Frozen Blueberries,Full Farm CSA,~1.0 lbs,4.5,40%,51.2%,6.3,6.8,7.9365%,None,6.3,6.8,,,Review,,526813,526813,1,,,No approved Square match,,6.3,6.8,Percentage (actual Local Line setting),"Common proposed price for existing customer lists, including SNAP; No approved Square match; Square price left blank",Yes,LL 2026-10-01T17:03:29.099Z; Square 2026-10-01T17:01:23.965Z
805765,805765,Frozen Strawberries,Full Farm CSA,~1 lbs,7,40%,51.2%,9.8,10.58,7.9592%,None,9.8,10.58,,,Review,,526821,526821,1,,,No approved Square match,,9.8,10.58,Percentage (actual Local Line setting),"Common proposed price for existing customer lists, including SNAP; No approved Square match; Square price left blank",No,LL 2026-10-01T17:03:29.099Z; Square 2026-10-01T17:01:23.965Z
1023667,1023667,Ground Meat Bundle,Full Farm CSA,Each,33.1,55%,67.4%,51.31,55.41,7.9906%,None,,,,,Review,,811597,811597,,,,No approved Square match,,51.31,55.41,Percentage (actual Local Line setting),"Common proposed price for existing customer lists, including SNAP; Local calculation differs from Local Line; No approved Square match; Square price left blank",No,LL 2026-10-01T17:03:29.099Z; Square 2026-10-01T17:01:23.965Z
1017942,1017942,Hyland Processing Variety Pack,Full Farm CSA,Each,43.34,55%,67.4%,67.18,72.55,7.9935%,None,,,,,Review,,803346,803346,,,,No approved Square match,,67.18,72.55,Percentage (actual Local Line setting),"Common proposed price for existing customer lists, including SNAP; Local calculation differs from Local Line; No approved Square match; Square price left blank",No,LL 2026-10-01T17:03:29.099Z; Square 2026-10-01T17:01:23.965Z
1049948,1049948,Mini Butternut Squash,Full Farm CSA,each,2,40%,51.2%,2.8,3.02,7.8571%,None,,,,,Review,,854210,854210,,,,No approved Square match,,2.8,3.02,Percentage (actual Local Line setting),"Common proposed price for existing customer lists, including SNAP; No approved Square match; Square price left blank",Yes,LL 2026-10-01T17:03:29.099Z; Square 2026-10-01T17:01:23.965Z
1018199,1018199,Purple Top Turnip,Full Farm CSA,lb,1.8,40%,51.2%,2.52,2.72,7.9365%,None,2.52,2.72,,,Review,,803763,803763,1,,,No approved Square match,,2.52,2.72,Percentage (actual Local Line setting),"Common proposed price for existing customer lists, including SNAP; No approved Square match; Square price left blank",No,LL 2026-10-01T17:03:29.099Z; Square 2026-10-01T17:01:23.965Z
805764,805764,Quince,Full Farm CSA,each,1.5,40%,51.2%,2.1,2.27,8.0952%,None,,,,,Review,,526820,526820,,,,No approved Square match,,2.1,2.27,Percentage (actual Local Line setting),"Common proposed price for existing customer lists, including SNAP; No approved Square match; Square price left blank",No,LL 2026-10-01T17:03:29.099Z; Square 2026-10-01T17:01:23.965Z
805806,805806,Rhubarb,Full Farm CSA,1 lb,3.5,40%,51.2%,4.9,5.29,7.9592%,None,4.9,5.29,,,Review,,526862,526862,1,,,No approved Square match,,4.9,5.29,Percentage (actual Local Line setting),"Common proposed price for existing customer lists, including SNAP; Current list prices range $4.90–$5.42; baseline is Herd Share Members; No approved Square match; Square price left blank",No,LL 2026-10-01T17:03:29.099Z; Square 2026-10-01T17:01:23.965Z
928528,928528,Tetsakabuto Winter Squash,Full Farm CSA,ea,4,40%,51.2%,5.6,6.05,8.0357%,None,,,,,Review,,676672,676672,,,,No approved Square match,,5.6,6.05,Percentage (actual Local Line setting),"Common proposed price for existing customer lists, including SNAP; No approved Square match; Square price left blank",No,LL 2026-10-01T17:03:29.099Z; Square 2026-10-01T17:01:23.965Z
832550,832550,Tote Bag,Full Farm CSA,ea,13,40%,51.2%,18.2,19.66,8.022%,None,,,,,Review,,558207,558207,,,,No approved Square match,,18.2,19.66,Percentage (actual Local Line setting),"Common proposed price for existing customer lists, including SNAP; No approved Square match; Square price left blank",Yes,LL 2026-10-01T17:03:29.099Z; Square 2026-10-01T17:01:23.965Z
899373,899373,Tropea onion,Full Farm CSA,lb,2.2,40%,51.2%,3.08,3.33,8.1169%,None,3.08,3.33,,,Review,,641157,641157,1,,,No approved Square match,,3.08,3.33,Percentage (actual Local Line setting),"Common proposed price for existing customer lists, including SNAP; No approved Square match; Square price left blank",No,LL 2026-10-01T17:03:29.099Z; Square 2026-10-01T17:01:23.965Z
812595,812595,Wildcraft Hot Sauce,Full Farm CSA,ea,9,40%,51.2%,12.6,13.61,8.0159%,None,,,,,Review,,534463,534463,,,,No approved Square match,,12.6,13.61,Percentage (actual Local Line setting),"Common proposed price for existing customer lists, including SNAP; No approved Square match; Square price left blank",No,LL 2026-10-01T17:03:29.099Z; Square 2026-10-01T17:01:23.965Z
1071880,1071880,Winter Carrots,Full Farm CSA,2# bag,,,,,,,None,,,,,Hold,,880836,880836,,,,No approved Square match,,,,Unavailable,Mapped Local Line product not returned by live read; Mapped Local Line package not found under mapped product; No approved Square match; Square price left blank,No,LL 2026-10-01T17:03:29.099Z; Square 2026-10-01T17:01:23.965Z
806012,806012,Yacon Tuber,Full Farm CSA,1 lb,2.5,40%,51.2%,3.5,3.78,8%,None,3.5,3.78,,,Review,,527072,527072,1,,,No approved Square match,,3.5,3.78,Percentage (actual Local Line setting),"Common proposed price for existing customer lists, including SNAP; No approved Square match; Square price left blank",No,LL 2026-10-01T17:03:29.099Z; Square 2026-10-01T17:01:23.965Z
1026140,1026140,"""It Really Woks!"" Deodorant- Cedarwood and Fir",Granny Smith All Natural,2.5 oz ea,10.5,42.8571%,54.29%,15,16.2,8%,None,96,103.68,,,Review,,815788,815788,0.15625,,,No approved Square match,,15,16.2,Fixed price $15.00; equivalent % shown,"Common proposed price for existing customer lists, including SNAP; Current list prices range $14.70–$15.00; baseline is Herd Share Members; Local calculation differs from Local Line; No approved Square match; Square price left blank; Current percentage is equivalent, not a stored percentage setting; review conversion from the existing dollar adjustment.",Yes,LL 2026-10-01T17:03:29.099Z; Square 2026-10-01T17:01:23.965Z
1026142,1026142,"""It Really Woks!"" Deodorant- Grapefruit",Granny Smith All Natural,2.5 oz ea,10.5,40%,51.2%,14.7,15.88,8.0272%,None,94.08,101.63,,,Review,,815790,815790,0.15625,,,No approved Square match,,14.7,15.88,Percentage (actual Local Line setting),"Common proposed price for existing customer lists, including SNAP; No approved Square match; Square price left blank",Yes,LL 2026-10-01T17:03:29.099Z; Square 2026-10-01T17:01:23.965Z
1026141,1026141,"""It Really Woks!"" Deodorant- Lavender",Granny Smith All Natural,2.5 oz ea,10.5,42.8571%,54.29%,15,16.2,8%,None,96,103.68,,,Review,,815789,815789,0.15625,,,No approved Square match,,15,16.2,Fixed price $15.00; equivalent % shown,"Common proposed price for existing customer lists, including SNAP; Current list prices range $14.70–$15.00; baseline is Herd Share Members; Local calculation differs from Local Line; No approved Square match; Square price left blank; Current percentage is equivalent, not a stored percentage setting; review conversion from the existing dollar adjustment.",Yes,LL 2026-10-01T17:03:29.099Z; Square 2026-10-01T17:01:23.965Z
1094879,1094879,"""Sanitize Naturally"" Hand Sanitizer Spray w/ Lemongrass, Orange & Peppermint Essential Oils",Granny Smith All Natural,1 oz ea,4.9,40%,51.2%,6.86,7.41,8.0175%,None,109.76,118.56,,,Review,,909473,909473,0.0625,,,No approved Square match,,6.86,7.41,Percentage (actual Local Line setting),"Common proposed price for existing customer lists, including SNAP; No approved Square match; Square price left blank",No,LL 2026-10-01T17:03:29.099Z; Square 2026-10-01T17:01:23.965Z
1026136,1026136,Gardener's Scrub Soap Bar- Lemongrass and Rosemary,Granny Smith All Natural,4.5 oz ea,5.95,34.4538%,45.21%,8,8.64,8%,None,28.44,30.72,,,Review,,815781,815781,0.28125,,,No approved Square match,,8,8.64,Fixed price $8.00; equivalent % shown,"Common proposed price for existing customer lists, including SNAP; Current list prices range $8.00–$8.33; baseline is Herd Share Members; Local calculation differs from Local Line; No approved Square match; Square price left blank; Current percentage is equivalent, not a stored percentage setting; review conversion from the existing dollar adjustment.",No,LL 2026-10-01T17:03:29.099Z; Square 2026-10-01T17:01:23.965Z
1026134,1026134,Lavender Goodness Soap Bar,Granny Smith All Natural,4.5 oz ea,5.95,34.4538%,45.21%,8,8.64,8%,None,28.44,30.72,,,Review,,815779,815779,0.28125,,,No approved Square match,,8,8.64,Fixed price $8.00; equivalent % shown,"Common proposed price for existing customer lists, including SNAP; Current list prices range $8.00–$8.33; baseline is Herd Share Members; Local calculation differs from Local Line; No approved Square match; Square price left blank; Current percentage is equivalent, not a stored percentage setting; review conversion from the existing dollar adjustment.",Yes,LL 2026-10-01T17:03:29.099Z; Square 2026-10-01T17:01:23.965Z
1026135,1026135,Old King Charcoal Soap Bar- Cedarwood and Fir,Granny Smith All Natural,4.5 oz ea,5.95,34.4538%,45.21%,8,8.64,8%,None,28.44,30.72,,,Review,,815780,815780,0.28125,,,No approved Square match,,8,8.64,Fixed price $8.00; equivalent % shown,"Common proposed price for existing customer lists, including SNAP; Current list prices range $8.00–$8.33; baseline is Herd Share Members; Local calculation differs from Local Line; No approved Square match; Square price left blank; Current percentage is equivalent, not a stored percentage setting; review conversion from the existing dollar adjustment.",No,LL 2026-10-01T17:03:29.099Z; Square 2026-10-01T17:01:23.965Z
1033694,1033694,Oregon Peppermint Fields Soap Bar,Granny Smith All Natural,4.5 oz ea,5.95,34.4538%,45.21%,8,8.64,8%,None,28.44,30.72,,,Review,,829893,829893,0.28125,,,No approved Square match,,8,8.64,Fixed price $8.00; equivalent % shown,"Common proposed price for existing customer lists, including SNAP; Current list prices range $8.00–$8.33; baseline is Herd Share Members; Local calculation differs from Local Line; No approved Square match; Square price left blank; Current percentage is equivalent, not a stored percentage setting; review conversion from the existing dollar adjustment.",No,LL 2026-10-01T17:03:29.099Z; Square 2026-10-01T17:01:23.965Z
1026139,1026139,Shampoo Bar-  Honeysuckle,Granny Smith All Natural,4.5 oz ea,5.95,34.4538%,45.21%,8,8.64,8%,None,,,,,Review,,815785,815785,,,,No approved Square match,,8,8.64,Fixed price $8.00; equivalent % shown,"Common proposed price for existing customer lists, including SNAP; Current list prices range $8.00–$8.33; baseline is Herd Share Members; Local calculation differs from Local Line; No approved Square match; Square price left blank; Current percentage is equivalent, not a stored percentage setting; review conversion from the existing dollar adjustment.",No,LL 2026-10-01T17:03:29.099Z; Square 2026-10-01T17:01:23.965Z
1057489,1057489,Shampoo Bar-  Lavender,Granny Smith All Natural,4.5 oz ea,5.95,34.4538%,45.21%,8,8.64,8%,None,28.44,30.72,,,Review,,863250,863250,0.28125,,,No approved Square match,,8,8.64,Fixed price $8.00; equivalent % shown,"Common proposed price for existing customer lists, including SNAP; Current list prices range $8.00–$8.33; baseline is Herd Share Members; Local calculation differs from Local Line; No approved Square match; Square price left blank; Current percentage is equivalent, not a stored percentage setting; review conversion from the existing dollar adjustment.",Yes,LL 2026-10-01T17:03:29.099Z; Square 2026-10-01T17:01:23.965Z
1026137,1026137,Shampoo Bar-  Lemongrass,Granny Smith All Natural,4.5 oz ea,5.95,34.4538%,45.21%,8,8.64,8%,None,28.44,30.72,,,Review,,815782,815782,0.28125,,,No approved Square match,,8,8.64,Fixed price $8.00; equivalent % shown,"Common proposed price for existing customer lists, including SNAP; Current list prices range $8.00–$8.33; baseline is Herd Share Members; Local calculation differs from Local Line; No approved Square match; Square price left blank; Current percentage is equivalent, not a stored percentage setting; review conversion from the existing dollar adjustment.",Yes,LL 2026-10-01T17:03:29.099Z; Square 2026-10-01T17:01:23.965Z
1094108,1094108,Travel Size Bug Repellent Stick,Granny Smith All Natural,0.5 oz ea,5.95,40%,51.2%,8.33,9,8.0432%,None,266.56,288,,,Review,,908490,908490,0.03125,,,No approved Square match,,8.33,9,Percentage (actual Local Line setting),"Common proposed price for existing customer lists, including SNAP; No approved Square match; Square price left blank",Yes,LL 2026-10-01T17:03:29.099Z; Square 2026-10-01T17:01:23.965Z
1022551,1022551,Travel Size Healing Stick,Granny Smith All Natural,0.35 oz ea,4.9,42.8571%,54.29%,7,7.56,8%,None,320,345.6,,,Review,,810070,810070,0.021875,,,No approved Square match,,7,7.56,Fixed price $7.00; equivalent % shown,"Common proposed price for existing customer lists, including SNAP; Current list prices range $6.86–$7.00; baseline is Herd Share Members; Local calculation differs from Local Line; No approved Square match; Square price left blank; Current percentage is equivalent, not a stored percentage setting; review conversion from the existing dollar adjustment.",Yes,LL 2026-10-01T17:03:29.099Z; Square 2026-10-01T17:01:23.965Z
1127322,1127322,Travel Size Lotion Stick w/ Grapefruit Essential Oil,Granny Smith All Natural,0.5 oz ea,5.95,40%,51.2%,8.33,9,8.0432%,None,266.56,288,,,Review,,960324,960324,0.03125,,,No approved Square match,,8.33,9,Percentage (actual Local Line setting),"Common proposed price for existing customer lists, including SNAP; No approved Square match; Square price left blank",Yes,LL 2026-10-01T17:03:29.099Z; Square 2026-10-01T17:01:23.965Z
1127318,1127318,Travel Size Lotion Stick w/ Honeysuckle Essential Oil,Granny Smith All Natural,0.35 oz ea,4.2,40%,51.2%,5.88,6.35,7.9932%,None,,,,,Review,,960320,960320,,,,No approved Square match,,5.88,6.35,Percentage (actual Local Line setting),"Common proposed price for existing customer lists, including SNAP; No approved Square match; Square price left blank",No,LL 2026-10-01T17:03:29.099Z; Square 2026-10-01T17:01:23.965Z
1127319,1127319,Travel Size Lotion Stick w/ Lavender Essential Oil & Charcoal,Granny Smith All Natural,0.5 oz ea,5.95,40%,51.2%,8.33,9,8.0432%,None,266.56,288,,,Review,,960321,960321,0.03125,,,No approved Square match,,8.33,9,Percentage (actual Local Line setting),"Common proposed price for existing customer lists, including SNAP; No approved Square match; Square price left blank",Yes,LL 2026-10-01T17:03:29.099Z; Square 2026-10-01T17:01:23.965Z
1127321,1127321,Travel Size Lotion Stick w/ Lemongrass & Orange Essential Oils & Turmeric,Granny Smith All Natural,0.35 oz ea,4.2,40%,51.2%,5.88,6.35,7.9932%,None,268.8,290.29,,,Review,,960323,960323,0.021875,,,No approved Square match,,5.88,6.35,Percentage (actual Local Line setting),"Common proposed price for existing customer lists, including SNAP; No approved Square match; Square price left blank",Yes,LL 2026-10-01T17:03:29.099Z; Square 2026-10-01T17:01:23.965Z
1094107,1094107,Virtuous Lemon Soap Bar,Granny Smith All Natural,4.5 oz ea,5.95,34.4538%,45.21%,8,8.64,8%,None,28.44,30.72,,,Review,,908489,908489,0.28125,,,No approved Square match,,8,8.64,Fixed price $8.00; equivalent % shown,"Common proposed price for existing customer lists, including SNAP; Current list prices range $8.00–$8.33; baseline is Herd Share Members; Local calculation differs from Local Line; No approved Square match; Square price left blank; Current percentage is equivalent, not a stored percentage setting; review conversion from the existing dollar adjustment.",No,LL 2026-10-01T17:03:29.099Z; Square 2026-10-01T17:01:23.965Z
1122286,1122286,Baby Green Salad Mix (1/2 lb),Grazier's Garden,bag,4,40%,51.2%,5.6,6.05,8.0357%,None,,,,,Review,,950716,950716,,,,No approved Square match,,5.6,6.05,Percentage (actual Local Line setting),"Common proposed price for existing customer lists, including SNAP; No approved Square match; Square price left blank",No,LL 2026-10-01T17:03:29.099Z; Square 2026-10-01T17:01:23.965Z
1123569,1123569,Baby Kale (1/2lb),Grazier's Garden,bag,4,40%,51.2%,5.6,6.05,8.0357%,None,,,,,Review,,952531,952531,,,,No approved Square match,,5.6,6.05,Percentage (actual Local Line setting),"Common proposed price for existing customer lists, including SNAP; No approved Square match; Square price left blank",No,LL 2026-10-01T17:03:29.099Z; Square 2026-10-01T17:01:23.965Z
1018696,1018696,Blue Kuri Kabocha Squash,Grazier's Garden,ea,4,40%,51.2%,5.6,6.05,8.0357%,None,,,,,Review,,804395,804395,,,,No approved Square match,,5.6,6.05,Percentage (actual Local Line setting),"Common proposed price for existing customer lists, including SNAP; No approved Square match; Square price left blank",No,LL 2026-10-01T17:03:29.099Z; Square 2026-10-01T17:01:23.965Z
805858,805858,Broccoli Greens,Grazier's Garden,each,4.25,40%,51.2%,5.95,6.43,8.0672%,None,,,,,Review,,526916,526916,,,,No approved Square match,,5.95,6.43,Percentage (actual Local Line setting),"Common proposed price for existing customer lists, including SNAP; No approved Square match; Square price left blank",No,LL 2026-10-01T17:03:29.099Z; Square 2026-10-01T17:01:23.965Z
1017975,1017975,Bulk Carrots,Grazier's Garden,pound,2.2,40%,51.2%,3.08,3.33,8.1169%,None,3.08,3.33,,,Review,,803425,803425,1,,,No approved Square match,,3.08,3.33,Percentage (actual Local Line setting),"Common proposed price for existing customer lists, including SNAP; No approved Square match; Square price left blank",No,LL 2026-10-01T17:03:29.099Z; Square 2026-10-01T17:01:23.965Z
1004361,1004361,Bulk Red Beets - 5lb. bag,Grazier's Garden,5lb. bag,6.45,40%,51.2%,9.03,9.75,7.9734%,None,1.81,1.95,,,Review,,784289,784289,5,,,No approved Square match,,9.03,9.75,Percentage (actual Local Line setting),"Common proposed price for existing customer lists, including SNAP; No approved Square match; Square price left blank",No,LL 2026-10-01T17:03:29.099Z; Square 2026-10-01T17:01:23.965Z
805847,805847,Butternut Squash,Grazier's Garden,each,3.5,40%,51.2%,4.9,5.29,7.9592%,None,,,,,Review,,526905,526905,,,,No approved Square match,,4.9,5.29,Percentage (actual Local Line setting),"Common proposed price for existing customer lists, including SNAP; No approved Square match; Square price left blank",No,LL 2026-10-01T17:03:29.099Z; Square 2026-10-01T17:01:23.965Z
805769,805769,Cantaloupe,Grazier's Garden,each,4.75,40%,51.2%,6.65,7.18,7.9699%,None,,,,,Review,,526825,526825,,,,No approved Square match,,6.65,7.18,Percentage (actual Local Line setting),"Common proposed price for existing customer lists, including SNAP; No approved Square match; Square price left blank",No,LL 2026-10-01T17:03:29.099Z; Square 2026-10-01T17:01:23.965Z
1012284,1012284,Carrot (Baby) Bunch,Grazier's Garden,bu,2.7,40%,51.2%,3.78,4.08,7.9365%,None,,,,,Review,,795617,795617,,,,No approved Square match,,3.78,4.08,Percentage (actual Local Line setting),"Common proposed price for existing customer lists, including SNAP; No approved Square match; Square price left blank",No,LL 2026-10-01T17:03:29.099Z; Square 2026-10-01T17:01:23.965Z
1056158,1056158,Cauliflower,Grazier's Garden,ea,5,40%,51.2%,7,7.56,8%,None,,,,,Review,,861540,861540,,,,No approved Square match,,7,7.56,Percentage (actual Local Line setting),"Common proposed price for existing customer lists, including SNAP; No approved Square match; Square price left blank",No,LL 2026-10-01T17:03:29.099Z; Square 2026-10-01T17:01:23.965Z
1017030,1017030,Cornito Peppers,Grazier's Garden,pound,3.75,40%,51.2%,5.25,5.67,8%,None,5.25,5.67,,,Review,,802189,802189,1,,,No approved Square match,,5.25,5.67,Percentage (actual Local Line setting),"Common proposed price for existing customer lists, including SNAP; No approved Square match; Square price left blank",No,LL 2026-10-01T17:03:29.099Z; Square 2026-10-01T17:01:23.965Z
993775,993775,Dried English Lavender,Grazier's Garden,ea,3.4,40%,51.2%,4.76,5.14,7.9832%,None,,,,,Review,,766895,766895,,,,No approved Square match,,4.76,5.14,Percentage (actual Local Line setting),"Common proposed price for existing customer lists, including SNAP; No approved Square match; Square price left blank",No,LL 2026-10-01T17:03:29.099Z; Square 2026-10-01T17:01:23.965Z
805891,805891,Edible Calendula Flower,Grazier's Garden,each,4,40%,51.2%,5.6,6.05,8.0357%,None,,,,,Review,,526949,526949,,,,No approved Square match,,5.6,6.05,Percentage (actual Local Line setting),"Common proposed price for existing customer lists, including SNAP; No approved Square match; Square price left blank",No,LL 2026-10-01T17:03:29.099Z; Square 2026-10-01T17:01:23.965Z
976168,976168,French Breakfast Radish,Grazier's Garden,Bunch,2,40%,51.2%,2.8,3.02,7.8571%,None,,,,,Review,,741892,741892,,,,No approved Square match,,2.8,3.02,Percentage (actual Local Line setting),"Common proposed price for existing customer lists, including SNAP; No approved Square match; Square price left blank",No,LL 2026-10-01T17:03:29.099Z; Square 2026-10-01T17:01:23.965Z
981788,981788,Fresh Cherries,Grazier's Garden,1 pint,4.5,40%,51.2%,6.3,6.8,7.9365%,None,,,,,Review,,750321,750321,,,,No approved Square match,,6.3,6.8,Percentage (actual Local Line setting),"Common proposed price for existing customer lists, including SNAP; No approved Square match; Square price left blank",No,LL 2026-10-01T17:03:29.099Z; Square 2026-10-01T17:01:23.965Z
995640,995640,Fresh Chocolate Mint,Grazier's Garden,bu,2.5,40%,51.2%,3.5,3.78,8%,None,,,,,Review,,770068,770068,,,,No approved Square match,,3.5,3.78,Percentage (actual Local Line setting),"Common proposed price for existing customer lists, including SNAP; No approved Square match; Square price left blank",No,LL 2026-10-01T17:03:29.099Z; Square 2026-10-01T17:01:23.965Z
1004523,1004523,Fresh Cilantro,Grazier's Garden,bunch,3,40%,51.2%,4.2,4.54,8.0952%,None,,,,,Review,,784559,784559,,,,No approved Square match,,4.2,4.54,Percentage (actual Local Line setting),"Common proposed price for existing customer lists, including SNAP; No approved Square match; Square price left blank",No,LL 2026-10-01T17:03:29.099Z; Square 2026-10-01T17:01:23.965Z
982957,982957,Fresh Lavender,Grazier's Garden,bu,3.75,40%,51.2%,5.25,5.67,8%,None,,,,,Review,,751661,751661,,,,No approved Square match,,5.25,5.67,Percentage (actual Local Line setting),"Common proposed price for existing customer lists, including SNAP; No approved Square match; Square price left blank",No,LL 2026-10-01T17:03:29.099Z; Square 2026-10-01T17:01:23.965Z
805936,805936,Fresh Oregano,Grazier's Garden,Bunch,2,40%,51.2%,2.8,3.02,7.8571%,None,,,,,Review,,526996,526996,,,,No approved Square match,,2.8,3.02,Percentage (actual Local Line setting),"Common proposed price for existing customer lists, including SNAP; No approved Square match; Square price left blank",No,LL 2026-10-01T17:03:29.099Z; Square 2026-10-01T17:01:23.965Z
805813,805813,Fresh Rosemary,Grazier's Garden,each,2,40%,51.2%,2.8,3.02,7.8571%,None,,,,,Review,,526870,526870,,,,No approved Square match,,2.8,3.02,Percentage (actual Local Line setting),"Common proposed price for existing customer lists, including SNAP; No approved Square match; Square price left blank",Yes,LL 2026-10-01T17:03:29.099Z; Square 2026-10-01T17:01:23.965Z
1107077,1107077,Fresh Sage,Grazier's Garden,bu,2.85,40%,51.2%,3.99,4.31,8.0201%,None,,,,,Review,,925321,925321,,,,No approved Square match,,3.99,4.31,Percentage (actual Local Line setting),"Common proposed price for existing customer lists, including SNAP; No approved Square match; Square price left blank",No,LL 2026-10-01T17:03:29.099Z; Square 2026-10-01T17:01:23.965Z
805809,805809,Fresh Spearmint,Grazier's Garden,Bunch,2,40%,51.2%,2.8,3.02,7.8571%,None,,,,,Review,,526867,526867,,,,No approved Square match,,2.8,3.02,Percentage (actual Local Line setting),"Common proposed price for existing customer lists, including SNAP; No approved Square match; Square price left blank",No,LL 2026-10-01T17:03:29.099Z; Square 2026-10-01T17:01:23.965Z
995529,995529,Fresh Strawberries,Grazier's Garden,each,1.75,40%,51.2%,2.45,2.65,8.1633%,None,,,,,Review,,769872,769872,,,,No approved Square match,,2.45,2.65,Percentage (actual Local Line setting),"Common proposed price for existing customer lists, including SNAP; No approved Square match; Square price left blank",No,LL 2026-10-01T17:03:29.099Z; Square 2026-10-01T17:01:23.965Z
805767,805767,Fresh Strawberries,Grazier's Garden,Pint,4.25,40%,51.2%,5.95,6.43,8.0672%,None,,,,,Review,,526823,526823,,,,No approved Square match,,5.95,6.43,Percentage (actual Local Line setting),"Common proposed price for existing customer lists, including SNAP; No approved Square match; Square price left blank",No,LL 2026-10-01T17:03:29.099Z; Square 2026-10-01T17:01:23.965Z
964210,964210,Fresh Thyme,Grazier's Garden,each,2.85,40%,51.2%,3.99,4.31,8.0201%,None,,,,,Review,,725645,725645,,,,No approved Square match,,3.99,4.31,Percentage (actual Local Line setting),"Common proposed price for existing customer lists, including SNAP; No approved Square match; Square price left blank",No,LL 2026-10-01T17:03:29.099Z; Square 2026-10-01T17:01:23.965Z
991582,991582,Frozen Blackberries,Grazier's Garden,lb,10,40%,51.2%,14,15.12,8%,None,14,15.12,,,Review,,764004,764004,1,,,No approved Square match,,14,15.12,Percentage (actual Local Line setting),"Common proposed price for existing customer lists, including SNAP; No approved Square match; Square price left blank",No,LL 2026-10-01T17:03:29.099Z; Square 2026-10-01T17:01:23.965Z
972698,972698,Frozen Cherry Tomatoes,Grazier's Garden,1 lb,3.75,40%,51.2%,5.25,5.67,8%,None,5.25,5.67,,,Review,,737048,737048,1,,,No approved Square match,,5.25,5.67,Percentage (actual Local Line setting),"Common proposed price for existing customer lists, including SNAP; No approved Square match; Square price left blank",No,LL 2026-10-01T17:03:29.099Z; Square 2026-10-01T17:01:23.965Z
975655,975655,Frozen Golden Cherry Tomatoes,Grazier's Garden,lb,4,40%,51.2%,5.6,6.05,8.0357%,None,5.6,6.05,,,Review,,741109,741109,1,,,No approved Square match,,5.6,6.05,Percentage (actual Local Line setting),"Common proposed price for existing customer lists, including SNAP; No approved Square match; Square price left blank",No,LL 2026-10-01T17:03:29.099Z; Square 2026-10-01T17:01:23.965Z
1004866,1004866,Frozen Heirloom Tomatoes,Grazier's Garden,Frozen Tomatoes,1.5,40%,51.2%,2.1,2.27,8.0952%,None,2.1,2.27,,,Review,,785038,785038,1,,,No approved Square match,,2.1,2.27,Percentage (actual Local Line setting),"Common proposed price for existing customer lists, including SNAP; No approved Square match; Square price left blank",Yes,LL 2026-10-01T17:03:29.099Z; Square 2026-10-01T17:01:23.965Z
988134,988134,Frozen Pitted Cherries,Grazier's Garden,lb,10,40%,51.2%,14,15.12,8%,None,14,15.12,,,Review,,759450,759450,1,,,No approved Square match,,14,15.12,Percentage (actual Local Line setting),"Common proposed price for existing customer lists, including SNAP; No approved Square match; Square price left blank",No,LL 2026-10-01T17:03:29.099Z; Square 2026-10-01T17:01:23.965Z
1122274,1122274,Garlic Scapes,Grazier's Garden,bu,2,40%,51.2%,2.8,3.02,7.8571%,None,,,,,Review,,950702,950702,,,,No approved Square match,,2.8,3.02,Percentage (actual Local Line setting),"Common proposed price for existing customer lists, including SNAP; No approved Square match; Square price left blank",No,LL 2026-10-01T17:03:29.099Z; Square 2026-10-01T17:01:23.965Z
978368,978368,Grazier's Salad Mix,Grazier's Garden,1/2 lb,4,40%,51.2%,5.6,6.05,8.0357%,Active — retain sale; rate unavailable,11.2,12.1,,,Hold,,745074,745074,0.5,,,No approved Square match,,,,Percentage (actual Local Line setting),"Common proposed price for existing customer lists, including SNAP; Retain active Local Line sale; local sale flag differs; Sale flag retained; regular price/discount must be checked before publication; No approved Square match; Square price left blank; The Local Line markup already includes the sale reduction. Do not discount the calculated package price again. Retain each list’s sale flag and scale its valid regular price by the selling-price change.; HOLD: existing sale has no valid regular reference; sale discount cannot be verified.",No,LL 2026-10-01T17:03:29.099Z; Square 2026-10-01T17:01:23.965Z
805922,805922,Green Tomatoes,Grazier's Garden,1 lb,2,40%,51.2%,2.8,3.02,7.8571%,None,2.8,3.02,,,Review,,526982,526982,1,,,No approved Square match,,2.8,3.02,Percentage (actual Local Line setting),"Common proposed price for existing customer lists, including SNAP; No approved Square match; Square price left blank",Yes,LL 2026-10-01T17:03:29.099Z; Square 2026-10-01T17:01:23.965Z
1000029,1000029,Heirloom Tomatoes,Grazier's Garden,pound,3.25,40%,51.2%,4.55,4.91,7.9121%,24% — retained,4.55,4.91,,,Review,,777061,777061,1,,,No approved Square match,,5.99,6.46,Percentage (actual Local Line setting),"Common proposed price for existing customer lists, including SNAP; Retain active Local Line sale; local sale flag differs; No approved Square match; Square price left blank; The Local Line markup already includes the sale reduction. Do not discount the calculated package price again. Retain each list’s sale flag and scale its valid regular price by the selling-price change.",No,LL 2026-10-01T17:03:29.099Z; Square 2026-10-01T17:01:23.965Z
805757,805757,Honeydew Melon,Grazier's Garden,each,6.65,40%,51.2%,9.31,10.05,7.9484%,None,,,,,Review,,526812,526812,,,,No approved Square match,,9.31,10.05,Percentage (actual Local Line setting),"Common proposed price for existing customer lists, including SNAP; No approved Square match; Square price left blank",No,LL 2026-10-01T17:03:29.099Z; Square 2026-10-01T17:01:23.965Z
812620,812620,Italian Eggplant,Grazier's Garden,pound,2.8,40%,51.2%,3.92,4.23,7.9082%,None,3.92,4.23,,,Review,,534488,534488,1,,,No approved Square match,,3.92,4.23,Percentage (actual Local Line setting),"Common proposed price for existing customer lists, including SNAP; No approved Square match; Square price left blank",Yes,LL 2026-10-01T17:03:29.099Z; Square 2026-10-01T17:01:23.965Z
1000031,1000031,Italian Sweet Frying Peppers,Grazier's Garden,1 lb,2.5,40%,51.2%,3.5,3.78,8%,None,3.5,3.78,,,Review,,777063,777063,1,,,No approved Square match,,3.5,3.78,Percentage (actual Local Line setting),"Common proposed price for existing customer lists, including SNAP; No approved Square match; Square price left blank",No,LL 2026-10-01T17:03:29.099Z; Square 2026-10-01T17:01:23.965Z
1091600,1091600,Kale Raab,Grazier's Garden,bu,3.5,40%,51.2%,4.9,5.29,7.9592%,None,,,,,Review,,905262,905262,,,,No approved Square match,,4.9,5.29,Percentage (actual Local Line setting),"Common proposed price for existing customer lists, including SNAP; No approved Square match; Square price left blank",No,LL 2026-10-01T17:03:29.099Z; Square 2026-10-01T17:01:23.965Z
1091602,1091602,Lacinato Kale,Grazier's Garden,bu,3,0%,8%,3,3.24,8%,None,,,,,Review,,905264,905264,,,,No approved Square match,,3,3.24,No adjustment (0%),"Common proposed price for existing customer lists, including SNAP; Current list prices range $3.00–$4.20; baseline is Herd Share Members; Local calculation differs from Local Line; No approved Square match; Square price left blank",No,LL 2026-10-01T17:03:29.099Z; Square 2026-10-01T17:01:23.965Z
914550,914550,Mini Watermelon,Grazier's Garden,pound,2,40%,51.2%,2.8,3.02,7.8571%,None,2.8,3.02,,,Review,,660245,660245,1,,,No approved Square match,,2.8,3.02,Percentage (actual Local Line setting),"Common proposed price for existing customer lists, including SNAP; No approved Square match; Square price left blank",No,LL 2026-10-01T17:03:29.099Z; Square 2026-10-01T17:01:23.965Z
882733,882733,Mixed salad greens,Grazier's Garden,1/2 lb,5,40%,51.2%,7,7.56,8%,None,14,15.12,,,Review,,619491,619491,0.5,,,No approved Square match,,7,7.56,Percentage (actual Local Line setting),"Common proposed price for existing customer lists, including SNAP; No approved Square match; Square price left blank",No,LL 2026-10-01T17:03:29.099Z; Square 2026-10-01T17:01:23.965Z
805862,805862,Oxheart Heirloom Tomatoes,Grazier's Garden,1 lb,4,40%,51.2%,5.6,6.05,8.0357%,None,5.6,6.05,,,Review,,526920,526920,1,,,No approved Square match,,5.6,6.05,Percentage (actual Local Line setting),"Common proposed price for existing customer lists, including SNAP; No approved Square match; Square price left blank",No,LL 2026-10-01T17:03:29.099Z; Square 2026-10-01T17:01:23.965Z
805855,805855,Paste Tomatoes,Grazier's Garden,1 lb,2.5,40%,51.2%,3.5,3.78,8%,22.57% — retained,3.5,3.78,,,Review,,526913,526913,1,,,No approved Square match,,4.52,4.88,Percentage (actual Local Line setting),"Common proposed price for existing customer lists, including SNAP; Retain active Local Line sale; local sale flag differs; No approved Square match; Square price left blank; The Local Line markup already includes the sale reduction. Do not discount the calculated package price again. Retain each list’s sale flag and scale its valid regular price by the selling-price change.",No,LL 2026-10-01T17:03:29.099Z; Square 2026-10-01T17:01:23.965Z
986031,986031,Pehoski Purple Bulb Garlic,Grazier's Garden,1/2 lb,5,40%,51.2%,7,7.56,8%,None,14,15.12,,,Review,,756214,756214,0.5,,,No approved Square match,,7,7.56,Percentage (actual Local Line setting),"Common proposed price for existing customer lists, including SNAP; No approved Square match; Square price left blank",No,LL 2026-10-01T17:03:29.099Z; Square 2026-10-01T17:01:23.965Z
905272,905272,Pickled Garlic Scapes,Grazier's Garden,pt,8,40%,51.2%,11.2,12.1,8.0357%,None,,,,,Review,,648936,648936,,,,No approved Square match,,11.2,12.1,Percentage (actual Local Line setting),"Common proposed price for existing customer lists, including SNAP; No approved Square match; Square price left blank",No,LL 2026-10-01T17:03:29.099Z; Square 2026-10-01T17:01:23.965Z
805933,805933,Purple Bell Peppers,Grazier's Garden,each,2,40%,51.2%,2.8,3.02,7.8571%,None,2.8,3.02,,,Review,,526993,526993,1,,,No approved Square match,,2.8,3.02,Percentage (actual Local Line setting),"Common proposed price for existing customer lists, including SNAP; No approved Square match; Square price left blank",No,LL 2026-10-01T17:03:29.099Z; Square 2026-10-01T17:01:23.965Z
1011853,1011853,Purple Bell Peppers,Grazier's Garden,each,2,40%,51.2%,2.8,3.02,7.8571%,None,,,,,Review,,794969,794969,,,,No approved Square match,,2.8,3.02,Percentage (actual Local Line setting),"Common proposed price for existing customer lists, including SNAP; No approved Square match; Square price left blank",No,LL 2026-10-01T17:03:29.099Z; Square 2026-10-01T17:01:23.965Z
805951,805951,Purple Onion,Grazier's Garden,each,4.75,40%,51.2%,6.65,7.18,7.9699%,None,,,,,Review,,527011,527011,,,,No approved Square match,,6.65,7.18,Percentage (actual Local Line setting),"Common proposed price for existing customer lists, including SNAP; No approved Square match; Square price left blank",No,LL 2026-10-01T17:03:29.099Z; Square 2026-10-01T17:01:23.965Z
805955,805955,Purple Sprouting Broccoli,Grazier's Garden,each,2.75,40%,51.2%,3.85,4.16,8.0519%,None,,,,,Review,,527015,527015,,,,No approved Square match,,3.85,4.16,Percentage (actual Local Line setting),"Common proposed price for existing customer lists, including SNAP; No approved Square match; Square price left blank",No,LL 2026-10-01T17:03:29.099Z; Square 2026-10-01T17:01:23.965Z
805958,805958,Rainbow Chard,Grazier's Garden,each,2.14,40%,51.2%,3,3.24,8%,None,,,,,Review,,527019,527019,,,,No approved Square match,,3,3.24,Percentage (actual Local Line setting),"Common proposed price for existing customer lists, including SNAP; No approved Square match; Square price left blank",No,LL 2026-10-01T17:03:29.099Z; Square 2026-10-01T17:01:23.965Z
805965,805965,Red Slicer Tomato,Grazier's Garden,lb,2,40%,51.2%,2.8,3.02,7.8571%,None,2.8,3.02,,,Review,,527025,527025,1,,,No approved Square match,,2.8,3.02,Percentage (actual Local Line setting),"Common proposed price for existing customer lists, including SNAP; No approved Square match; Square price left blank",No,LL 2026-10-01T17:03:29.099Z; Square 2026-10-01T17:01:23.965Z
805986,805986,Red Slicer Tomatoes,Grazier's Garden,1 lb,2.2,40%,51.2%,3.08,3.33,8.1169%,31.86% — retained,3.08,3.33,,,Review,,527045,527045,1,,,No approved Square match,,4.52,4.89,Percentage (actual Local Line setting),"Common proposed price for existing customer lists, including SNAP; Retain active Local Line sale; local sale flag differs; No approved Square match; Square price left blank; The Local Line markup already includes the sale reduction. Do not discount the calculated package price again. Retain each list’s sale flag and scale its valid regular price by the selling-price change.",No,LL 2026-10-01T17:03:29.099Z; Square 2026-10-01T17:01:23.965Z
1128173,1128173,Salad Turnips (Hakurei),Grazier's Garden,bu,2.25,40%,51.2%,3.15,3.4,7.9365%,None,,,,,Review,,961508,961508,,,,No approved Square match,,3.15,3.4,Percentage (actual Local Line setting),"Common proposed price for existing customer lists, including SNAP; Local calculation differs from Local Line; No approved Square match; Square price left blank",No,LL 2026-10-01T17:03:29.099Z; Square 2026-10-01T17:01:23.965Z
910701,910701,Shishito Pepper Pint,Grazier's Garden,each,2.75,50%,62%,4.13,4.46,7.9903%,None,,,,,Review,,655777,655777,,,,No approved Square match,,4.13,4.46,Percentage (actual Local Line setting),"Common proposed price for existing customer lists, including SNAP; Current list prices range $3.85–$4.13; baseline is Herd Share Members; Local calculation differs from Local Line; No approved Square match; Square price left blank",No,LL 2026-10-01T17:03:29.099Z; Square 2026-10-01T17:01:23.965Z
986027,986027,Shishito Peppers,Grazier's Garden,1/2 lb,3,40%,51.2%,4.2,4.54,8.0952%,None,8.4,9.08,,,Review,,756207,756207,0.5,,,No approved Square match,,4.2,4.54,Percentage (actual Local Line setting),"Common proposed price for existing customer lists, including SNAP; No approved Square match; Square price left blank",No,LL 2026-10-01T17:03:29.099Z; Square 2026-10-01T17:01:23.965Z
896390,896390,Shishito Peppers,Grazier's Garden,Lb.,2.25,40%,51.2%,3.15,3.4,7.9365%,None,,,,,Review,,637202,637202,,,,No approved Square match,,3.15,3.4,Percentage (actual Local Line setting),"Common proposed price for existing customer lists, including SNAP; No approved Square match; Square price left blank",No,LL 2026-10-01T17:03:29.099Z; Square 2026-10-01T17:01:23.965Z
805999,805999,Sora Radish,Grazier's Garden,each,2,40%,51.2%,2.8,3.02,7.8571%,None,,,,,Review,,527059,527059,,,,No approved Square match,,2.8,3.02,Percentage (actual Local Line setting),"Common proposed price for existing customer lists, including SNAP; No approved Square match; Square price left blank",No,LL 2026-10-01T17:03:29.099Z; Square 2026-10-01T17:01:23.965Z
812624,812624,Spanish Onion,Grazier's Garden,pound,3.75,40%,51.2%,5.25,5.67,8%,None,5.25,5.67,,,Review,,534492,534492,1,,,No approved Square match,,5.25,5.67,Percentage (actual Local Line setting),"Common proposed price for existing customer lists, including SNAP; No approved Square match; Square price left blank",No,LL 2026-10-01T17:03:29.099Z; Square 2026-10-01T17:01:23.965Z
805814,805814,Speckled Roman Tomato,Grazier's Garden,1 lb,4.25,40%,51.2%,5.95,6.43,8.0672%,None,5.95,6.43,,,Review,,526871,526871,1,,,No approved Square match,,5.95,6.43,Percentage (actual Local Line setting),"Common proposed price for existing customer lists, including SNAP; No approved Square match; Square price left blank",No,LL 2026-10-01T17:03:29.099Z; Square 2026-10-01T17:01:23.965Z
1128174,1128174,Spinach (1/2 lb),Grazier's Garden,bag,4.3,40%,51.2%,6.02,6.5,7.9734%,None,,,,,Review,,961510,961510,,,,No approved Square match,,6.02,6.5,Percentage (actual Local Line setting),"Common proposed price for existing customer lists, including SNAP; No approved Square match; Square price left blank",No,LL 2026-10-01T17:03:29.099Z; Square 2026-10-01T17:01:23.965Z
995638,995638,Squash Abundance,Grazier's Garden,pound,0,,,0,,,None,,,,,Hold,,770066,770066,,,,No approved Square match,,0,,Unavailable,"Common proposed price for existing customer lists, including SNAP; No approved Square match; Square price left blank; HOLD: zero base price cannot produce a percentage markup.",No,LL 2026-10-01T17:03:29.099Z; Square 2026-10-01T17:01:23.965Z
997517,997517,Winterbor Mixed Curly Kale Bunch,Grazier's Garden,bu,3,40%,51.2%,4.2,4.54,8.0952%,None,,,,,Review,,772950,772950,,,,No approved Square match,,4.2,4.54,Percentage (actual Local Line setting),"Common proposed price for existing customer lists, including SNAP; No approved Square match; Square price left blank",No,LL 2026-10-01T17:03:29.099Z; Square 2026-10-01T17:01:23.965Z
805841,805841,Yellow Summer Squash,Grazier's Garden,1 lb,2,40%,51.2%,2.8,3.02,7.8571%,None,2.8,3.02,,,Review,,526899,526899,1,,,No approved Square match,,2.8,3.02,Percentage (actual Local Line setting),"Common proposed price for existing customer lists, including SNAP; No approved Square match; Square price left blank",No,LL 2026-10-01T17:03:29.099Z; Square 2026-10-01T17:01:23.965Z
995639,995639,Zinnia Bouquet,Grazier's Garden,ea,6.75,40%,51.2%,9.45,10.21,8.0423%,None,,,,,Review,,770067,770067,,,,No approved Square match,,9.45,10.21,Percentage (actual Local Line setting),"Common proposed price for existing customer lists, including SNAP; No approved Square match; Square price left blank",No,LL 2026-10-01T17:03:29.099Z; Square 2026-10-01T17:01:23.965Z
1004525,1004525,Zinnia Bunch,Grazier's Garden,bu,4,40%,51.2%,5.6,6.05,8.0357%,None,,,,,Review,,784561,784561,,,,No approved Square match,,5.6,6.05,Percentage (actual Local Line setting),"Common proposed price for existing customer lists, including SNAP; No approved Square match; Square price left blank",No,LL 2026-10-01T17:03:29.099Z; Square 2026-10-01T17:01:23.965Z
805730,805730,The Daily Jar Tote/Jar Bag: Organic Waxed Canvas-WFTO Certified,Jar Joy Goods,each,41.95,40%,51.2%,58.73,63.43,8.0027%,None,,,,,Review,,526785,526785,,,,No approved Square match,,58.73,63.43,Percentage (actual Local Line setting),"Common proposed price for existing customer lists, including SNAP; No approved Square match; Square price left blank",Yes,LL 2026-10-01T17:03:29.099Z; Square 2026-10-01T17:01:23.965Z
805731,805731,The Insulated Jar Tote/Jar Bag: Hemp + Natural Rubber (Yulex),Jar Joy Goods,each,110.5,30%,40.4%,143.65,155.14,7.9986%,None,,,,,Review,,526786,526786,,,,No approved Square match,,143.65,155.14,Percentage (actual Local Line setting),"Common proposed price for existing customer lists, including SNAP; Current list prices range $143.65–$154.70; baseline is Herd Share Members; Local calculation differs from Local Line; No approved Square match; Square price left blank",Yes,LL 2026-10-01T17:03:29.099Z; Square 2026-10-01T17:01:23.965Z
1108430,1108430,Baby Bok Choi,Little Wings,Bunch,2.25,40%,51.2%,3.15,3.4,7.9365%,None,,,,,Review,,927191,927191,,,,No approved Square match,,3.15,3.4,Percentage (actual Local Line setting),"Common proposed price for existing customer lists, including SNAP; No approved Square match; Square price left blank",No,LL 2026-10-01T17:03:29.099Z; Square 2026-10-01T17:01:23.965Z
883820,883820,Basil,Little Wings,1 bu.,2.25,40%,51.2%,3.15,3.4,7.9365%,None,,,,,Review,,621072,621072,,,,No approved Square match,,3.15,3.4,Percentage (actual Local Line setting),"Common proposed price for existing customer lists, including SNAP; No approved Square match; Square price left blank",No,LL 2026-10-01T17:03:29.099Z; Square 2026-10-01T17:01:23.965Z
812659,812659,Cilantro,Little Wings,bu,2,40%,51.2%,2.8,3.02,7.8571%,None,,,,,Review,,534527,534527,,,,No approved Square match,,2.8,3.02,Percentage (actual Local Line setting),"Common proposed price for existing customer lists, including SNAP; No approved Square match; Square price left blank",Yes,LL 2026-10-01T17:03:29.099Z; Square 2026-10-01T17:01:23.965Z
991548,991548,Cosmic Gold Potato,Little Wings,lb,2.25,40%,51.2%,3.15,3.4,7.9365%,None,3.15,3.4,,,Review,,763969,763969,1,,,No approved Square match,,3.15,3.4,Percentage (actual Local Line setting),"Common proposed price for existing customer lists, including SNAP; No approved Square match; Square price left blank",No,LL 2026-10-01T17:03:29.099Z; Square 2026-10-01T17:01:23.965Z
812656,812656,Dino Lacinato Kale,Little Wings,bu,2,40%,51.2%,2.8,3.02,7.8571%,None,,,,,Review,,534524,534524,,,,No approved Square match,,2.8,3.02,Percentage (actual Local Line setting),"Common proposed price for existing customer lists, including SNAP; No approved Square match; Square price left blank",Yes,LL 2026-10-01T17:03:29.099Z; Square 2026-10-01T17:01:23.965Z
805893,805893,Fava Beans,Little Wings,1 lb,2.2,40%,51.2%,3.08,3.33,8.1169%,None,3.08,3.33,,,Review,,526952,526952,1,,,No approved Square match,,3.08,3.33,Percentage (actual Local Line setting),"Common proposed price for existing customer lists, including SNAP; No approved Square match; Square price left blank",No,LL 2026-10-01T17:03:29.099Z; Square 2026-10-01T17:01:23.965Z
805898,805898,Fennel,Little Wings,each,2.25,40%,51.2%,3.15,3.4,7.9365%,None,,,,,Review,,526956,526956,,,,No approved Square match,,3.15,3.4,Percentage (actual Local Line setting),"Common proposed price for existing customer lists, including SNAP; No approved Square match; Square price left blank",Yes,LL 2026-10-01T17:03:29.099Z; Square 2026-10-01T17:01:23.965Z
805911,805911,Frisee Lettuce,Little Wings,each,2.5,40%,51.2%,3.5,3.78,8%,None,,,,,Review,,526969,526969,,,,No approved Square match,,3.5,3.78,Percentage (actual Local Line setting),"Common proposed price for existing customer lists, including SNAP; No approved Square match; Square price left blank",Yes,LL 2026-10-01T17:03:29.099Z; Square 2026-10-01T17:01:23.965Z
805869,805869,Green  Butterhead Lettuce,Little Wings,each,2,40%,51.2%,2.8,3.02,7.8571%,None,,,,,Review,,526927,526927,,,,No approved Square match,,2.8,3.02,Percentage (actual Local Line setting),"Common proposed price for existing customer lists, including SNAP; No approved Square match; Square price left blank",No,LL 2026-10-01T17:03:29.099Z; Square 2026-10-01T17:01:23.965Z
897379,897379,Green beans,Little Wings,pound,4.5,40%,51.2%,6.3,6.8,7.9365%,None,6.3,6.8,,,Review,,638626,638626,1,,,No approved Square match,,6.3,6.8,Percentage (actual Local Line setting),"Common proposed price for existing customer lists, including SNAP; No approved Square match; Square price left blank",No,LL 2026-10-01T17:03:29.099Z; Square 2026-10-01T17:01:23.965Z
980329,980329,Green Broccolini,Little Wings,each,2.75,40%,51.2%,3.85,4.16,8.0519%,None,,,,,Review,,748244,748244,,,,No approved Square match,,3.85,4.16,Percentage (actual Local Line setting),"Common proposed price for existing customer lists, including SNAP; No approved Square match; Square price left blank",No,LL 2026-10-01T17:03:29.099Z; Square 2026-10-01T17:01:23.965Z
805848,805848,Green Curly Kale,Little Wings,each,2,40%,51.2%,2.8,3.02,7.8571%,None,,,,,Review,,526906,526906,,,,No approved Square match,,2.8,3.02,Percentage (actual Local Line setting),"Common proposed price for existing customer lists, including SNAP; No approved Square match; Square price left blank",Yes,LL 2026-10-01T17:03:29.099Z; Square 2026-10-01T17:01:23.965Z
982583,982583,Green Kohlrabi,Little Wings,1 bunch,2.25,40%,51.2%,3.15,3.4,7.9365%,None,,,,,Review,,751076,751076,,,,No approved Square match,,3.15,3.4,Percentage (actual Local Line setting),"Common proposed price for existing customer lists, including SNAP; No approved Square match; Square price left blank",No,LL 2026-10-01T17:03:29.099Z; Square 2026-10-01T17:01:23.965Z
1129571,1129571,Green Kohlrabi,Little Wings,1 lb,2.25,40%,51.2%,3.15,3.4,7.9365%,None,3.15,3.4,,,Review,,963330,963330,1,,,No approved Square match,,3.15,3.4,Percentage (actual Local Line setting),"Common proposed price for existing customer lists, including SNAP; No approved Square match; Square price left blank",No,LL 2026-10-01T17:03:29.099Z; Square 2026-10-01T17:01:23.965Z
1006109,1006109,Green Lunchbox Peppers,Little Wings,1 lb,4,40%,51.2%,5.6,6.05,8.0357%,None,5.6,6.05,,,Review,,786672,786672,1,,,No approved Square match,,5.6,6.05,Percentage (actual Local Line setting),"Common proposed price for existing customer lists, including SNAP; No approved Square match; Square price left blank",No,LL 2026-10-01T17:03:29.099Z; Square 2026-10-01T17:01:23.965Z
805856,805856,Green Mizuna,Little Wings,each,2.25,40%,51.2%,3.15,3.4,7.9365%,None,,,,,Review,,526915,526915,,,,No approved Square match,,3.15,3.4,Percentage (actual Local Line setting),"Common proposed price for existing customer lists, including SNAP; No approved Square match; Square price left blank",No,LL 2026-10-01T17:03:29.099Z; Square 2026-10-01T17:01:23.965Z
980311,980311,Green Zucchini,Little Wings,1 lb,1.75,40%,51.2%,2.45,2.65,8.1633%,None,2.45,2.65,,,Review,,748218,748218,1,,,No approved Square match,,2.45,2.65,Percentage (actual Local Line setting),"Common proposed price for existing customer lists, including SNAP; No approved Square match; Square price left blank",No,LL 2026-10-01T17:03:29.099Z; Square 2026-10-01T17:01:23.965Z
912730,912730,Hakurei Turnips,Little Wings,1 bunch,2.5,40%,51.2%,3.5,3.78,8%,None,,,,,Review,,658104,658104,,,,No approved Square match,,3.5,3.78,Percentage (actual Local Line setting),"Common proposed price for existing customer lists, including SNAP; No approved Square match; Square price left blank",No,LL 2026-10-01T17:03:29.099Z; Square 2026-10-01T17:01:23.965Z
805934,805934,"Herb Bundle: Rosemary, Thyme and Sage Combo",Little Wings,each,2,40%,51.2%,2.8,3.02,7.8571%,None,,,,,Review,,526994,526994,,,,No approved Square match,,2.8,3.02,Percentage (actual Local Line setting),"Common proposed price for existing customer lists, including SNAP; No approved Square match; Square price left blank",Yes,LL 2026-10-01T17:03:29.099Z; Square 2026-10-01T17:01:23.965Z
805929,805929,Hungarian Hot Wax Pepper,Little Wings,lb.,4.25,40%,51.2%,5.95,6.43,8.0672%,None,,,,,Review,,526989,526989,,,,No approved Square match,,5.95,6.43,Percentage (actual Local Line setting),"Common proposed price for existing customer lists, including SNAP; No approved Square match; Square price left blank",Yes,LL 2026-10-01T17:03:29.099Z; Square 2026-10-01T17:01:23.965Z
805939,805939,Jalapeño Peppers,Little Wings,Lb.,3.5,40%,51.2%,4.9,5.29,7.9592%,None,,,,,Review,,526999,526999,,,,No approved Square match,,4.9,5.29,Percentage (actual Local Line setting),"Common proposed price for existing customer lists, including SNAP; No approved Square match; Square price left blank",No,LL 2026-10-01T17:03:29.099Z; Square 2026-10-01T17:01:23.965Z
1004981,1004981,Lunchbox Peppers,Little Wings,1 pound bag,4.5,40%,51.2%,6.3,6.8,7.9365%,None,6.3,6.8,,,Review,,785189,785189,1,,,No approved Square match,,6.3,6.8,Percentage (actual Local Line setting),"Common proposed price for existing customer lists, including SNAP; No approved Square match; Square price left blank",No,LL 2026-10-01T17:03:29.099Z; Square 2026-10-01T17:01:23.965Z
994208,994208,Muncher Cucumber,Little Wings,lb,2.5,40%,51.2%,3.5,3.78,8%,None,3.5,3.78,,,Review,,767741,767741,1,,,No approved Square match,,3.5,3.78,Percentage (actual Local Line setting),"Common proposed price for existing customer lists, including SNAP; No approved Square match; Square price left blank",No,LL 2026-10-01T17:03:29.099Z; Square 2026-10-01T17:01:23.965Z
805975,805975,Orange Bell Pepper,Little Wings,1 lb,4.4,40%,51.2%,6.16,6.65,7.9545%,None,6.16,6.65,,,Review,,527035,527035,1,,,No approved Square match,,6.16,6.65,Percentage (actual Local Line setting),"Common proposed price for existing customer lists, including SNAP; No approved Square match; Square price left blank",No,LL 2026-10-01T17:03:29.099Z; Square 2026-10-01T17:01:23.965Z
812658,812658,Parsley,Little Wings,bu,2,40%,51.2%,2.8,3.02,7.8571%,None,,,,,Review,,534526,534526,,,,No approved Square match,,2.8,3.02,Percentage (actual Local Line setting),"Common proposed price for existing customer lists, including SNAP; No approved Square match; Square price left blank",No,LL 2026-10-01T17:03:29.099Z; Square 2026-10-01T17:01:23.965Z
805940,805940,Pea Shoots,Little Wings,4 oz,3.25,40%,51.2%,4.55,4.91,7.9121%,None,18.2,19.64,,,Review,,527000,527000,0.25,,,No approved Square match,,4.55,4.91,Percentage (actual Local Line setting),"Common proposed price for existing customer lists, including SNAP; No approved Square match; Square price left blank",No,LL 2026-10-01T17:03:29.099Z; Square 2026-10-01T17:01:23.965Z
805944,805944,Poblano Peppers,Little Wings,1 lb,4.5,40%,51.2%,6.3,6.8,7.9365%,None,6.3,6.8,,,Review,,527004,527004,1,,,No approved Square match,,6.3,6.8,Percentage (actual Local Line setting),"Common proposed price for existing customer lists, including SNAP; No approved Square match; Square price left blank",No,LL 2026-10-01T17:03:29.099Z; Square 2026-10-01T17:01:23.965Z
805984,805984,Purple Kohlrabi,Little Wings,1 bunch,2.25,40%,51.2%,3.15,3.4,7.9365%,None,,,,,Review,,527048,527048,,,,No approved Square match,,3.15,3.4,Percentage (actual Local Line setting),"Common proposed price for existing customer lists, including SNAP; No approved Square match; Square price left blank",No,LL 2026-10-01T17:03:29.099Z; Square 2026-10-01T17:01:23.965Z
1129572,1129572,Purple Kohlrabi,Little Wings,1 lb,2.25,40%,51.2%,3.15,3.4,7.9365%,None,3.15,3.4,,,Review,,963331,963331,1,,,No approved Square match,,3.15,3.4,Percentage (actual Local Line setting),"Common proposed price for existing customer lists, including SNAP; No approved Square match; Square price left blank",No,LL 2026-10-01T17:03:29.099Z; Square 2026-10-01T17:01:23.965Z
1108544,1108544,Purple Radish,Little Wings,bu,2.25,40%,51.2%,3.15,3.4,7.9365%,None,,,,,Review,,927365,927365,,,,No approved Square match,,3.15,3.4,Percentage (actual Local Line setting),"Common proposed price for existing customer lists, including SNAP; No approved Square match; Square price left blank",No,LL 2026-10-01T17:03:29.099Z; Square 2026-10-01T17:01:23.965Z
805990,805990,Purple Scallions,Little Wings,each,2,40%,51.2%,2.8,3.02,7.8571%,None,,,,,Review,,527049,527049,,,,No approved Square match,,2.8,3.02,Percentage (actual Local Line setting),"Common proposed price for existing customer lists, including SNAP; No approved Square match; Square price left blank",No,LL 2026-10-01T17:03:29.099Z; Square 2026-10-01T17:01:23.965Z
805997,805997,Red Butterhead Lettuce,Little Wings,each,2,40%,51.2%,2.8,3.02,7.8571%,None,,,,,Review,,527057,527057,,,,No approved Square match,,2.8,3.02,Percentage (actual Local Line setting),"Common proposed price for existing customer lists, including SNAP; No approved Square match; Square price left blank",No,LL 2026-10-01T17:03:29.099Z; Square 2026-10-01T17:01:23.965Z
805876,805876,Red Cherry Tomatoes,Little Wings,each,3.5,40%,51.2%,4.9,5.29,7.9592%,None,,,,,Review,,526934,526934,,,,No approved Square match,,4.9,5.29,Percentage (actual Local Line setting),"Common proposed price for existing customer lists, including SNAP; No approved Square match; Square price left blank",No,LL 2026-10-01T17:03:29.099Z; Square 2026-10-01T17:01:23.965Z
805943,805943,Red Jimmy Nardello Peppers,Little Wings,1 lb,4,40%,51.2%,5.6,6.05,8.0357%,None,5.6,6.05,,,Review,,527003,527003,1,,,No approved Square match,,5.6,6.05,Percentage (actual Local Line setting),"Common proposed price for existing customer lists, including SNAP; No approved Square match; Square price left blank",No,LL 2026-10-01T17:03:29.099Z; Square 2026-10-01T17:01:23.965Z
812532,812532,Red Russian Kale,Little Wings,bu,2.3,40%,51.2%,3.22,3.48,8.0745%,None,,,,,Review,,534390,534390,,,,No approved Square match,,3.22,3.48,Percentage (actual Local Line setting),"Common proposed price for existing customer lists, including SNAP; No approved Square match; Square price left blank",Yes,LL 2026-10-01T17:03:29.099Z; Square 2026-10-01T17:01:23.965Z
1004980,1004980,Romaine Lettuce,Little Wings,each,2,40%,51.2%,2.8,3.02,7.8571%,None,,,,,Review,,785188,785188,,,,No approved Square match,,2.8,3.02,Percentage (actual Local Line setting),"Common proposed price for existing customer lists, including SNAP; No approved Square match; Square price left blank",Yes,LL 2026-10-01T17:03:29.099Z; Square 2026-10-01T17:01:23.965Z
981427,981427,Romano Beans,Little Wings,1lb,4,40%,51.2%,5.6,6.05,8.0357%,None,5.6,6.05,,,Review,,749860,749860,1,,,No approved Square match,,5.6,6.05,Percentage (actual Local Line setting),"Common proposed price for existing customer lists, including SNAP; No approved Square match; Square price left blank",No,LL 2026-10-01T17:03:29.099Z; Square 2026-10-01T17:01:23.965Z
805902,805902,Sage,Little Wings,each,2,40%,51.2%,2.8,3.02,7.8571%,None,,,,,Review,,526960,526960,,,,No approved Square match,,2.8,3.02,Percentage (actual Local Line setting),"Common proposed price for existing customer lists, including SNAP; No approved Square match; Square price left blank",No,LL 2026-10-01T17:03:29.099Z; Square 2026-10-01T17:01:23.965Z
805977,805977,Salad Mix,Little Wings,1/2 lb,4.5,40%,51.2%,6.3,6.8,7.9365%,None,12.6,13.6,,,Review,,527037,527037,0.5,,,No approved Square match,,6.3,6.8,Percentage (actual Local Line setting),"Common proposed price for existing customer lists, including SNAP; No approved Square match; Square price left blank",No,LL 2026-10-01T17:03:29.099Z; Square 2026-10-01T17:01:23.965Z
958464,958464,Spinach  1/2 Lb.,Little Wings,each,3.9,40%,51.2%,5.46,5.9,8.0586%,None,,,,,Review,,718323,718323,,,,No approved Square match,,5.46,5.9,Percentage (actual Local Line setting),"Common proposed price for existing customer lists, including SNAP; No approved Square match; Square price left blank",No,LL 2026-10-01T17:03:29.099Z; Square 2026-10-01T17:01:23.965Z
1108429,1108429,Spinach  1/2 Lb.,Little Wings,each,4.4,40%,51.2%,6.16,6.65,7.9545%,None,,,,,Review,,927190,927190,,,,No approved Square match,,6.16,6.65,Percentage (actual Local Line setting),"Common proposed price for existing customer lists, including SNAP; No approved Square match; Square price left blank",No,LL 2026-10-01T17:03:29.099Z; Square 2026-10-01T17:01:23.965Z
805755,805755,Striped Eggplant,Little Wings,1 lb,3,40%,51.2%,4.2,4.54,8.0952%,None,4.2,4.54,,,Review,,526810,526810,1,,,No approved Square match,,4.2,4.54,Percentage (actual Local Line setting),"Common proposed price for existing customer lists, including SNAP; No approved Square match; Square price left blank",No,LL 2026-10-01T17:03:29.099Z; Square 2026-10-01T17:01:23.965Z
805941,805941,Sugar Snap Peas,Little Wings,1 lb,6.5,40%,51.2%,9.1,9.83,8.022%,None,9.1,9.83,,,Review,,527001,527001,1,,,No approved Square match,,9.1,9.83,Percentage (actual Local Line setting),"Common proposed price for existing customer lists, including SNAP; No approved Square match; Square price left blank",No,LL 2026-10-01T17:03:29.099Z; Square 2026-10-01T17:01:23.965Z
977972,977972,Sugar Snap Peas,Little Wings,1 pint,2.7,40%,51.2%,3.78,4.08,7.9365%,None,,,,,Review,,744552,744552,,,,No approved Square match,,3.78,4.08,Percentage (actual Local Line setting),"Common proposed price for existing customer lists, including SNAP; No approved Square match; Square price left blank",No,LL 2026-10-01T17:03:29.099Z; Square 2026-10-01T17:01:23.965Z
812628,812628,Tomatillos,Little Wings,pound,3.4,40%,51.2%,4.76,5.14,7.9832%,None,4.76,5.14,,,Review,,534496,534496,1,,,No approved Square match,,4.76,5.14,Percentage (actual Local Line setting),"Common proposed price for existing customer lists, including SNAP; No approved Square match; Square price left blank",No,LL 2026-10-01T17:03:29.099Z; Square 2026-10-01T17:01:23.965Z
903477,903477,Toybox Cherry Tomatoes,Little Wings,1 pt,4.2,40%,51.2%,5.88,6.35,7.9932%,None,,,,,Review,,646322,646322,,,,No approved Square match,,5.88,6.35,Percentage (actual Local Line setting),"Common proposed price for existing customer lists, including SNAP; No approved Square match; Square price left blank",No,LL 2026-10-01T17:03:29.099Z; Square 2026-10-01T17:01:23.965Z
984862,984862,Walla Walla Onions,Little Wings,ea,1.1,40%,51.2%,1.54,1.66,7.7922%,None,,,,,Review,,754480,754480,,,,No approved Square match,,1.54,1.66,Percentage (actual Local Line setting),"Common proposed price for existing customer lists, including SNAP; No approved Square match; Square price left blank",No,LL 2026-10-01T17:03:29.099Z; Square 2026-10-01T17:01:23.965Z
805837,805837,Watermelon Radish,Little Wings,1 lb,3.45,40%,51.2%,4.83,5.22,8.0745%,None,4.83,5.22,,,Review,,526894,526894,1,,,No approved Square match,,4.83,5.22,Percentage (actual Local Line setting),"Common proposed price for existing customer lists, including SNAP; No approved Square match; Square price left blank",No,LL 2026-10-01T17:03:29.099Z; Square 2026-10-01T17:01:23.965Z
928741,928741,Broccoli Microgreens,Lone Wolf Ranch,1 oz. pk,2.5,40%,51.2%,3.5,3.78,8%,None,56,60.48,,,Review,,676917,676917,0.0625,,,No approved Square match,,3.5,3.78,Percentage (actual Local Line setting),"Common proposed price for existing customer lists, including SNAP; No approved Square match; Square price left blank",No,LL 2026-10-01T17:03:29.099Z; Square 2026-10-01T17:01:23.965Z
928741,928741,Broccoli Microgreens,Lone Wolf Ranch,2 oz pk,5,40%,51.2%,7,7.56,8%,None,56,60.48,,,Review,,726764,726764,0.125,,,No approved Square match,,7,7.56,Percentage (actual Local Line setting),"Common proposed price for existing customer lists, including SNAP; No approved Square match; Square price left blank",No,LL 2026-10-01T17:03:29.099Z; Square 2026-10-01T17:01:23.965Z
928742,928742,Purple Radish Microgreens,Lone Wolf Ranch,1 oz. pk,2.5,40%,51.2%,3.5,3.78,8%,None,56,60.48,,,Review,,676918,676918,0.0625,,,No approved Square match,,3.5,3.78,Percentage (actual Local Line setting),"Common proposed price for existing customer lists, including SNAP; No approved Square match; Square price left blank",No,LL 2026-10-01T17:03:29.099Z; Square 2026-10-01T17:01:23.965Z
928742,928742,Purple Radish Microgreens,Lone Wolf Ranch,2 oz pk,5,40%,51.2%,7,7.56,8%,None,56,60.48,,,Review,,726765,726765,0.125,,,No approved Square match,,7,7.56,Percentage (actual Local Line setting),"Common proposed price for existing customer lists, including SNAP; No approved Square match; Square price left blank",No,LL 2026-10-01T17:03:29.099Z; Square 2026-10-01T17:01:23.965Z
806080,806080,Cayenne Kettle Corn,Lonesome Whistle,0.4 lb bag,4,40%,51.2%,5.6,6.05,8.0357%,None,14,15.12,,,Review,,527144,527144,0.4,,,No approved Square match,,5.6,6.05,Percentage (actual Local Line setting),"Common proposed price for existing customer lists, including SNAP; No approved Square match; Square price left blank",Yes,LL 2026-10-01T17:03:29.099Z; Square 2026-10-01T17:01:23.965Z
806082,806082,Dakota Black Heirloom Popcorn,Lonesome Whistle,2 lbs,10,40%,51.2%,14,15.12,8%,None,7,7.56,,,Review,,527146,527146,2,,,No approved Square match,,14,15.12,Percentage (actual Local Line setting),"Common proposed price for existing customer lists, including SNAP; No approved Square match; Square price left blank",No,LL 2026-10-01T17:03:29.099Z; Square 2026-10-01T17:01:23.965Z
806100,806100,Dakota Black Kettle Corn,Lonesome Whistle,0.4 lb bag,4,40%,51.2%,5.6,6.05,8.0357%,None,14,15.12,,,Review,,527164,527164,0.4,,,No approved Square match,,5.6,6.05,Percentage (actual Local Line setting),"Common proposed price for existing customer lists, including SNAP; No approved Square match; Square price left blank",No,LL 2026-10-01T17:03:29.099Z; Square 2026-10-01T17:01:23.965Z
897631,897631,Dark Northern Rye Flour,Lonesome Whistle,1.6 lbs,4.5,40%,51.2%,6.3,6.8,7.9365%,None,3.94,4.25,,,Review,,638990,638990,1.6,,,No approved Square match,,6.3,6.8,Percentage (actual Local Line setting),"Common proposed price for existing customer lists, including SNAP; No approved Square match; Square price left blank",Yes,LL 2026-10-01T17:03:29.099Z; Square 2026-10-01T17:01:23.965Z
806086,806086,Einkorn Fusilli,Lonesome Whistle,0.5 lb bag,3.33,40%,51.2%,4.66,5.03,7.9399%,None,9.32,10.06,,,Review,,527150,527150,0.5,,,No approved Square match,,4.66,5.03,Percentage (actual Local Line setting),"Common proposed price for existing customer lists, including SNAP; No approved Square match; Square price left blank",No,LL 2026-10-01T17:03:29.099Z; Square 2026-10-01T17:01:23.965Z
897629,897629,Emmer Farro,Lonesome Whistle,1.25 lb Bag,4.5,40%,51.2%,6.3,6.8,7.9365%,None,5.04,5.44,,,Review,,638988,638988,1.25,,,No approved Square match,,6.3,6.8,Percentage (actual Local Line setting),"Common proposed price for existing customer lists, including SNAP; No approved Square match; Square price left blank",Yes,LL 2026-10-01T17:03:29.099Z; Square 2026-10-01T17:01:23.965Z
806090,806090,Garlic Dill Popcorn,Lonesome Whistle,0.4 lb bag,4,40%,51.2%,5.6,6.05,8.0357%,None,14,15.12,,,Review,,527154,527154,0.4,,,No approved Square match,,5.6,6.05,Percentage (actual Local Line setting),"Common proposed price for existing customer lists, including SNAP; No approved Square match; Square price left blank",Yes,LL 2026-10-01T17:03:29.099Z; Square 2026-10-01T17:01:23.965Z
806093,806093,Jalapeno Cheddar Popcorn,Lonesome Whistle,0.4 lb bag,4,40%,51.2%,5.6,6.05,8.0357%,None,14,15.12,,,Review,,527157,527157,0.4,,,No approved Square match,,5.6,6.05,Percentage (actual Local Line setting),"Common proposed price for existing customer lists, including SNAP; No approved Square match; Square price left blank",Yes,LL 2026-10-01T17:03:29.099Z; Square 2026-10-01T17:01:23.965Z
806096,806096,Lemon Lavender Popcorn,Lonesome Whistle,0.4 lb bag,4,40%,51.2%,5.6,6.05,8.0357%,None,14,15.12,,,Review,,527159,527159,0.4,,,No approved Square match,,5.6,6.05,Percentage (actual Local Line setting),"Common proposed price for existing customer lists, including SNAP; No approved Square match; Square price left blank",Yes,LL 2026-10-01T17:03:29.099Z; Square 2026-10-01T17:01:23.965Z
806088,806088,Maris Widgeon Macaroni,Lonesome Whistle,0.5 lb bag,4,40%,51.2%,5.6,6.05,8.0357%,None,11.2,12.1,,,Review,,527152,527152,0.5,,,No approved Square match,,5.6,6.05,Percentage (actual Local Line setting),"Common proposed price for existing customer lists, including SNAP; No approved Square match; Square price left blank",Yes,LL 2026-10-01T17:03:29.099Z; Square 2026-10-01T17:01:23.965Z
806097,806097,Nutritional Yeast Popcorn,Lonesome Whistle,0.4 lb bag,4,40%,51.2%,5.6,6.05,8.0357%,None,14,15.12,,,Review,,527161,527161,0.4,,,No approved Square match,,5.6,6.05,Percentage (actual Local Line setting),"Common proposed price for existing customer lists, including SNAP; No approved Square match; Square price left blank",No,LL 2026-10-01T17:03:29.099Z; Square 2026-10-01T17:01:23.965Z
806102,806102,Rise & Shine Gluten Free Pancake Mix,Lonesome Whistle,1.6 lbs,5.33,40%,51.2%,7.46,8.06,8.0429%,None,4.66,5.04,,,Review,,527166,527166,1.6,,,No approved Square match,,7.46,8.06,Percentage (actual Local Line setting),"Common proposed price for existing customer lists, including SNAP; No approved Square match; Square price left blank",Yes,LL 2026-10-01T17:03:29.099Z; Square 2026-10-01T17:01:23.965Z
806104,806104,Up & At 'Em Pancake Mix,Lonesome Whistle,1.6 lbs,5.33,40%,51.2%,7.46,8.06,8.0429%,None,4.66,5.04,,,Review,,527168,527168,1.6,,,No approved Square match,,7.46,8.06,Percentage (actual Local Line setting),"Common proposed price for existing customer lists, including SNAP; No approved Square match; Square price left blank",Yes,LL 2026-10-01T17:03:29.099Z; Square 2026-10-01T17:01:23.965Z
1157459,1157459,Asian Pears,MISSING VENDOR,1 lb,2,40%,,2.8,,,None,2.8,,,,Hold,,1001260,1001260,1,,,No approved Square match,,2.8,,Percentage (actual Local Line setting),"HOLD: missing local vendor; Common proposed price for existing customer lists, including SNAP; No approved Square match; Square price left blank; Proposed markup left blank until the source-data hold is resolved.",Yes,LL 2026-10-01T17:03:29.099Z; Square 2026-10-01T17:01:23.965Z
805903,805903,Banana Shallots,MISSING VENDOR,1 lb,3.5,40%,,4.9,,,None,4.9,,,,Hold,,526961,526961,1,,,No approved Square match,,4.9,,Percentage (actual Local Line setting),"HOLD: missing local vendor; Common proposed price for existing customer lists, including SNAP; No approved Square match; Square price left blank; Proposed markup left blank until the source-data hold is resolved.",Yes,LL 2026-10-01T17:03:29.099Z; Square 2026-10-01T17:01:23.965Z
1148845,1148845,Big Beef Slicer Tomato,MISSING VENDOR,1 lb,3,40%,,4.2,,,None,4.2,,,,Hold,,989644,989644,1,,,No approved Square match,,4.2,,Percentage (actual Local Line setting),"HOLD: missing local vendor; Common proposed price for existing customer lists, including SNAP; No approved Square match; Square price left blank; Proposed markup left blank until the source-data hold is resolved.",No,LL 2026-10-01T17:03:29.099Z; Square 2026-10-01T17:01:23.965Z
1157457,1157457,Black Gravenstein Apples,MISSING VENDOR,1 lb,1.5,40%,,2.1,,,None,2.1,,,,Hold,,1001258,1001258,1,,,No approved Square match,,2.1,,Percentage (actual Local Line setting),"HOLD: missing local vendor; Common proposed price for existing customer lists, including SNAP; No approved Square match; Square price left blank; Proposed markup left blank until the source-data hold is resolved.",No,LL 2026-10-01T17:03:29.099Z; Square 2026-10-01T17:01:23.965Z
1140511,1140511,Brazil Minas Gerais Dark Roast Coffee Beans,MISSING VENDOR,12 oz bag,13,40%,,18.2,,,None,24.27,,,,Hold,,978732,978732,0.75,,,No approved Square match,,18.2,,Percentage (actual Local Line setting),"HOLD: missing local vendor; Common proposed price for existing customer lists, including SNAP; No approved Square match; Square price left blank; Proposed markup left blank until the source-data hold is resolved.",No,LL 2026-10-01T17:03:29.099Z; Square 2026-10-01T17:01:23.965Z
1140512,1140512,Brazil Minas Gerais Dark Roast Ground Coffee,MISSING VENDOR,12 oz bag,13,40%,,18.2,,,None,24.27,,,,Hold,,978734,978734,0.75,,,No approved Square match,,18.2,,Percentage (actual Local Line setting),"HOLD: missing local vendor; Common proposed price for existing customer lists, including SNAP; No approved Square match; Square price left blank; Proposed markup left blank until the source-data hold is resolved.",No,LL 2026-10-01T17:03:29.099Z; Square 2026-10-01T17:01:23.965Z
1157461,1157461,Brooks Plums,MISSING VENDOR,1 lb,2,40%,,2.8,,,None,2.8,,,,Hold,,1001262,1001262,1,,,No approved Square match,,2.8,,Percentage (actual Local Line setting),"HOLD: missing local vendor; Common proposed price for existing customer lists, including SNAP; No approved Square match; Square price left blank; Proposed markup left blank until the source-data hold is resolved.",No,LL 2026-10-01T17:03:29.099Z; Square 2026-10-01T17:01:23.965Z
1164989,1164989,"Bulgarian Pepper, Hot",MISSING VENDOR,1 lb,5,40%,,7,,,None,7,,,,Hold,,1013014,1013014,1,,,No approved Square match,,7,,Percentage (actual Local Line setting),"HOLD: missing local vendor; Common proposed price for existing customer lists, including SNAP; No approved Square match; Square price left blank; Proposed markup left blank until the source-data hold is resolved.",Yes,LL 2026-10-01T17:03:29.099Z; Square 2026-10-01T17:01:23.965Z
1163510,1163510,Bulk Mix Apples,MISSING VENDOR,10 lb bag,17,40%,,23.8,,,None,2.38,,,,Hold,,1011060,1011060,10,,,No approved Square match,,23.8,,Percentage (actual Local Line setting),"HOLD: missing local vendor; Common proposed price for existing customer lists, including SNAP; No approved Square match; Square price left blank; Proposed markup left blank until the source-data hold is resolved.",Yes,LL 2026-10-01T17:03:29.099Z; Square 2026-10-01T17:01:23.965Z
1163510,1163510,Bulk Mix Apples,MISSING VENDOR,5 lb bag,9,40%,,12.6,,,None,2.52,,,,Hold,,1011059,1011059,5,,,No approved Square match,,12.6,,Percentage (actual Local Line setting),"HOLD: missing local vendor; Common proposed price for existing customer lists, including SNAP; No approved Square match; Square price left blank; Proposed markup left blank until the source-data hold is resolved.",Yes,LL 2026-10-01T17:03:29.099Z; Square 2026-10-01T17:01:23.965Z
1163511,1163511,Bulk Mix Pears,MISSING VENDOR,10 lb bag,17,40%,,23.8,,,None,2.38,,,,Hold,,1011062,1011062,10,,,No approved Square match,,23.8,,Percentage (actual Local Line setting),"HOLD: missing local vendor; Common proposed price for existing customer lists, including SNAP; No approved Square match; Square price left blank; Proposed markup left blank until the source-data hold is resolved.",Yes,LL 2026-10-01T17:03:29.099Z; Square 2026-10-01T17:01:23.965Z
1163511,1163511,Bulk Mix Pears,MISSING VENDOR,5 lb bag,9,40%,,12.6,,,None,2.52,,,,Hold,,1011061,1011061,5,,,No approved Square match,,12.6,,Percentage (actual Local Line setting),"HOLD: missing local vendor; Common proposed price for existing customer lists, including SNAP; No approved Square match; Square price left blank; Proposed markup left blank until the source-data hold is resolved.",Yes,LL 2026-10-01T17:03:29.099Z; Square 2026-10-01T17:01:23.965Z
1161251,1161251,Burbank Red Ace Plums,MISSING VENDOR,lb,2,40%,,2.8,,,None,,,,,Hold,,1006823,1006823,,,,No approved Square match,,2.8,,Percentage (actual Local Line setting),"HOLD: missing local vendor; Common proposed price for existing customer lists, including SNAP; No approved Square match; Square price left blank; Proposed markup left blank until the source-data hold is resolved.",No,LL 2026-10-01T17:03:29.099Z; Square 2026-10-01T17:01:23.965Z
805768,805768,Canary Melon,MISSING VENDOR,each,3,40%,,4.2,,,None,,,,,Hold,,526824,526824,,,,No approved Square match,,4.2,,Percentage (actual Local Line setting),"HOLD: missing local vendor; Common proposed price for existing customer lists, including SNAP; No approved Square match; Square price left blank; Proposed markup left blank until the source-data hold is resolved.",No,LL 2026-10-01T17:03:29.099Z; Square 2026-10-01T17:01:23.965Z
805771,805771,Cathay Bell Watermelon,MISSING VENDOR,ea.,6.34,34%,,8.5,,,None,,,,,Hold,,526827,526827,,,,No approved Square match,,8.5,,Percentage (actual Local Line setting),"HOLD: missing local vendor; Common proposed price for existing customer lists, including SNAP; Current list prices range $8.50–$8.88; baseline is Herd Share Members; Local calculation differs from Local Line; No approved Square match; Square price left blank; Proposed markup left blank until the source-data hold is resolved.",No,LL 2026-10-01T17:03:29.099Z; Square 2026-10-01T17:01:23.965Z
805881,805881,Cayenne Pepper,MISSING VENDOR,each,1,33%,,1.33,,,None,,,,,Hold,,526939,526939,,,,No approved Square match,,1.33,,Percentage (actual Local Line setting),"HOLD: missing local vendor; Common proposed price for existing customer lists, including SNAP; Current list prices range $1.33–$1.40; baseline is Herd Share Members; Local calculation differs from Local Line; No approved Square match; Square price left blank; Proposed markup left blank until the source-data hold is resolved.",No,LL 2026-10-01T17:03:29.099Z; Square 2026-10-01T17:01:23.965Z
805819,805819,Celeriac,MISSING VENDOR,each,2,40%,,2.8,,,None,,,,,Hold,,526876,526876,,,,No approved Square match,,2.8,,Percentage (actual Local Line setting),"HOLD: missing local vendor; Common proposed price for existing customer lists, including SNAP; No approved Square match; Square price left blank; Proposed markup left blank until the source-data hold is resolved.",Yes,LL 2026-10-01T17:03:29.099Z; Square 2026-10-01T17:01:23.965Z
825306,825306,Chanterelle mushrooms,MISSING VENDOR,1/2 lb,8.5,33%,,11.3,,,None,22.6,,,,Hold,,549220,549220,0.5,,,No approved Square match,,11.3,,Percentage (actual Local Line setting),"HOLD: missing local vendor; Common proposed price for existing customer lists, including SNAP; Current list prices range $11.30–$11.90; baseline is Herd Share Members; Local calculation differs from Local Line; No approved Square match; Square price left blank; Proposed markup left blank until the source-data hold is resolved.",No,LL 2026-10-01T17:03:29.099Z; Square 2026-10-01T17:01:23.965Z
1149428,1149428,Chesnok Red Garlic (Dried and Cured),MISSING VENDOR,1/2 lb,4,40%,,5.6,,,None,11.2,,,,Hold,,990475,990475,0.5,,,No approved Square match,,5.6,,Percentage (actual Local Line setting),"HOLD: missing local vendor; Common proposed price for existing customer lists, including SNAP; No approved Square match; Square price left blank; Proposed markup left blank until the source-data hold is resolved.",Yes,LL 2026-10-01T17:03:29.099Z; Square 2026-10-01T17:01:23.965Z
1154526,1154526,Colombia Finca La Suiza Cafe De Mujer Light Roast Coffee Beans,MISSING VENDOR,12 oz bag,14,40%,,19.6,,,None,26.13,,,,Hold,,997783,997783,0.75,,,No approved Square match,,19.6,,Percentage (actual Local Line setting),"HOLD: missing local vendor; Common proposed price for existing customer lists, including SNAP; No approved Square match; Square price left blank; Proposed markup left blank until the source-data hold is resolved.",Yes,LL 2026-10-01T17:03:29.099Z; Square 2026-10-01T17:01:23.965Z
1154528,1154528,Colombia Finca La Suiza Cafe De Mujer Light Roast Ground Coffee,MISSING VENDOR,12 oz bag,14,40%,,19.6,,,None,26.13,,,,Hold,,997785,997785,0.75,,,No approved Square match,,19.6,,Percentage (actual Local Line setting),"HOLD: missing local vendor; Common proposed price for existing customer lists, including SNAP; No approved Square match; Square price left blank; Proposed markup left blank until the source-data hold is resolved.",Yes,LL 2026-10-01T17:03:29.099Z; Square 2026-10-01T17:01:23.965Z
805885,805885,Crisphead Lettuce,MISSING VENDOR,each,3.5,-14.2857%,,3,,,Active — retain sale; rate unavailable,,,,,Hold,,526943,526943,,,,No approved Square match,,,,Fixed price $3.00; equivalent % shown,"HOLD: missing local vendor; Common proposed price for existing customer lists, including SNAP; Local calculation differs from Local Line; Retain active Local Line sale; local sale flag differs; Sale flag retained; regular price/discount must be checked before publication; No approved Square match; Square price left blank; Current percentage is equivalent, not a stored percentage setting; review conversion from the existing dollar adjustment.; The Local Line markup already includes the sale reduction. Do not discount the calculated package price again. Retain each list’s sale flag and scale its valid regular price by the selling-price change.; HOLD: existing sale has no valid regular reference; sale discount cannot be verified.; Proposed markup left blank until the source-data hold is resolved.",No,LL 2026-10-01T17:03:29.099Z; Square 2026-10-01T17:01:23.965Z
805785,805785,d'Anjou Pear,MISSING VENDOR,each,1.5,-16.6667%,,1.25,,,Active — retain sale; rate unavailable,,,,,Hold,,526841,526841,,,,No approved Square match,,,,Fixed price $1.25; equivalent % shown,"HOLD: missing local vendor; Common proposed price for existing customer lists, including SNAP; Current list prices range $1.25–$2.10; baseline is Herd Share Members; Local calculation differs from Local Line; Retain active Local Line sale; local sale flag differs; Sale flag retained; regular price/discount must be checked before publication; No approved Square match; Square price left blank; Current percentage is equivalent, not a stored percentage setting; review conversion from the existing dollar adjustment.; The Local Line markup already includes the sale reduction. Do not discount the calculated package price again. Retain each list’s sale flag and scale its valid regular price by the selling-price change.; HOLD: existing sale has no valid regular reference; sale discount cannot be verified.; Proposed markup left blank until the source-data hold is resolved.",No,LL 2026-10-01T17:03:29.099Z; Square 2026-10-01T17:01:23.965Z
805797,805797,"Flat, Strawberries",MISSING VENDOR,each,58.25,-16.7382%,,48.5,,,Active — retain sale; rate unavailable,,,,,Hold,,526853,526853,,,,No approved Square match,,,,Fixed price $48.50; equivalent % shown,"HOLD: missing local vendor; Common proposed price for existing customer lists, including SNAP; Local calculation differs from Local Line; Retain active Local Line sale; local sale flag differs; Sale flag retained; regular price/discount must be checked before publication; No approved Square match; Square price left blank; Current percentage is equivalent, not a stored percentage setting; review conversion from the existing dollar adjustment.; The Local Line markup already includes the sale reduction. Do not discount the calculated package price again. Retain each list’s sale flag and scale its valid regular price by the selling-price change.; HOLD: existing sale has no valid regular reference; sale discount cannot be verified.; Proposed markup left blank until the source-data hold is resolved.",No,LL 2026-10-01T17:03:29.099Z; Square 2026-10-01T17:01:23.965Z
1157469,1157469,Fresh Frozen Elderberries,MISSING VENDOR,3 lb bag,45,40%,,63,,,None,21,,,,Hold,,1001274,1001274,3,,,No approved Square match,,63,,Percentage (actual Local Line setting),"HOLD: missing local vendor; Common proposed price for existing customer lists, including SNAP; No approved Square match; Square price left blank; Proposed markup left blank until the source-data hold is resolved.",Yes,LL 2026-10-01T17:03:29.099Z; Square 2026-10-01T17:01:23.965Z
1159145,1159145,Frozen Raspberries,MISSING VENDOR,1 lb,8,40%,,11.2,,,None,11.2,,,,Hold,,1003819,1003819,1,,,No approved Square match,,11.2,,Percentage (actual Local Line setting),"HOLD: missing local vendor; Common proposed price for existing customer lists, including SNAP; No approved Square match; Square price left blank; Proposed markup left blank until the source-data hold is resolved.",No,LL 2026-10-01T17:03:29.099Z; Square 2026-10-01T17:01:23.965Z
805770,805770,Fuzzy Kiwis,MISSING VENDOR,each,1.75,-14.2857%,,1.5,,,Active — retain sale; rate unavailable,,,,,Hold,,526826,526826,,,,No approved Square match,,,,Fixed price $1.50; equivalent % shown,"HOLD: missing local vendor; Common proposed price for existing customer lists, including SNAP; Local calculation differs from Local Line; Retain active Local Line sale; local sale flag differs; Sale flag retained; regular price/discount must be checked before publication; No approved Square match; Square price left blank; Current percentage is equivalent, not a stored percentage setting; review conversion from the existing dollar adjustment.; The Local Line markup already includes the sale reduction. Do not discount the calculated package price again. Retain each list’s sale flag and scale its valid regular price by the selling-price change.; HOLD: existing sale has no valid regular reference; sale discount cannot be verified.; Proposed markup left blank until the source-data hold is resolved.",No,LL 2026-10-01T17:03:29.099Z; Square 2026-10-01T17:01:23.965Z
1162541,1162541,Gold Beets,MISSING VENDOR,bunch,1.35,40%,,1.89,,,None,,,,,Hold,,1009634,1009634,,,,No approved Square match,,1.89,,Percentage (actual Local Line setting),"HOLD: missing local vendor; Common proposed price for existing customer lists, including SNAP; No approved Square match; Square price left blank; Proposed markup left blank until the source-data hold is resolved.",No,LL 2026-10-01T17:03:29.099Z; Square 2026-10-01T17:01:23.965Z
1163727,1163727,Gold Beets,MISSING VENDOR,bunch,2.35,40%,,3.29,,,None,,,,,Hold,,1011353,1011353,,,,No approved Square match,,3.29,,Percentage (actual Local Line setting),"HOLD: missing local vendor; Common proposed price for existing customer lists, including SNAP; No approved Square match; Square price left blank; Proposed markup left blank until the source-data hold is resolved.",Yes,LL 2026-10-01T17:03:29.099Z; Square 2026-10-01T17:01:23.965Z
812652,812652,Green and Red Mixed Grapes,MISSING VENDOR,pt,3,33.5%,,4,,,None,,,,,Hold,,534520,534520,,,,No approved Square match,,4,,Percentage (actual Local Line setting),"HOLD: missing local vendor; Common proposed price for existing customer lists, including SNAP; Current list prices range $4.00–$4.20; baseline is Herd Share Members; Local calculation differs from Local Line; No approved Square match; Square price left blank; Proposed markup left blank until the source-data hold is resolved.",No,LL 2026-10-01T17:03:29.099Z; Square 2026-10-01T17:01:23.965Z
1146326,1146326,Green Cabbage,MISSING VENDOR,each,2.5,40%,,3.5,,,None,,,,,Hold,,986082,986082,,,,No approved Square match,,3.5,,Percentage (actual Local Line setting),"HOLD: missing local vendor; Common proposed price for existing customer lists, including SNAP; No approved Square match; Square price left blank; Proposed markup left blank until the source-data hold is resolved.",No,LL 2026-10-01T17:03:29.099Z; Square 2026-10-01T17:01:23.965Z
1157464,1157464,Green Gage Plums,MISSING VENDOR,1 lb,2,40%,,2.8,,,None,2.8,,,,Hold,,1001265,1001265,1,,,No approved Square match,,2.8,,Percentage (actual Local Line setting),"HOLD: missing local vendor; Common proposed price for existing customer lists, including SNAP; No approved Square match; Square price left blank; Proposed markup left blank until the source-data hold is resolved.",No,LL 2026-10-01T17:03:29.099Z; Square 2026-10-01T17:01:23.965Z
805788,805788,Green Grapes,MISSING VENDOR,each,4.25,-17.6471%,,3.5,,,Active — retain sale; rate unavailable,,,,,Hold,,526844,526844,,,,No approved Square match,,,,Fixed price $3.50; equivalent % shown,"HOLD: missing local vendor; Common proposed price for existing customer lists, including SNAP; Local calculation differs from Local Line; Retain active Local Line sale; local sale flag differs; Sale flag retained; regular price/discount must be checked before publication; No approved Square match; Square price left blank; Current percentage is equivalent, not a stored percentage setting; review conversion from the existing dollar adjustment.; The Local Line markup already includes the sale reduction. Do not discount the calculated package price again. Retain each list’s sale flag and scale its valid regular price by the selling-price change.; HOLD: existing sale has no valid regular reference; sale discount cannot be verified.; Proposed markup left blank until the source-data hold is resolved.",No,LL 2026-10-01T17:03:29.099Z; Square 2026-10-01T17:01:23.965Z
1161320,1161320,Green Italian Frying Pepper,MISSING VENDOR,each,2.5,40%,,3.5,,,None,,,,,Hold,,1006916,1006916,,,,No approved Square match,,3.5,,Percentage (actual Local Line setting),"HOLD: missing local vendor; Common proposed price for existing customer lists, including SNAP; No approved Square match; Square price left blank; Proposed markup left blank until the source-data hold is resolved.",Yes,LL 2026-10-01T17:03:29.099Z; Square 2026-10-01T17:01:23.965Z
1152204,1152204,Green Patty Pan Squash,MISSING VENDOR,lb,1.75,40%,,2.45,,,None,,,,,Hold,,994284,994284,,,,No approved Square match,,2.45,,Percentage (actual Local Line setting),"HOLD: missing local vendor; Common proposed price for existing customer lists, including SNAP; No approved Square match; Square price left blank; Proposed markup left blank until the source-data hold is resolved.",No,LL 2026-10-01T17:03:29.099Z; Square 2026-10-01T17:01:23.965Z
805964,805964,Green Pole Beans,MISSING VENDOR,1 lb,4.5,35%,,6.08,,,None,6.08,,,,Hold,,527024,527024,1,,,No approved Square match,,6.08,,Percentage (actual Local Line setting),"HOLD: missing local vendor; Common proposed price for existing customer lists, including SNAP; Current list prices range $6.08–$6.30; baseline is Herd Share Members; Local calculation differs from Local Line; No approved Square match; Square price left blank; Proposed markup left blank until the source-data hold is resolved.",No,LL 2026-10-01T17:03:29.099Z; Square 2026-10-01T17:01:23.965Z
805921,805921,Green Romaine Lettuce,MISSING VENDOR,each,1.75,42.8571%,,2.5,,,None,,,,,Hold,,526981,526981,,,,No approved Square match,,2.5,,Fixed price $2.50; equivalent % shown,"HOLD: missing local vendor; Common proposed price for existing customer lists, including SNAP; Current list prices range $2.45–$2.50; baseline is Herd Share Members; Local calculation differs from Local Line; No approved Square match; Square price left blank; Current percentage is equivalent, not a stored percentage setting; review conversion from the existing dollar adjustment.; Proposed markup left blank until the source-data hold is resolved.",No,LL 2026-10-01T17:03:29.099Z; Square 2026-10-01T17:01:23.965Z
1160556,1160556,Ground Beef & Pork Bundle,MISSING VENDOR,NO PACKAGE,26.73,55%,,41.43,,,None,,,,,Hold,,1005875,1005875,,,,No approved Square match,,41.43,,Percentage (actual Local Line setting),"HOLD: missing local vendor; Common proposed price for existing customer lists, including SNAP; Local calculation differs from Local Line; No approved Square match; Square price left blank; Proposed markup left blank until the source-data hold is resolved.",Yes,LL 2026-10-01T17:03:29.099Z; Square 2026-10-01T17:01:23.965Z
1154521,1154521,Guatemala Cafe Feminino Light Roast Coffee Beans,MISSING VENDOR,12 oz bag,14,40%,,19.6,,,None,26.13,,,,Hold,,997778,997778,0.75,,,No approved Square match,,19.6,,Percentage (actual Local Line setting),"HOLD: missing local vendor; Common proposed price for existing customer lists, including SNAP; No approved Square match; Square price left blank; Proposed markup left blank until the source-data hold is resolved.",Yes,LL 2026-10-01T17:03:29.099Z; Square 2026-10-01T17:01:23.965Z
1154522,1154522,Guatemala Cafe Feminino Light Roast Ground Coffee,MISSING VENDOR,12 oz bag,14,40%,,19.6,,,None,26.13,,,,Hold,,997779,997779,0.75,,,No approved Square match,,19.6,,Percentage (actual Local Line setting),"HOLD: missing local vendor; Common proposed price for existing customer lists, including SNAP; No approved Square match; Square price left blank; Proposed markup left blank until the source-data hold is resolved.",Yes,LL 2026-10-01T17:03:29.099Z; Square 2026-10-01T17:01:23.965Z
1140514,1140514,Guatemala Xuj Kape Light Roast Coffee Beans,MISSING VENDOR,12 oz bag,12,40%,,16.8,,,None,22.4,,,,Hold,,978736,978736,0.75,,,No approved Square match,,16.8,,Percentage (actual Local Line setting),"HOLD: missing local vendor; Common proposed price for existing customer lists, including SNAP; No approved Square match; Square price left blank; Proposed markup left blank until the source-data hold is resolved.",No,LL 2026-10-01T17:03:29.099Z; Square 2026-10-01T17:01:23.965Z
805735,805735,Handcrafted  Wooden Bowls Large 20 Oz,MISSING VENDOR,each,,,,,,,None,,,,,Hold,,526790,526790,,,,No approved Square match,,,,Unavailable,HOLD: missing local vendor; Mapped Local Line product not returned by live read; Mapped Local Line package not found under mapped product; No approved Square match; Square price left blank,No,LL 2026-10-01T17:03:29.099Z; Square 2026-10-01T17:01:23.965Z
805733,805733,Handcrafted Egg Pushers,MISSING VENDOR,each,,,,,,,None,,,,,Hold,,526788,526788,,,,No approved Square match,,,,Unavailable,HOLD: missing local vendor; Mapped Local Line product not returned by live read; Mapped Local Line package not found under mapped product; No approved Square match; Square price left blank,No,LL 2026-10-01T17:03:29.099Z; Square 2026-10-01T17:01:23.965Z
805746,805746,Handcrafted Fancy Wooden Eating Spoons,MISSING VENDOR,each,,,,,,,None,,,,,Hold,,526801,526801,,,,No approved Square match,,,,Unavailable,HOLD: missing local vendor; Mapped Local Line product not returned by live read; Mapped Local Line package not found under mapped product; No approved Square match; Square price left blank,No,LL 2026-10-01T17:03:29.099Z; Square 2026-10-01T17:01:23.965Z
825842,825842,Handcrafted Maple Candle Holder,MISSING VENDOR,ea,,,,,,,None,,,,,Hold,,549821,549821,,,,No approved Square match,,,,Unavailable,HOLD: missing local vendor; Mapped Local Line product not returned by live read; Mapped Local Line package not found under mapped product; No approved Square match; Square price left blank,No,LL 2026-10-01T17:03:29.099Z; Square 2026-10-01T17:01:23.965Z
805732,805732,Handcrafted Whisk Brooms,MISSING VENDOR,each,,,,,,,None,,,,,Hold,,526787,526787,,,,No approved Square match,,,,Unavailable,HOLD: missing local vendor; Mapped Local Line product not returned by live read; Mapped Local Line package not found under mapped product; No approved Square match; Square price left blank,No,LL 2026-10-01T17:03:29.099Z; Square 2026-10-01T17:01:23.965Z
805737,805737,Handcrafted Wood & Metal Dustpan,MISSING VENDOR,each,,,,,,,None,,,,,Hold,,526792,526792,,,,No approved Square match,,,,Unavailable,HOLD: missing local vendor; Mapped Local Line product not returned by live read; Mapped Local Line package not found under mapped product; No approved Square match; Square price left blank,No,LL 2026-10-01T17:03:29.099Z; Square 2026-10-01T17:01:23.965Z
805736,805736,"Handcrafted Wooden Bowls, Small 14 oz",MISSING VENDOR,each,,,,,,,None,,,,,Hold,,526791,526791,,,,No approved Square match,,,,Unavailable,HOLD: missing local vendor; Mapped Local Line product not returned by live read; Mapped Local Line package not found under mapped product; No approved Square match; Square price left blank,No,LL 2026-10-01T17:03:29.099Z; Square 2026-10-01T17:01:23.965Z
805739,805739,Handcrafted Wooden Chopsticks,MISSING VENDOR,each,,,,,,,None,,,,,Hold,,526794,526794,,,,No approved Square match,,,,Unavailable,HOLD: missing local vendor; Mapped Local Line product not returned by live read; Mapped Local Line package not found under mapped product; No approved Square match; Square price left blank,No,LL 2026-10-01T17:03:29.099Z; Square 2026-10-01T17:01:23.965Z
825841,825841,Handcrafted Wooden Fancy Egg Pushers,MISSING VENDOR,ea,,,,,,,None,,,,,Hold,,549820,549820,,,,No approved Square match,,,,Unavailable,HOLD: missing local vendor; Mapped Local Line product not returned by live read; Mapped Local Line package not found under mapped product; No approved Square match; Square price left blank,No,LL 2026-10-01T17:03:29.099Z; Square 2026-10-01T17:01:23.965Z
805740,805740,Handcrafted Wooden Fancy Kitchen Spoons,MISSING VENDOR,each,,,,,,,None,,,,,Hold,,526795,526795,,,,No approved Square match,,,,Unavailable,HOLD: missing local vendor; Mapped Local Line product not returned by live read; Mapped Local Line package not found under mapped product; No approved Square match; Square price left blank,No,LL 2026-10-01T17:03:29.099Z; Square 2026-10-01T17:01:23.965Z
805741,805741,Handcrafted Wooden Plain Kitchen Stir Stix,MISSING VENDOR,each,,,,,,,None,,,,,Hold,,526796,526796,,,,No approved Square match,,,,Unavailable,HOLD: missing local vendor; Mapped Local Line product not returned by live read; Mapped Local Line package not found under mapped product; No approved Square match; Square price left blank,No,LL 2026-10-01T17:03:29.099Z; Square 2026-10-01T17:01:23.965Z
805742,805742,Handcrafted Wooden Plates,MISSING VENDOR,each,,,,,,,None,,,,,Hold,,526797,526797,,,,No approved Square match,,,,Unavailable,HOLD: missing local vendor; Mapped Local Line product not returned by live read; Mapped Local Line package not found under mapped product; No approved Square match; Square price left blank,No,LL 2026-10-01T17:03:29.099Z; Square 2026-10-01T17:01:23.965Z
805744,805744,Handcrafted Wooden Serving Spoons,MISSING VENDOR,each,,,,,,,None,,,,,Hold,,526799,526799,,,,No approved Square match,,,,Unavailable,HOLD: missing local vendor; Mapped Local Line product not returned by live read; Mapped Local Line package not found under mapped product; No approved Square match; Square price left blank,No,LL 2026-10-01T17:03:29.099Z; Square 2026-10-01T17:01:23.965Z
805745,805745,Handcrafted Wooden Spatulas,MISSING VENDOR,each,,,,,,,None,,,,,Hold,,526800,526800,,,,No approved Square match,,,,Unavailable,HOLD: missing local vendor; Mapped Local Line product not returned by live read; Mapped Local Line package not found under mapped product; No approved Square match; Square price left blank,No,LL 2026-10-01T17:03:29.099Z; Square 2026-10-01T17:01:23.965Z
805747,805747,Handcrafted Wooden Teaspoons,MISSING VENDOR,each,,,,,,,None,,,,,Hold,,526802,526802,,,,No approved Square match,,,,Unavailable,HOLD: missing local vendor; Mapped Local Line product not returned by live read; Mapped Local Line package not found under mapped product; No approved Square match; Square price left blank,No,LL 2026-10-01T17:03:29.099Z; Square 2026-10-01T17:01:23.965Z
1157463,1157463,Italian Plum,MISSING VENDOR,lb,2,40%,,2.8,,,None,,,,,Hold,,1001264,1001264,,,,No approved Square match,,2.8,,Percentage (actual Local Line setting),"HOLD: missing local vendor; Common proposed price for existing customer lists, including SNAP; No approved Square match; Square price left blank; Proposed markup left blank until the source-data hold is resolved.",No,LL 2026-10-01T17:03:29.099Z; Square 2026-10-01T17:01:23.965Z
1143177,1143177,Jeff's Rolled Oats,MISSING VENDOR,1.5 lb bag,4.5,40%,,6.3,,,None,4.2,,,,Hold,,982383,982383,1.5,,,No approved Square match,,6.3,,Percentage (actual Local Line setting),"HOLD: missing local vendor; Common proposed price for existing customer lists, including SNAP; No approved Square match; Square price left blank; Proposed markup left blank until the source-data hold is resolved.",Yes,LL 2026-10-01T17:03:29.099Z; Square 2026-10-01T17:01:23.965Z
1163512,1163512,Kiwi Berries,MISSING VENDOR,1/2 pt,5,40%,,7,,,None,,,,,Hold,,1011063,1011063,,,,No approved Square match,,7,,Percentage (actual Local Line setting),"HOLD: missing local vendor; Common proposed price for existing customer lists, including SNAP; No approved Square match; Square price left blank; Proposed markup left blank until the source-data hold is resolved.",Yes,LL 2026-10-01T17:03:29.099Z; Square 2026-10-01T17:01:23.965Z
805952,805952,Kohlrabi Purple or Green,MISSING VENDOR,1 bunch,,,,,,,None,,,,,Hold,,527012,527012,,,,No approved Square match,,,,Unavailable,HOLD: missing local vendor; Mapped Local Line product not returned by live read; Mapped Local Line package not found under mapped product; No approved Square match; Square price left blank,No,LL 2026-10-01T17:03:29.099Z; Square 2026-10-01T17:01:23.965Z
1151478,1151478,Levitate Elixirs-Spiced Cranberry Orange & Vanilla,MISSING VENDOR,750 ml / 25.4 fl oz ea,25,60%,,40,,,None,,,,,Hold,,993255,993255,,,,No approved Square match,,40,,Percentage (actual Local Line setting),"HOLD: missing local vendor; Common proposed price for existing customer lists, including SNAP; Local calculation differs from Local Line; No approved Square match; Square price left blank; Proposed markup left blank until the source-data hold is resolved.",Yes,LL 2026-10-01T17:03:29.099Z; Square 2026-10-01T17:01:23.965Z
1151475,1151475,Levitate Elixirs-Spiced Pineapple & Coconut,MISSING VENDOR,750 ml / 25.4 fl oz ea,25,60%,,40,,,None,,,,,Hold,,993252,993252,,,,No approved Square match,,40,,Percentage (actual Local Line setting),"HOLD: missing local vendor; Common proposed price for existing customer lists, including SNAP; Local calculation differs from Local Line; No approved Square match; Square price left blank; Proposed markup left blank until the source-data hold is resolved.",Yes,LL 2026-10-01T17:03:29.099Z; Square 2026-10-01T17:01:23.965Z
1151473,1151473,"Levitate Elixirs-Strawberry, Hops & Rose",MISSING VENDOR,750 ml / 25.4 fl oz ea,25,60%,,40,,,None,,,,,Hold,,993250,993250,,,,No approved Square match,,40,,Percentage (actual Local Line setting),"HOLD: missing local vendor; Common proposed price for existing customer lists, including SNAP; Local calculation differs from Local Line; No approved Square match; Square price left blank; Proposed markup left blank until the source-data hold is resolved.",Yes,LL 2026-10-01T17:03:29.099Z; Square 2026-10-01T17:01:23.965Z
1151477,1151477,"Levitate Elixirs-Wild Blueberry, Lemon & Rosemary",MISSING VENDOR,750 ml / 25.4 fl oz ea,25,60%,,40,,,None,,,,,Hold,,993254,993254,,,,No approved Square match,,40,,Percentage (actual Local Line setting),"HOLD: missing local vendor; Common proposed price for existing customer lists, including SNAP; Local calculation differs from Local Line; No approved Square match; Square price left blank; Proposed markup left blank until the source-data hold is resolved.",Yes,LL 2026-10-01T17:03:29.099Z; Square 2026-10-01T17:01:23.965Z
1139026,1139026,Marionberry,MISSING VENDOR,1/2 pt,3.4,40%,,4.76,,,None,,,,,Hold,,976775,976775,,,,No approved Square match,,4.76,,Percentage (actual Local Line setting),"HOLD: missing local vendor; Common proposed price for existing customer lists, including SNAP; No approved Square match; Square price left blank; Proposed markup left blank until the source-data hold is resolved.",No,LL 2026-10-01T17:03:29.099Z; Square 2026-10-01T17:01:23.965Z
825305,825305,Matsutake mushrooms,MISSING VENDOR,1/2 lb,11.25,33%,,14.96,,,None,29.92,,,,Hold,,549219,549219,0.5,,,No approved Square match,,14.96,,Percentage (actual Local Line setting),"HOLD: missing local vendor; Common proposed price for existing customer lists, including SNAP; Current list prices range $14.96–$15.75; baseline is Herd Share Members; Local calculation differs from Local Line; No approved Square match; Square price left blank; Proposed markup left blank until the source-data hold is resolved.",No,LL 2026-10-01T17:03:29.099Z; Square 2026-10-01T17:01:23.965Z
1141557,1141557,Medium Mixed Flower Bouquet,MISSING VENDOR,ea,12,40%,,16.8,,,None,,,,,Hold,,980230,980230,,,,No approved Square match,,16.8,,Percentage (actual Local Line setting),"HOLD: missing local vendor; Common proposed price for existing customer lists, including SNAP; No approved Square match; Square price left blank; Proposed markup left blank until the source-data hold is resolved.",No,LL 2026-10-01T17:03:29.099Z; Square 2026-10-01T17:01:23.965Z
1163513,1163513,Mix of Pears,MISSING VENDOR,ea,1,40%,,1.4,,,None,,,,,Hold,,1011064,1011064,,,,No approved Square match,,1.4,,Percentage (actual Local Line setting),"HOLD: missing local vendor; Common proposed price for existing customer lists, including SNAP; No approved Square match; Square price left blank; Proposed markup left blank until the source-data hold is resolved.",Yes,LL 2026-10-01T17:03:29.099Z; Square 2026-10-01T17:01:23.965Z
1153445,1153445,Mixed Red and Yellow Peppers,MISSING VENDOR,lb,4,40%,,5.6,,,None,,,,,Hold,,996042,996042,,,,No approved Square match,,5.6,,Percentage (actual Local Line setting),"HOLD: missing local vendor; Common proposed price for existing customer lists, including SNAP; No approved Square match; Square price left blank; Proposed markup left blank until the source-data hold is resolved.",No,LL 2026-10-01T17:03:29.099Z; Square 2026-10-01T17:01:23.965Z
1149432,1149432,Music Garlic (Dried and Cured),MISSING VENDOR,1/2 lb,4,40%,,5.6,,,None,11.2,,,,Hold,,990479,990479,0.5,,,No approved Square match,,5.6,,Percentage (actual Local Line setting),"HOLD: missing local vendor; Common proposed price for existing customer lists, including SNAP; No approved Square match; Square price left blank; Proposed markup left blank until the source-data hold is resolved.",Yes,LL 2026-10-01T17:03:29.099Z; Square 2026-10-01T17:01:23.965Z
1161243,1161243,Naravilla and Laturilla Figs,MISSING VENDOR,pack,6,40%,,8.4,,,None,,,,,Hold,,1006816,1006816,,,,No approved Square match,,8.4,,Percentage (actual Local Line setting),"HOLD: missing local vendor; Common proposed price for existing customer lists, including SNAP; No approved Square match; Square price left blank; Proposed markup left blank until the source-data hold is resolved.",Yes,LL 2026-10-01T17:03:29.099Z; Square 2026-10-01T17:01:23.965Z
1162016,1162016,Organic Spelt Flour,MISSING VENDOR,4 lb. Bag,12,40%,,16.8,,,None,4.2,,,,Hold,,1008808,1008808,4,,,No approved Square match,,16.8,,Percentage (actual Local Line setting),"HOLD: missing local vendor; Common proposed price for existing customer lists, including SNAP; No approved Square match; Square price left blank; Proposed markup left blank until the source-data hold is resolved.",Yes,LL 2026-10-01T17:03:29.099Z; Square 2026-10-01T17:01:23.965Z
870774,870774,Pea Shoots,MISSING VENDOR,1/2 Lb.,5,35%,,6.75,,,None,13.5,,,,Hold,,603300,603300,0.5,,,No approved Square match,,6.75,,Percentage (actual Local Line setting),"HOLD: missing local vendor; Common proposed price for existing customer lists, including SNAP; Current list prices range $6.75–$7.00; baseline is Herd Share Members; Local calculation differs from Local Line; No approved Square match; Square price left blank; Proposed markup left blank until the source-data hold is resolved.",No,LL 2026-10-01T17:03:29.099Z; Square 2026-10-01T17:01:23.965Z
805982,805982,Peppermint,MISSING VENDOR,each,3.5,-14.2857%,,3,,,Active — retain sale; rate unavailable,,,,,Hold,,527042,527042,,,,No approved Square match,,,,Fixed price $3.00; equivalent % shown,"HOLD: missing local vendor; Common proposed price for existing customer lists, including SNAP; Local calculation differs from Local Line; Retain active Local Line sale; local sale flag differs; Sale flag retained; regular price/discount must be checked before publication; No approved Square match; Square price left blank; Current percentage is equivalent, not a stored percentage setting; review conversion from the existing dollar adjustment.; The Local Line markup already includes the sale reduction. Do not discount the calculated package price again. Retain each list’s sale flag and scale its valid regular price by the selling-price change.; HOLD: existing sale has no valid regular reference; sale discount cannot be verified.; Proposed markup left blank until the source-data hold is resolved.",No,LL 2026-10-01T17:03:29.099Z; Square 2026-10-01T17:01:23.965Z
883821,883821,Persian Cucumber,MISSING VENDOR,1 lb,2.4,34%,,3.22,,,None,3.22,,,,Hold,,621073,621073,1,,,No approved Square match,,3.22,,Percentage (actual Local Line setting),"HOLD: missing local vendor; Common proposed price for existing customer lists, including SNAP; Current list prices range $3.22–$3.36; baseline is Herd Share Members; Local calculation differs from Local Line; No approved Square match; Square price left blank; Proposed markup left blank until the source-data hold is resolved.",No,LL 2026-10-01T17:03:29.099Z; Square 2026-10-01T17:01:23.965Z
1149424,1149424,Polish White Garlic (Dried and Cured),MISSING VENDOR,1/2 lb,4,40%,,5.6,,,None,11.2,,,,Hold,,990469,990469,0.5,,,No approved Square match,,5.6,,Percentage (actual Local Line setting),"HOLD: missing local vendor; Common proposed price for existing customer lists, including SNAP; No approved Square match; Square price left blank; Proposed markup left blank until the source-data hold is resolved.",Yes,LL 2026-10-01T17:03:29.099Z; Square 2026-10-01T17:01:23.965Z
805962,805962,Red Butter-head Little Gem Lettuce,MISSING VENDOR,each,1.4,34%,,1.88,,,None,,,,,Hold,,527022,527022,,,,No approved Square match,,1.88,,Percentage (actual Local Line setting),"HOLD: missing local vendor; Common proposed price for existing customer lists, including SNAP; Current list prices range $1.88–$1.96; baseline is Herd Share Members; Local calculation differs from Local Line; No approved Square match; Square price left blank; Proposed markup left blank until the source-data hold is resolved.",No,LL 2026-10-01T17:03:29.099Z; Square 2026-10-01T17:01:23.965Z
1144340,1144340,Red Butterhead Lettuce,MISSING VENDOR,each,2.25,40%,,3.15,,,None,,,,,Hold,,983565,983565,,,,No approved Square match,,3.15,,Percentage (actual Local Line setting),"HOLD: missing local vendor; Common proposed price for existing customer lists, including SNAP; No approved Square match; Square price left blank; Proposed markup left blank until the source-data hold is resolved.",No,LL 2026-10-01T17:03:29.099Z; Square 2026-10-01T17:01:23.965Z
1161247,1161247,Satsuma plums,MISSING VENDOR,lb,2,40%,,2.8,,,None,,,,,Hold,,1006819,1006819,,,,No approved Square match,,2.8,,Percentage (actual Local Line setting),"HOLD: missing local vendor; Common proposed price for existing customer lists, including SNAP; No approved Square match; Square price left blank; Proposed markup left blank until the source-data hold is resolved.",No,LL 2026-10-01T17:03:29.099Z; Square 2026-10-01T17:01:23.965Z
1161246,1161246,Seckel Pears,MISSING VENDOR,lb,3,40%,,4.2,,,None,,,,,Hold,,1006818,1006818,,,,No approved Square match,,4.2,,Percentage (actual Local Line setting),"HOLD: missing local vendor; Common proposed price for existing customer lists, including SNAP; No approved Square match; Square price left blank; Proposed markup left blank until the source-data hold is resolved.",Yes,LL 2026-10-01T17:03:29.099Z; Square 2026-10-01T17:01:23.965Z
1139025,1139025,Spring Onion,MISSING VENDOR,Ea,1.35,40%,,1.89,,,None,,,,,Hold,,976774,976774,,,,No approved Square match,,1.89,,Percentage (actual Local Line setting),"HOLD: missing local vendor; Common proposed price for existing customer lists, including SNAP; No approved Square match; Square price left blank; Proposed markup left blank until the source-data hold is resolved.",No,LL 2026-10-01T17:03:29.099Z; Square 2026-10-01T17:01:23.965Z
1161250,1161250,Stanley Plums,MISSING VENDOR,lb,2,40%,,2.8,,,None,,,,,Hold,,1006822,1006822,,,,No approved Square match,,2.8,,Percentage (actual Local Line setting),"HOLD: missing local vendor; Common proposed price for existing customer lists, including SNAP; No approved Square match; Square price left blank; Proposed markup left blank until the source-data hold is resolved.",No,LL 2026-10-01T17:03:29.099Z; Square 2026-10-01T17:01:23.965Z
1157456,1157456,Stark Yellow Peaches,MISSING VENDOR,lb,3,40%,,4.2,,,None,,,,,Hold,,1001257,1001257,,,,No approved Square match,,4.2,,Percentage (actual Local Line setting),"HOLD: missing local vendor; Common proposed price for existing customer lists, including SNAP; No approved Square match; Square price left blank; Proposed markup left blank until the source-data hold is resolved.",No,LL 2026-10-01T17:03:29.099Z; Square 2026-10-01T17:01:23.965Z
1140518,1140518,Stripped Zucchini,MISSING VENDOR,1 lb,2.5,40%,,3.5,,,None,3.5,,,,Hold,,978740,978740,1,,,No approved Square match,,3.5,,Percentage (actual Local Line setting),"HOLD: missing local vendor; Common proposed price for existing customer lists, including SNAP; No approved Square match; Square price left blank; Proposed markup left blank until the source-data hold is resolved.",No,LL 2026-10-01T17:03:29.099Z; Square 2026-10-01T17:01:23.965Z
1157446,1157446,Suncrest Peach,MISSING VENDOR,1 lb,3,40%,,4.2,,,None,4.2,,,,Hold,,1001247,1001247,1,,,No approved Square match,,4.2,,Percentage (actual Local Line setting),"HOLD: missing local vendor; Common proposed price for existing customer lists, including SNAP; No approved Square match; Square price left blank; Proposed markup left blank until the source-data hold is resolved.",No,LL 2026-10-01T17:03:29.099Z; Square 2026-10-01T17:01:23.965Z
805839,805839,Sweet Potato “Seconds”,MISSING VENDOR,1 lb,3.25,-15.3846%,,2.75,,,Active — retain sale; rate unavailable,2.75,,,,Hold,,526897,526897,1,,,No approved Square match,,,,Fixed price $2.75; equivalent % shown,"HOLD: missing local vendor; Common proposed price for existing customer lists, including SNAP; Local calculation differs from Local Line; Retain active Local Line sale; local sale flag differs; Sale flag retained; regular price/discount must be checked before publication; No approved Square match; Square price left blank; Current percentage is equivalent, not a stored percentage setting; review conversion from the existing dollar adjustment.; The Local Line markup already includes the sale reduction. Do not discount the calculated package price again. Retain each list’s sale flag and scale its valid regular price by the selling-price change.; HOLD: existing sale has no valid regular reference; sale discount cannot be verified.; Proposed markup left blank until the source-data hold is resolved.",No,LL 2026-10-01T17:03:29.099Z; Square 2026-10-01T17:01:23.965Z
1148272,1148272,Travel Size Healing Stick,MISSING VENDOR,0.5 oz ea,5.95,40%,,8.33,,,None,266.56,,,,Hold,,988901,988901,0.03125,,,No approved Square match,,8.33,,Percentage (actual Local Line setting),"HOLD: missing local vendor; Common proposed price for existing customer lists, including SNAP; Current list prices range $7.00–$8.33; baseline is Herd Share Members; No approved Square match; Square price left blank; Proposed markup left blank until the source-data hold is resolved.",No,LL 2026-10-01T17:03:29.099Z; Square 2026-10-01T17:01:23.965Z
1148268,1148268,Travel Size Lotion Stick w/ Honeysuckle Essential Oil,MISSING VENDOR,0.5 oz ea,5.95,40%,,8.33,,,None,,,,,Hold,,988897,988897,,,,No approved Square match,,8.33,,Percentage (actual Local Line setting),"HOLD: missing local vendor; Common proposed price for existing customer lists, including SNAP; No approved Square match; Square price left blank; Proposed markup left blank until the source-data hold is resolved.",Yes,LL 2026-10-01T17:03:29.099Z; Square 2026-10-01T17:01:23.965Z
1148269,1148269,Travel Size Lotion Stick w/ Lemongrass & Orange Essential Oils & Turmeric,MISSING VENDOR,0.5 oz ea,5.95,40%,,8.33,,,None,266.56,,,,Hold,,988898,988898,0.03125,,,No approved Square match,,8.33,,Percentage (actual Local Line setting),"HOLD: missing local vendor; Common proposed price for existing customer lists, including SNAP; No approved Square match; Square price left blank; Proposed markup left blank until the source-data hold is resolved.",Yes,LL 2026-10-01T17:03:29.099Z; Square 2026-10-01T17:01:23.965Z
1164992,1164992,Turkish Long Eggplant,MISSING VENDOR,1 lb,2.8,40%,,3.92,,,None,3.92,,,,Hold,,1013033,1013033,1,,,No approved Square match,,3.92,,Percentage (actual Local Line setting),"HOLD: missing local vendor; Common proposed price for existing customer lists, including SNAP; No approved Square match; Square price left blank; Proposed markup left blank until the source-data hold is resolved.",Yes,LL 2026-10-01T17:03:29.099Z; Square 2026-10-01T17:01:23.965Z
805846,805846,Walla Walla Onions,MISSING VENDOR,1 lb,2,-12.5%,,1.75,,,Active — retain sale; rate unavailable,1.75,,,,Hold,,526904,526904,1,,,No approved Square match,,,,Fixed price $1.75; equivalent % shown,"HOLD: missing local vendor; Common proposed price for existing customer lists, including SNAP; Local calculation differs from Local Line; Retain active Local Line sale; local sale flag differs; Sale flag retained; regular price/discount must be checked before publication; No approved Square match; Square price left blank; Current percentage is equivalent, not a stored percentage setting; review conversion from the existing dollar adjustment.; The Local Line markup already includes the sale reduction. Do not discount the calculated package price again. Retain each list’s sale flag and scale its valid regular price by the selling-price change.; HOLD: existing sale has no valid regular reference; sale discount cannot be verified.; Proposed markup left blank until the source-data hold is resolved.",No,LL 2026-10-01T17:03:29.099Z; Square 2026-10-01T17:01:23.965Z
1164990,1164990,Yellow Italian Frying Pepper,MISSING VENDOR,1 lb,2.75,40%,,3.85,,,None,3.85,,,,Hold,,1013017,1013017,1,,,No approved Square match,,3.85,,Percentage (actual Local Line setting),"HOLD: missing local vendor; Common proposed price for existing customer lists, including SNAP; No approved Square match; Square price left blank; Proposed markup left blank until the source-data hold is resolved.",Yes,LL 2026-10-01T17:03:29.099Z; Square 2026-10-01T17:01:23.965Z
1162012,1162012,Yellow Potatoes (Vista Gold),MISSING VENDOR,1 lb,1.5,40%,,2.1,,,None,2.1,,,,Hold,,1008804,1008804,1,,,No approved Square match,,2.1,,Percentage (actual Local Line setting),"HOLD: missing local vendor; Common proposed price for existing customer lists, including SNAP; No approved Square match; Square price left blank; Proposed markup left blank until the source-data hold is resolved.",Yes,LL 2026-10-01T17:03:29.099Z; Square 2026-10-01T17:01:23.965Z
1133725,1133725,Anaheim Pepper,Organically Grown Company,1 lb,5.85,40%,51.2%,8.19,8.85,8.0586%,None,8.19,8.85,,,Review,,969104,969104,1,,,No approved Square match,,8.19,8.85,Percentage (actual Local Line setting),"Common proposed price for existing customer lists, including SNAP; No approved Square match; Square price left blank",No,LL 2026-10-01T17:03:29.099Z; Square 2026-10-01T17:01:23.965Z
805850,,Asparagus,Organically Grown Company,1 lb,,,,,,,None,,,,,Hold,,526908,,1,,,No approved Square match,,,,Unavailable,No Local Line product mapping; No Local Line package mapping; No approved Square match; Square price left blank,No,LL 2026-10-01T17:03:29.099Z; Square 2026-10-01T17:01:23.965Z
981428,981428,Baby Red Onion,Organically Grown Company,bu,2.5,40%,51.2%,3.5,3.78,8%,None,,,,,Review,,749861,749861,,,,No approved Square match,,3.5,3.78,Percentage (actual Local Line setting),"Common proposed price for existing customer lists, including SNAP; No approved Square match; Square price left blank",No,LL 2026-10-01T17:03:29.099Z; Square 2026-10-01T17:01:23.965Z
1028363,,Black Garlic,Organically Grown Company,3.75 oz  bag,,,,,,,None,,,,,Hold,,818331,,0.234375,,,No approved Square match,,,,Unavailable,No Local Line product mapping; No Local Line package mapping; No approved Square match; Square price left blank,No,LL 2026-10-01T17:03:29.099Z; Square 2026-10-01T17:01:23.965Z
805772,805772,Blackberries,Organically Grown Company,1/2  pt,4.75,40%,51.2%,6.65,7.18,7.9699%,None,,,,,Review,,526828,526828,,,,No approved Square match,,6.65,7.18,Percentage (actual Local Line setting),"Common proposed price for existing customer lists, including SNAP; No approved Square match; Square price left blank",No,LL 2026-10-01T17:03:29.099Z; Square 2026-10-01T17:01:23.965Z
890302,890302,Blueberries,Organically Grown Company,1 pint,4,40%,51.2%,5.6,6.05,8.0357%,None,,,,,Review,,629769,629769,,,,No approved Square match,,5.6,6.05,Percentage (actual Local Line setting),"Common proposed price for existing customer lists, including SNAP; No approved Square match; Square price left blank",No,LL 2026-10-01T17:03:29.099Z; Square 2026-10-01T17:01:23.965Z
927368,927368,Broccoli Rapini,Organically Grown Company,bu,2.5,40%,51.2%,3.5,3.78,8%,None,,,,,Review,,675355,675355,,,,No approved Square match,,3.5,3.78,Percentage (actual Local Line setting),"Common proposed price for existing customer lists, including SNAP; No approved Square match; Square price left blank",No,LL 2026-10-01T17:03:29.099Z; Square 2026-10-01T17:01:23.965Z
1058761,1058761,Calcot Onion Bunch,Organically Grown Company,bu,3.03,40%,51.2%,4.24,4.58,8.0189%,None,,,,,Review,,865053,865053,,,,No approved Square match,,4.24,4.58,Percentage (actual Local Line setting),"Common proposed price for existing customer lists, including SNAP; No approved Square match; Square price left blank",No,LL 2026-10-01T17:03:29.099Z; Square 2026-10-01T17:01:23.965Z
911653,911653,Celeriac,Organically Grown Company,1 lb,1.8,40%,51.2%,2.52,2.72,7.9365%,None,2.52,2.72,,,Review,,656880,656880,1,,,No approved Square match,,2.52,2.72,Percentage (actual Local Line setting),"Common proposed price for existing customer lists, including SNAP; No approved Square match; Square price left blank",No,LL 2026-10-01T17:03:29.099Z; Square 2026-10-01T17:01:23.965Z
883831,883831,Cherries (WA),Organically Grown Company,1.5 lb. bag,6.9,40%,51.2%,9.66,10.43,7.971%,None,6.44,6.95,,,Review,,621083,621083,1.5,,,No approved Square match,,9.66,10.43,Percentage (actual Local Line setting),"Common proposed price for existing customer lists, including SNAP; No approved Square match; Square price left blank",No,LL 2026-10-01T17:03:29.099Z; Square 2026-10-01T17:01:23.965Z
805831,805831,Collard Greens,Organically Grown Company,each,1.65,40%,51.2%,2.31,2.49,7.7922%,None,,,,,Review,,526888,526888,,,,No approved Square match,,2.31,2.49,Percentage (actual Local Line setting),"Common proposed price for existing customer lists, including SNAP; No approved Square match; Square price left blank",No,LL 2026-10-01T17:03:29.099Z; Square 2026-10-01T17:01:23.965Z
805875,805875,Crimini Mushrooms,Organically Grown Company,1 lb,3.95,40%,51.2%,5.53,5.97,7.9566%,None,5.53,5.97,,,Review,,526933,526933,1,,,No approved Square match,,5.53,5.97,Percentage (actual Local Line setting),"Common proposed price for existing customer lists, including SNAP; No approved Square match; Square price left blank",Yes,LL 2026-10-01T17:03:29.099Z; Square 2026-10-01T17:01:23.965Z
926707,926707,Daikon Radish (WA),Organically Grown Company,1 Lb,3.85,40%,51.2%,5.39,5.82,7.9777%,None,5.39,5.82,,,Review,,674541,674541,1,,,No approved Square match,,5.39,5.82,Percentage (actual Local Line setting),"Common proposed price for existing customer lists, including SNAP; No approved Square match; Square price left blank",No,LL 2026-10-01T17:03:29.099Z; Square 2026-10-01T17:01:23.965Z
1133719,1133719,Eggplant,Organically Grown Company,each,2.99,40%,51.2%,4.19,4.52,7.8759%,None,,,,,Review,,969098,969098,,,,No approved Square match,,4.19,4.52,Percentage (actual Local Line setting),"Common proposed price for existing customer lists, including SNAP; No approved Square match; Square price left blank",No,LL 2026-10-01T17:03:29.099Z; Square 2026-10-01T17:01:23.965Z
1117018,1117018,Fresh Strawberries,Organically Grown Company,each,5.3,40%,51.2%,7.42,8.01,7.9515%,None,,,,,Review,,943643,943643,,,,No approved Square match,,7.42,8.01,Percentage (actual Local Line setting),"Common proposed price for existing customer lists, including SNAP; No approved Square match; Square price left blank",No,LL 2026-10-01T17:03:29.099Z; Square 2026-10-01T17:01:23.965Z
1058709,1058709,Fuji Apple (WA),Organically Grown Company,ea,0.9,50%,62%,1.35,1.46,8.1481%,None,,,,,Review,,864990,864990,,,,No approved Square match,,1.35,1.46,Percentage (actual Local Line setting),"Common proposed price for existing customer lists, including SNAP; Current list prices range $1.26–$1.35; baseline is Herd Share Members; Local calculation differs from Local Line; No approved Square match; Square price left blank",No,LL 2026-10-01T17:03:29.099Z; Square 2026-10-01T17:01:23.965Z
944271,944271,Gala Apple,Organically Grown Company,ea,0.5,40%,51.2%,0.7,0.76,8.5714%,None,,,,,Review,,699021,699021,,,,No approved Square match,,0.7,0.76,Percentage (actual Local Line setting),"Common proposed price for existing customer lists, including SNAP; No approved Square match; Square price left blank",No,LL 2026-10-01T17:03:29.099Z; Square 2026-10-01T17:01:23.965Z
928530,928530,Gold Beets,Organically Grown Company,lb,1.6,40%,51.2%,2.24,2.42,8.0357%,None,2.24,2.42,,,Review,,676674,676674,1,,,No approved Square match,,2.24,2.42,Percentage (actual Local Line setting),"Common proposed price for existing customer lists, including SNAP; No approved Square match; Square price left blank",No,LL 2026-10-01T17:03:29.099Z; Square 2026-10-01T17:01:23.965Z
987076,987076,Gold Raspberries,Organically Grown Company,1/2 pt,4.32,40%,51.2%,6.05,6.53,7.9339%,None,,,,,Review,,757754,757754,,,,No approved Square match,,6.05,6.53,Percentage (actual Local Line setting),"Common proposed price for existing customer lists, including SNAP; No approved Square match; Square price left blank",No,LL 2026-10-01T17:03:29.099Z; Square 2026-10-01T17:01:23.965Z
899377,899377,Granny Smith Apple (WA),Organically Grown Company,ea,0.9,50%,62%,1.35,1.46,8.1481%,None,,,,,Review,,641182,641182,,,,No approved Square match,,1.35,1.46,Percentage (actual Local Line setting),"Common proposed price for existing customer lists, including SNAP; Current list prices range $1.26–$1.35; baseline is Herd Share Members; Local calculation differs from Local Line; No approved Square match; Square price left blank",No,LL 2026-10-01T17:03:29.099Z; Square 2026-10-01T17:01:23.965Z
983715,983715,Green garlic,Organically Grown Company,1 lb,7.25,40%,51.2%,10.15,10.96,7.9803%,None,10.15,10.96,,,Review,,752788,752788,1,,,No approved Square match,,10.15,10.96,Percentage (actual Local Line setting),"Common proposed price for existing customer lists, including SNAP; No approved Square match; Square price left blank",No,LL 2026-10-01T17:03:29.099Z; Square 2026-10-01T17:01:23.965Z
983715,983715,Green garlic,Organically Grown Company,1/2 lb,3.63,40%,51.2%,5.08,5.49,8.0709%,None,10.16,10.98,,,Review,,919343,919343,0.5,,,No approved Square match,,5.08,5.49,Percentage (actual Local Line setting),"Common proposed price for existing customer lists, including SNAP; No approved Square match; Square price left blank",No,LL 2026-10-01T17:03:29.099Z; Square 2026-10-01T17:01:23.965Z
899379,899379,Honey Crisp Apple (WA),Organically Grown Company,ea,1.75,50%,62%,2.63,2.83,7.6046%,None,,,,,Review,,641205,641205,,,,No approved Square match,,2.63,2.83,Percentage (actual Local Line setting),"Common proposed price for existing customer lists, including SNAP; Current list prices range $2.45–$2.63; baseline is Herd Share Members; Local calculation differs from Local Line; No approved Square match; Square price left blank",No,LL 2026-10-01T17:03:29.099Z; Square 2026-10-01T17:01:23.965Z
862903,862903,Italian Kale Raab,Organically Grown Company,bu,2.3,40%,51.2%,3.22,3.48,8.0745%,None,,,,,Review,,592913,592913,,,,No approved Square match,,3.22,3.48,Percentage (actual Local Line setting),"Common proposed price for existing customer lists, including SNAP; No approved Square match; Square price left blank",No,LL 2026-10-01T17:03:29.099Z; Square 2026-10-01T17:01:23.965Z
901488,901488,Jalapeno,Organically Grown Company,lb,4,40%,51.2%,5.6,6.05,8.0357%,None,5.6,6.05,,,Review,,643774,643774,1,,,No approved Square match,,5.6,6.05,Percentage (actual Local Line setting),"Common proposed price for existing customer lists, including SNAP; Local calculation differs from Local Line; No approved Square match; Square price left blank",No,LL 2026-10-01T17:03:29.099Z; Square 2026-10-01T17:01:23.965Z
1133722,1133722,"Kaiware, Green Microgreens",Organically Grown Company,2 oz ea,5.45,40%,51.2%,7.63,8.24,7.9948%,None,61.04,65.92,,,Review,,969101,969101,0.125,,,No approved Square match,,7.63,8.24,Percentage (actual Local Line setting),"Common proposed price for existing customer lists, including SNAP; No approved Square match; Square price left blank",No,LL 2026-10-01T17:03:29.099Z; Square 2026-10-01T17:01:23.965Z
1133723,1133723,"Kaiware, Purple Microgreens",Organically Grown Company,2 oz ea,5.45,40%,51.2%,7.63,8.24,7.9948%,None,61.04,65.92,,,Review,,969102,969102,0.125,,,No approved Square match,,7.63,8.24,Percentage (actual Local Line setting),"Common proposed price for existing customer lists, including SNAP; No approved Square match; Square price left blank",No,LL 2026-10-01T17:03:29.099Z; Square 2026-10-01T17:01:23.965Z
1017922,1017922,Leeks,Organically Grown Company,1 ct.,2,40%,51.2%,2.8,3.02,7.8571%,None,,,,,Review,,803319,803319,,,,No approved Square match,,2.8,3.02,Percentage (actual Local Line setting),"Common proposed price for existing customer lists, including SNAP; No approved Square match; Square price left blank",No,LL 2026-10-01T17:03:29.099Z; Square 2026-10-01T17:01:23.965Z
859074,859074,Leeks,Organically Grown Company,1 lb,2,40%,51.2%,2.8,3.02,7.8571%,None,2.8,3.02,,,Review,,588665,588665,1,,,No approved Square match,,2.8,3.02,Percentage (actual Local Line setting),"Common proposed price for existing customer lists, including SNAP; No approved Square match; Square price left blank",No,LL 2026-10-01T17:03:29.099Z; Square 2026-10-01T17:01:23.965Z
805890,805890,Lions Mane Mushrooms,Organically Grown Company,1/2 lb,4.95,40%,51.2%,6.93,7.48,7.9365%,None,13.86,14.96,,,Review,,526948,526948,0.5,,,No approved Square match,,6.93,7.48,Percentage (actual Local Line setting),"Common proposed price for existing customer lists, including SNAP; No approved Square match; Square price left blank",No,LL 2026-10-01T17:03:29.099Z; Square 2026-10-01T17:01:23.965Z
899390,899390,Mini Sweet Mix Bell Peppers,Organically Grown Company,1 lb bag,4.59,40%,51.2%,6.43,6.94,7.9316%,None,6.43,6.94,,,Review,,641285,641285,1,,,No approved Square match,,6.43,6.94,Percentage (actual Local Line setting),"Common proposed price for existing customer lists, including SNAP; No approved Square match; Square price left blank",No,LL 2026-10-01T17:03:29.099Z; Square 2026-10-01T17:01:23.965Z
812655,812655,Mix of  Comice/D'Anjou,Organically Grown Company,ea,1,40%,51.2%,1.4,1.51,7.8571%,None,,,,,Review,,534523,534523,,,,No approved Square match,,1.4,1.51,Percentage (actual Local Line setting),"Common proposed price for existing customer lists, including SNAP; No approved Square match; Square price left blank",No,LL 2026-10-01T17:03:29.099Z; Square 2026-10-01T17:01:23.965Z
881653,881653,Nantes Carrots,Organically Grown Company,bunch,2.53,40%,51.2%,3.54,3.83,8.1921%,None,,,,,Review,,618132,618132,,,,No approved Square match,,3.54,3.83,Percentage (actual Local Line setting),"Common proposed price for existing customer lists, including SNAP; No approved Square match; Square price left blank",No,LL 2026-10-01T17:03:29.099Z; Square 2026-10-01T17:01:23.965Z
899388,899388,Oyster Mushrooms,Organically Grown Company,1/2 lb,3.75,40%,51.2%,5.25,5.67,8%,None,10.5,11.34,,,Review,,641283,641283,0.5,,,No approved Square match,,5.25,5.67,Percentage (actual Local Line setting),"Common proposed price for existing customer lists, including SNAP; No approved Square match; Square price left blank",No,LL 2026-10-01T17:03:29.099Z; Square 2026-10-01T17:01:23.965Z
805900,805900,Parsnips,Organically Grown Company,1 lb,2.5,40%,51.2%,3.5,3.78,8%,None,3.5,3.78,,,Review,,526958,526958,1,,,No approved Square match,,3.5,3.78,Percentage (actual Local Line setting),"Common proposed price for existing customer lists, including SNAP; No approved Square match; Square price left blank",No,LL 2026-10-01T17:03:29.099Z; Square 2026-10-01T17:01:23.965Z
1058760,1058760,Pea Shoot Microgreens,Organically Grown Company,2.5 oz ea,5.45,40%,51.2%,7.63,8.24,7.9948%,None,48.83,52.74,,,Review,,865052,865052,0.15625,,,No approved Square match,,7.63,8.24,Percentage (actual Local Line setting),"Common proposed price for existing customer lists, including SNAP; No approved Square match; Square price left blank",No,LL 2026-10-01T17:03:29.099Z; Square 2026-10-01T17:01:23.965Z
927371,,Pink Lady Apple,Organically Grown Company,ea,,,,,,,None,,,,,Hold,,675358,,,,,No approved Square match,,,,Unavailable,No Local Line product mapping; No Local Line package mapping; No approved Square match; Square price left blank,No,LL 2026-10-01T17:03:29.099Z; Square 2026-10-01T17:01:23.965Z
1131456,1131456,Pink Raspberries,Organically Grown Company,1/2 pt,4.6,40%,51.2%,6.44,6.96,8.0745%,None,,,,,Review,,965788,965788,,,,No approved Square match,,6.44,6.96,Percentage (actual Local Line setting),"Common proposed price for existing customer lists, including SNAP; No approved Square match; Square price left blank",No,LL 2026-10-01T17:03:29.099Z; Square 2026-10-01T17:01:23.965Z
805904,805904,Portabella Mushrooms,Organically Grown Company,each,7.25,40%,51.2%,10.15,10.96,7.9803%,None,10.15,10.96,,,Review,,526962,526962,1,,,No approved Square match,,10.15,10.96,Percentage (actual Local Line setting),"Common proposed price for existing customer lists, including SNAP; No approved Square match; Square price left blank",No,LL 2026-10-01T17:03:29.099Z; Square 2026-10-01T17:01:23.965Z
824480,824480,Purple potatoes,Organically Grown Company,pound,1.04,40%,51.2%,1.46,1.57,7.5342%,None,1.46,1.57,,,Review,,548053,548053,1,,,No approved Square match,,1.46,1.57,Percentage (actual Local Line setting),"Common proposed price for existing customer lists, including SNAP; No approved Square match; Square price left blank",No,LL 2026-10-01T17:03:29.099Z; Square 2026-10-01T17:01:23.965Z
1131458,1131458,Rainer Cherries (WA),Organically Grown Company,1.5 lb. bag,12.85,40%,51.2%,17.99,19.43,8.0044%,None,11.99,12.95,,,Review,,965791,965791,1.5,,,No approved Square match,,17.99,19.43,Percentage (actual Local Line setting),"Common proposed price for existing customer lists, including SNAP; No approved Square match; Square price left blank",No,LL 2026-10-01T17:03:29.099Z; Square 2026-10-01T17:01:23.965Z
1003371,1003371,Red Bartlett Pears,Organically Grown Company,ea,1,40%,51.2%,1.4,1.51,7.8571%,None,,,,,Review,,782715,782715,,,,No approved Square match,,1.4,1.51,Percentage (actual Local Line setting),"Common proposed price for existing customer lists, including SNAP; No approved Square match; Square price left blank",No,LL 2026-10-01T17:03:29.099Z; Square 2026-10-01T17:01:23.965Z
1038287,1038287,Red Beets,Organically Grown Company,1 lb,1.36,40%,51.2%,1.9,2.06,8.4211%,None,1.9,2.06,,,Review,,836559,836559,1,,,No approved Square match,,1.9,2.06,Percentage (actual Local Line setting),"Common proposed price for existing customer lists, including SNAP; No approved Square match; Square price left blank",No,LL 2026-10-01T17:03:29.099Z; Square 2026-10-01T17:01:23.965Z
912736,912736,Red Cabbage,Organically Grown Company,each,3.95,40%,51.2%,5.53,5.97,7.9566%,None,,,,,Review,,658110,658110,,,,No approved Square match,,5.53,5.97,Percentage (actual Local Line setting),"Common proposed price for existing customer lists, including SNAP; No approved Square match; Square price left blank",No,LL 2026-10-01T17:03:29.099Z; Square 2026-10-01T17:01:23.965Z
987077,987077,Red Currant Berries,Organically Grown Company,1/2 pt,4.59,40%,51.2%,6.43,6.94,7.9316%,None,,,,,Review,,757755,757755,,,,No approved Square match,,6.43,6.94,Percentage (actual Local Line setting),"Common proposed price for existing customer lists, including SNAP; No approved Square match; Square price left blank",No,LL 2026-10-01T17:03:29.099Z; Square 2026-10-01T17:01:23.965Z
805781,805781,Red D'Anjou Pears,Organically Grown Company,each,1,40%,51.2%,1.4,1.51,7.8571%,None,,,,,Review,,526837,526837,,,,No approved Square match,,1.4,1.51,Percentage (actual Local Line setting),"Common proposed price for existing customer lists, including SNAP; No approved Square match; Square price left blank",No,LL 2026-10-01T17:03:29.099Z; Square 2026-10-01T17:01:23.965Z
1058758,1058758,Red Mustard Mizuna,Organically Grown Company,ea,2.3,40%,51.2%,3.22,3.48,8.0745%,None,,,,,Review,,865050,865050,,,,No approved Square match,,3.22,3.48,Percentage (actual Local Line setting),"Common proposed price for existing customer lists, including SNAP; No approved Square match; Square price left blank",No,LL 2026-10-01T17:03:29.099Z; Square 2026-10-01T17:01:23.965Z
812626,812626,Red Potatoes (Idaho),Organically Grown Company,1 lb,1,40%,51.2%,1.4,1.51,7.8571%,None,1.4,1.51,,,Review,,534494,534494,1,,,No approved Square match,,1.4,1.51,Percentage (actual Local Line setting),"Common proposed price for existing customer lists, including SNAP; No approved Square match; Square price left blank",No,LL 2026-10-01T17:03:29.099Z; Square 2026-10-01T17:01:23.965Z
805782,805782,Red Raspberries,Organically Grown Company,1/2 pt,4.75,40%,51.2%,6.65,7.18,7.9699%,None,,,,,Review,,526838,526838,,,,No approved Square match,,6.65,7.18,Percentage (actual Local Line setting),"Common proposed price for existing customer lists, including SNAP; No approved Square match; Square price left blank",No,LL 2026-10-01T17:03:29.099Z; Square 2026-10-01T17:01:23.965Z
824478,824478,Russet potatoes (CA),Organically Grown Company,1 lb,1,40%,51.2%,1.4,1.51,7.8571%,None,1.4,1.51,,,Review,,548051,548051,1,,,No approved Square match,,1.4,1.51,Percentage (actual Local Line setting),"Common proposed price for existing customer lists, including SNAP; No approved Square match; Square price left blank",No,LL 2026-10-01T17:03:29.099Z; Square 2026-10-01T17:01:23.965Z
805816,805816,Rutabega,Organically Grown Company,1 lb,1.9,40%,51.2%,2.66,2.87,7.8947%,None,2.66,2.87,,,Review,,526873,526873,1,,,No approved Square match,,2.66,2.87,Percentage (actual Local Line setting),"Common proposed price for existing customer lists, including SNAP; No approved Square match; Square price left blank",No,LL 2026-10-01T17:03:29.099Z; Square 2026-10-01T17:01:23.965Z
805981,805981,Savoy Cabbage,Organically Grown Company,each,2.25,40%,51.2%,3.15,3.4,7.9365%,None,,,,,Review,,527041,527041,,,,No approved Square match,,3.15,3.4,Percentage (actual Local Line setting),"Common proposed price for existing customer lists, including SNAP; No approved Square match; Square price left blank",No,LL 2026-10-01T17:03:29.099Z; Square 2026-10-01T17:01:23.965Z
812617,812617,Serrano pepper,Organically Grown Company,1/2 lb,2.5,40%,51.2%,3.5,3.78,8%,None,7,7.56,,,Review,,534485,534485,0.5,,,No approved Square match,,3.5,3.78,Percentage (actual Local Line setting),"Common proposed price for existing customer lists, including SNAP; No approved Square match; Square price left blank",No,LL 2026-10-01T17:03:29.099Z; Square 2026-10-01T17:01:23.965Z
1048411,1048411,Shallots,Organically Grown Company,1 lb,3.5,40%,51.2%,4.9,5.29,7.9592%,None,4.9,5.29,,,Review,,851691,851691,1,,,No approved Square match,,4.9,5.29,Percentage (actual Local Line setting),"Common proposed price for existing customer lists, including SNAP; No approved Square match; Square price left blank",Yes,LL 2026-10-01T17:03:29.099Z; Square 2026-10-01T17:01:23.965Z
805927,805927,Shiitake Mushrooms,Organically Grown Company,1/2 lb,4.08,40%,51.2%,5.71,6.17,8.056%,None,11.42,12.34,,,Review,,526987,526987,0.5,,,No approved Square match,,5.71,6.17,Percentage (actual Local Line setting),"Common proposed price for existing customer lists, including SNAP; No approved Square match; Square price left blank",Yes,LL 2026-10-01T17:03:29.099Z; Square 2026-10-01T17:01:23.965Z
1028364,1028364,Soft-neck Garlic ( CA ),Organically Grown Company,1/2 lb,2.66,40%,51.2%,3.72,4.02,8.0645%,None,7.44,8.04,,,Review,,818332,818332,0.5,,,No approved Square match,,3.72,4.02,Percentage (actual Local Line setting),"Common proposed price for existing customer lists, including SNAP; No approved Square match; Square price left blank",No,LL 2026-10-01T17:03:29.099Z; Square 2026-10-01T17:01:23.965Z
805945,805945,Sugarloaf Chicory,Organically Grown Company,each,3.21,40%,51.2%,4.49,4.85,8.0178%,None,,,,,Review,,527005,527005,,,,No approved Square match,,4.49,4.85,Percentage (actual Local Line setting),"Common proposed price for existing customer lists, including SNAP; No approved Square match; Square price left blank",No,LL 2026-10-01T17:03:29.099Z; Square 2026-10-01T17:01:23.965Z
805938,805938,Sunchokes,Organically Grown Company,1 lb,4.1,40%,51.2%,5.74,6.2,8.0139%,None,5.74,6.2,,,Review,,526998,526998,1,,,No approved Square match,,5.74,6.2,Percentage (actual Local Line setting),"Common proposed price for existing customer lists, including SNAP; No approved Square match; Square price left blank",No,LL 2026-10-01T17:03:29.099Z; Square 2026-10-01T17:01:23.965Z
805827,805827,Sungold Cherry Tomato Pint,Organically Grown Company,each,3.5,40%,51.2%,4.9,5.29,7.9592%,None,,,,,Review,,526885,526885,,,,No approved Square match,,4.9,5.29,Percentage (actual Local Line setting),"Common proposed price for existing customer lists, including SNAP; No approved Square match; Square price left blank",No,LL 2026-10-01T17:03:29.099Z; Square 2026-10-01T17:01:23.965Z
871793,871793,Sweet Onion,Organically Grown Company,1lb,1.05,40%,51.2%,1.47,1.59,8.1633%,None,1.47,1.59,,,Review,,605504,605504,1,,,No approved Square match,,1.47,1.59,Percentage (actual Local Line setting),"Common proposed price for existing customer lists, including SNAP; No approved Square match; Square price left blank",No,LL 2026-10-01T17:03:29.099Z; Square 2026-10-01T17:01:23.965Z
927363,927363,Tatsoi,Organically Grown Company,each,2.11,40%,51.2%,2.95,3.19,8.1356%,None,,,,,Review,,675350,675350,,,,No approved Square match,,2.95,3.19,Percentage (actual Local Line setting),"Common proposed price for existing customer lists, including SNAP; No approved Square match; Square price left blank",No,LL 2026-10-01T17:03:29.099Z; Square 2026-10-01T17:01:23.965Z
1058759,1058759,Watercress,Organically Grown Company,bu,2.57,40%,51.2%,3.6,3.89,8.0556%,None,,,,,Review,,865051,865051,,,,No approved Square match,,3.6,3.89,Percentage (actual Local Line setting),"Common proposed price for existing customer lists, including SNAP; No approved Square match; Square price left blank",No,LL 2026-10-01T17:03:29.099Z; Square 2026-10-01T17:01:23.965Z
940149,940149,White Onion,Organically Grown Company,2# bag,3.1,40%,51.2%,4.34,4.69,8.0645%,None,,,,,Review,,693996,693996,,,,No approved Square match,,4.34,4.69,Percentage (actual Local Line setting),"Common proposed price for existing customer lists, including SNAP; No approved Square match; Square price left blank",No,LL 2026-10-01T17:03:29.099Z; Square 2026-10-01T17:01:23.965Z
806124,806124,Brazil Cerrado Miniero - Dark Roast Coffee Beans,Radiant Coffee Roasters,12 oz,,,,,,,None,,,,,Hold,,527189,527189,0.75,,,No approved Square match,,,,Unavailable,Mapped Local Line product not returned by live read; Mapped Local Line package not found under mapped product; No approved Square match; Square price left blank,No,LL 2026-10-01T17:03:29.099Z; Square 2026-10-01T17:01:23.965Z
919071,919071,Brazil Cerrado Miniero - Dark Roast Ground Coffee,Radiant Coffee Roasters,12 oz,,,,,,,None,,,,,Hold,,664925,664925,0.75,,,No approved Square match,,,,Unavailable,Mapped Local Line product not returned by live read; Mapped Local Line package not found under mapped product; No approved Square match; Square price left blank,No,LL 2026-10-01T17:03:29.099Z; Square 2026-10-01T17:01:23.965Z
806127,806127,Radiant Balanced Blend - Medium Roast Coffee Beans,Radiant Coffee Roasters,12 oz,12,40%,51.2%,16.8,18.14,7.9762%,None,22.4,24.19,,,Review,,527192,527192,0.75,,,No approved Square match,,16.8,18.14,Percentage (actual Local Line setting),"Common proposed price for existing customer lists, including SNAP; No approved Square match; Square price left blank",Yes,LL 2026-10-01T17:03:29.099Z; Square 2026-10-01T17:01:23.965Z
919070,919070,Radiant Balanced Blend - Medium Roast Ground Coffee,Radiant Coffee Roasters,12 oz,12,40%,51.2%,16.8,18.14,7.9762%,None,22.4,24.19,,,Review,,664924,664924,0.75,,,No approved Square match,,16.8,18.14,Percentage (actual Local Line setting),"Common proposed price for existing customer lists, including SNAP; No approved Square match; Square price left blank",Yes,LL 2026-10-01T17:03:29.099Z; Square 2026-10-01T17:01:23.965Z
925430,925430,Radiant Breakfast Blend - Light Roast Coffee Beans,Radiant Coffee Roasters,12 oz,12,40%,51.2%,16.8,18.14,7.9762%,None,22.4,24.19,,,Review,,672999,672999,0.75,,,No approved Square match,,16.8,18.14,Percentage (actual Local Line setting),"Common proposed price for existing customer lists, including SNAP; No approved Square match; Square price left blank",Yes,LL 2026-10-01T17:03:29.099Z; Square 2026-10-01T17:01:23.965Z
925432,925432,Radiant Breakfast Blend - Light Roast Ground Coffee,Radiant Coffee Roasters,12 oz,12,40%,51.2%,16.8,18.14,7.9762%,None,22.4,24.19,,,Review,,673001,673001,0.75,,,No approved Square match,,16.8,18.14,Percentage (actual Local Line setting),"Common proposed price for existing customer lists, including SNAP; No approved Square match; Square price left blank",Yes,LL 2026-10-01T17:03:29.099Z; Square 2026-10-01T17:01:23.965Z
806131,806131,Radiant Decaf Columbia Coffee Beans,Radiant Coffee Roasters,12 oz,13,40%,51.2%,18.2,19.66,8.022%,None,24.27,26.21,,,Review,,527196,527196,0.75,,,No approved Square match,,18.2,19.66,Percentage (actual Local Line setting),"Common proposed price for existing customer lists, including SNAP; No approved Square match; Square price left blank",Yes,LL 2026-10-01T17:03:29.099Z; Square 2026-10-01T17:01:23.965Z
925431,925431,Radiant Decaf Columbia Ground Coffee,Radiant Coffee Roasters,12 oz,13,40%,51.2%,18.2,19.66,8.022%,None,24.27,26.21,,,Review,,673000,673000,0.75,,,No approved Square match,,18.2,19.66,Percentage (actual Local Line setting),"Common proposed price for existing customer lists, including SNAP; No approved Square match; Square price left blank",Yes,LL 2026-10-01T17:03:29.099Z; Square 2026-10-01T17:01:23.965Z
806133,806133,Radiant Midnight Blend - Dark Roast Coffee Beans,Radiant Coffee Roasters,12 oz,12,40%,51.2%,16.8,18.14,7.9762%,None,22.4,24.19,,,Review,,527198,527198,0.75,,,No approved Square match,,16.8,18.14,Percentage (actual Local Line setting),"Common proposed price for existing customer lists, including SNAP; No approved Square match; Square price left blank",Yes,LL 2026-10-01T17:03:29.099Z; Square 2026-10-01T17:01:23.965Z
925433,925433,Radiant Midnight Blend - Dark Roast Ground Coffee,Radiant Coffee Roasters,12 oz,12,40%,51.2%,16.8,18.14,7.9762%,None,22.4,24.19,,,Review,,673002,673002,0.75,,,No approved Square match,,16.8,18.14,Percentage (actual Local Line setting),"Common proposed price for existing customer lists, including SNAP; No approved Square match; Square price left blank",Yes,LL 2026-10-01T17:03:29.099Z; Square 2026-10-01T17:01:23.965Z
1018719,1018719,Radiant Roasters Chiapas Mexico Light Roast Coffee Beans,Radiant Coffee Roasters,12 oz bag,12,40%,51.2%,16.8,18.14,7.9762%,None,22.4,24.19,,,Review,,804433,804433,0.75,,,No approved Square match,,16.8,18.14,Percentage (actual Local Line setting),"Common proposed price for existing customer lists, including SNAP; No approved Square match; Square price left blank",No,LL 2026-10-01T17:03:29.099Z; Square 2026-10-01T17:01:23.965Z
1018720,1018720,Radiant Roasters Chiapas Mexico Light Roast Ground Coffee,Radiant Coffee Roasters,12 oz bag,12,40%,51.2%,16.8,18.14,7.9762%,None,22.4,24.19,,,Review,,804434,804434,0.75,,,No approved Square match,,16.8,18.14,Percentage (actual Local Line setting),"Common proposed price for existing customer lists, including SNAP; No approved Square match; Square price left blank",No,LL 2026-10-01T17:03:29.099Z; Square 2026-10-01T17:01:23.965Z
806024,806024,Braided Challah (plain),Reality Kitchen Nonprofit,each,6.5,40%,51.2%,9.1,9.83,8.022%,None,,,,,Review,,527086,527086,,,,No approved Square match,,9.1,9.83,Percentage (actual Local Line setting),"Common proposed price for existing customer lists, including SNAP; No approved Square match; Square price left blank",Yes,LL 2026-10-01T17:03:29.099Z; Square 2026-10-01T17:01:23.965Z
806026,806026,Braided Challah (seeded),Reality Kitchen Nonprofit,each,6.5,40%,51.2%,9.1,9.83,8.022%,None,,,,,Review,,527088,527088,,,,No approved Square match,,9.1,9.83,Percentage (actual Local Line setting),"Common proposed price for existing customer lists, including SNAP; No approved Square match; Square price left blank",Yes,LL 2026-10-01T17:03:29.099Z; Square 2026-10-01T17:01:23.965Z
806029,806029,Challah Sandwich Loaf,Reality Kitchen Nonprofit,each,6.5,40%,51.2%,9.1,9.83,8.022%,None,,,,,Review,,527091,527091,,,,No approved Square match,,9.1,9.83,Percentage (actual Local Line setting),"Common proposed price for existing customer lists, including SNAP; No approved Square match; Square price left blank",Yes,LL 2026-10-01T17:03:29.099Z; Square 2026-10-01T17:01:23.965Z
806033,806033,Sourdough Rye Sandwich Loaf,Reality Kitchen Nonprofit,each,6.25,40%,51.2%,8.75,9.45,8%,None,,,,,Review,,527095,527095,,,,No approved Square match,,8.75,9.45,Percentage (actual Local Line setting),"Common proposed price for existing customer lists, including SNAP; No approved Square match; Square price left blank",Yes,LL 2026-10-01T17:03:29.099Z; Square 2026-10-01T17:01:23.965Z
806037,806037,Wholewheat Multigrain Sandwich Loaf,Reality Kitchen Nonprofit,each,6.25,40%,51.2%,8.75,9.45,8%,None,,,,,Review,,527099,527099,,,,No approved Square match,,8.75,9.45,Percentage (actual Local Line setting),"Common proposed price for existing customer lists, including SNAP; No approved Square match; Square price left blank",Yes,LL 2026-10-01T17:03:29.099Z; Square 2026-10-01T17:01:23.965Z
901489,901489,Ambition Shallots,Red Tail Growers,1 lb,3.5,40%,51.2%,4.9,5.29,7.9592%,None,4.9,5.29,,,Review,,643775,643775,1,,,No approved Square match,,4.9,5.29,Percentage (actual Local Line setting),"Common proposed price for existing customer lists, including SNAP; No approved Square match; Square price left blank",No,LL 2026-10-01T17:03:29.099Z; Square 2026-10-01T17:01:23.965Z
973114,973114,Arugula,Red Tail Growers,1/2 lb bag,4.25,40%,51.2%,5.95,6.43,8.0672%,None,11.9,12.86,,,Review,,737954,737954,0.5,,,No approved Square match,,5.95,6.43,Percentage (actual Local Line setting),"Common proposed price for existing customer lists, including SNAP; No approved Square match; Square price left blank",Yes,LL 2026-10-01T17:03:29.099Z; Square 2026-10-01T17:01:23.965Z
879550,879550,Baby Bok Choi,Red Tail Growers,Bunch,2,40%,51.2%,2.8,3.02,7.8571%,None,,,,,Review,,615271,615271,,,,No approved Square match,,2.8,3.02,Percentage (actual Local Line setting),"Common proposed price for existing customer lists, including SNAP; No approved Square match; Square price left blank",No,LL 2026-10-01T17:03:29.099Z; Square 2026-10-01T17:01:23.965Z
879549,879549,Baby Mustard Salad Mix,Red Tail Growers,1/2 lb,4,40%,51.2%,5.6,6.05,8.0357%,None,11.2,12.1,,,Review,,615270,615270,0.5,,,No approved Square match,,5.6,6.05,Percentage (actual Local Line setting),"Common proposed price for existing customer lists, including SNAP; No approved Square match; Square price left blank",No,LL 2026-10-01T17:03:29.099Z; Square 2026-10-01T17:01:23.965Z
906535,906535,Bietola,Red Tail Growers,ea,2,40%,51.2%,2.8,3.02,7.8571%,None,,,,,Review,,650561,650561,,,,No approved Square match,,2.8,3.02,Percentage (actual Local Line setting),"Common proposed price for existing customer lists, including SNAP; No approved Square match; Square price left blank",No,LL 2026-10-01T17:03:29.099Z; Square 2026-10-01T17:01:23.965Z
906534,906534,Bietola/chard mix,Red Tail Growers,1/2 lb bag,3.5,40%,51.2%,4.9,5.29,7.9592%,None,9.8,10.58,,,Review,,650560,650560,0.5,,,No approved Square match,,4.9,5.29,Percentage (actual Local Line setting),"Common proposed price for existing customer lists, including SNAP; No approved Square match; Square price left blank",No,LL 2026-10-01T17:03:29.099Z; Square 2026-10-01T17:01:23.965Z
805956,805956,Braising Chicories,Red Tail Growers,1/2 lb,4,40%,51.2%,5.6,6.05,8.0357%,None,11.2,12.1,,,Review,,527016,527016,0.5,,,No approved Square match,,5.6,6.05,Percentage (actual Local Line setting),"Common proposed price for existing customer lists, including SNAP; No approved Square match; Square price left blank",No,LL 2026-10-01T17:03:29.099Z; Square 2026-10-01T17:01:23.965Z
906533,906533,Braising mix (chard and kale),Red Tail Growers,1/2 lb,4.25,40%,51.2%,5.95,6.43,8.0672%,None,11.9,12.86,,,Review,,650559,650559,0.5,,,No approved Square match,,5.95,6.43,Percentage (actual Local Line setting),"Common proposed price for existing customer lists, including SNAP; No approved Square match; Square price left blank",Yes,LL 2026-10-01T17:03:29.099Z; Square 2026-10-01T17:01:23.965Z
805942,805942,Candy Sweet Onion,Red Tail Growers,1 lb,1.5,40%,51.2%,2.1,2.27,8.0952%,None,2.1,2.27,,,Review,,527002,527002,1,,,No approved Square match,,2.1,2.27,Percentage (actual Local Line setting),"Common proposed price for existing customer lists, including SNAP; No approved Square match; Square price left blank",No,LL 2026-10-01T17:03:29.099Z; Square 2026-10-01T17:01:23.965Z
805993,805993,Castelfranco Radicchio,Red Tail Growers,each,2,40%,51.2%,2.8,3.02,7.8571%,None,,,,,Review,,527053,527053,,,,No approved Square match,,2.8,3.02,Percentage (actual Local Line setting),"Common proposed price for existing customer lists, including SNAP; No approved Square match; Square price left blank",No,LL 2026-10-01T17:03:29.099Z; Square 2026-10-01T17:01:23.965Z
805877,805877,Castlefranco Chicory Head,Red Tail Growers,each,1.85,40%,51.2%,2.59,2.8,8.1081%,None,,,,,Review,,526935,526935,,,,No approved Square match,,2.59,2.8,Percentage (actual Local Line setting),"Common proposed price for existing customer lists, including SNAP; No approved Square match; Square price left blank",No,LL 2026-10-01T17:03:29.099Z; Square 2026-10-01T17:01:23.965Z
964208,964208,Chive Flower,Red Tail Growers,bu,2,40%,51.2%,2.8,3.02,7.8571%,None,,,,,Review,,725643,725643,,,,No approved Square match,,2.8,3.02,Percentage (actual Local Line setting),"Common proposed price for existing customer lists, including SNAP; No approved Square match; Square price left blank",No,LL 2026-10-01T17:03:29.099Z; Square 2026-10-01T17:01:23.965Z
812613,812613,Curly Endive,Red Tail Growers,ea,1.5,40%,51.2%,2.1,2.27,8.0952%,None,,,,,Review,,534481,534481,,,,No approved Square match,,2.1,2.27,Percentage (actual Local Line setting),"Common proposed price for existing customer lists, including SNAP; No approved Square match; Square price left blank",No,LL 2026-10-01T17:03:29.099Z; Square 2026-10-01T17:01:23.965Z
812611,812611,Dandelion,Red Tail Growers,bu,2,40%,51.2%,2.8,3.02,7.8571%,None,,,,,Review,,534479,534479,,,,No approved Square match,,2.8,3.02,Percentage (actual Local Line setting),"Common proposed price for existing customer lists, including SNAP; No approved Square match; Square price left blank",No,LL 2026-10-01T17:03:29.099Z; Square 2026-10-01T17:01:23.965Z
812612,812612,"Dandelion, Red",Red Tail Growers,bu,2.35,40%,51.2%,3.29,3.55,7.9027%,None,,,,,Review,,534480,534480,,,,No approved Square match,,3.29,3.55,Percentage (actual Local Line setting),"Common proposed price for existing customer lists, including SNAP; No approved Square match; Square price left blank",Yes,LL 2026-10-01T17:03:29.099Z; Square 2026-10-01T17:01:23.965Z
805884,805884,Delfino Cilantro,Red Tail Growers,each,2,40%,51.2%,2.8,3.02,7.8571%,None,,,,,Review,,526942,526942,,,,No approved Square match,,2.8,3.02,Percentage (actual Local Line setting),"Common proposed price for existing customer lists, including SNAP; No approved Square match; Square price left blank",No,LL 2026-10-01T17:03:29.099Z; Square 2026-10-01T17:01:23.965Z
805840,805840,Escarole,Red Tail Growers,each,2.35,40%,51.2%,3.29,3.55,7.9027%,None,,,,,Review,,526898,526898,,,,No approved Square match,,3.29,3.55,Percentage (actual Local Line setting),"Common proposed price for existing customer lists, including SNAP; No approved Square match; Square price left blank",Yes,LL 2026-10-01T17:03:29.099Z; Square 2026-10-01T17:01:23.965Z
964211,964211,Flowering Chervil,Red Tail Growers,bu,2,40%,51.2%,2.8,3.02,7.8571%,None,,,,,Review,,725646,725646,,,,No approved Square match,,2.8,3.02,Percentage (actual Local Line setting),"Common proposed price for existing customer lists, including SNAP; No approved Square match; Square price left blank",No,LL 2026-10-01T17:03:29.099Z; Square 2026-10-01T17:01:23.965Z
805899,805899,French Breakfast Radish,Red Tail Growers,each,1.85,40%,51.2%,2.59,2.8,8.1081%,None,,,,,Review,,526957,526957,,,,No approved Square match,,2.59,2.8,Percentage (actual Local Line setting),"Common proposed price for existing customer lists, including SNAP; No approved Square match; Square price left blank",No,LL 2026-10-01T17:03:29.099Z; Square 2026-10-01T17:01:23.965Z
805880,805880,Fresh Chives,Red Tail Growers,each,2,40%,51.2%,2.8,3.02,7.8571%,None,,,,,Review,,526938,526938,,,,No approved Square match,,2.8,3.02,Percentage (actual Local Line setting),"Common proposed price for existing customer lists, including SNAP; No approved Square match; Square price left blank",Yes,LL 2026-10-01T17:03:29.099Z; Square 2026-10-01T17:01:23.965Z
964209,964209,Fresh Sage,Red Tail Growers,each,2,40%,51.2%,2.8,3.02,7.8571%,None,,,,,Review,,725644,725644,,,,No approved Square match,,2.8,3.02,Percentage (actual Local Line setting),"Common proposed price for existing customer lists, including SNAP; No approved Square match; Square price left blank",Yes,LL 2026-10-01T17:03:29.099Z; Square 2026-10-01T17:01:23.965Z
805906,805906,Fresh Thyme,Red Tail Growers,each,2,40%,51.2%,2.8,3.02,7.8571%,None,,,,,Review,,526964,526964,,,,No approved Square match,,2.8,3.02,Percentage (actual Local Line setting),"Common proposed price for existing customer lists, including SNAP; No approved Square match; Square price left blank",Yes,LL 2026-10-01T17:03:29.099Z; Square 2026-10-01T17:01:23.965Z
964229,964229,Green  Leaf Lettuce,Red Tail Growers,each,2,40%,51.2%,2.8,3.02,7.8571%,None,,,,,Review,,725669,725669,,,,No approved Square match,,2.8,3.02,Percentage (actual Local Line setting),"Common proposed price for existing customer lists, including SNAP; No approved Square match; Square price left blank",No,LL 2026-10-01T17:03:29.099Z; Square 2026-10-01T17:01:23.965Z
805882,805882,Green Cabbage,Red Tail Growers,each,4,40%,51.2%,5.6,6.05,8.0357%,None,,,,,Review,,526940,526940,,,,No approved Square match,,5.6,6.05,Percentage (actual Local Line setting),"Common proposed price for existing customer lists, including SNAP; No approved Square match; Square price left blank",Yes,LL 2026-10-01T17:03:29.099Z; Square 2026-10-01T17:01:23.965Z
879552,879552,Green Garlic,Red Tail Growers,bu,2,40%,51.2%,2.8,3.02,7.8571%,None,,,,,Review,,615273,615273,,,,No approved Square match,,2.8,3.02,Percentage (actual Local Line setting),"Common proposed price for existing customer lists, including SNAP; No approved Square match; Square price left blank",No,LL 2026-10-01T17:03:29.099Z; Square 2026-10-01T17:01:23.965Z
805919,805919,Green Romaine Little Gem,Red Tail Growers,each,1.35,40%,51.2%,1.89,2.04,7.9365%,None,,,,,Review,,526978,526978,,,,No approved Square match,,1.89,2.04,Percentage (actual Local Line setting),"Common proposed price for existing customer lists, including SNAP; No approved Square match; Square price left blank",No,LL 2026-10-01T17:03:29.099Z; Square 2026-10-01T17:01:23.965Z
988808,988808,Hakurei Turnips,Red Tail Growers,1 Lb.,1.8,40%,51.2%,2.52,2.72,7.9365%,None,2.52,2.72,,,Review,,760366,760366,1,,,No approved Square match,,2.52,2.72,Percentage (actual Local Line setting),"Common proposed price for existing customer lists, including SNAP; No approved Square match; Square price left blank",No,LL 2026-10-01T17:03:29.099Z; Square 2026-10-01T17:01:23.965Z
999641,999641,Heirloom Tomatoes,Red Tail Growers,pound,3.2,40%,51.2%,4.48,4.84,8.0357%,None,4.48,4.84,,,Review,,776519,776519,1,,,No approved Square match,,4.48,4.84,Percentage (actual Local Line setting),"Common proposed price for existing customer lists, including SNAP; No approved Square match; Square price left blank",Yes,LL 2026-10-01T17:03:29.099Z; Square 2026-10-01T17:01:23.965Z
977884,977884,Iceberg Lettuce,Red Tail Growers,ea,1.85,40%,51.2%,2.59,2.8,8.1081%,None,,,,,Review,,744416,744416,,,,No approved Square match,,2.59,2.8,Percentage (actual Local Line setting),"Common proposed price for existing customer lists, including SNAP; No approved Square match; Square price left blank",No,LL 2026-10-01T17:03:29.099Z; Square 2026-10-01T17:01:23.965Z
1006108,1006108,Italian Frying Pepper,Red Tail Growers,each,2.5,40%,51.2%,3.5,3.78,8%,None,,,,,Review,,786671,786671,,,,No approved Square match,,3.5,3.78,Percentage (actual Local Line setting),"Common proposed price for existing customer lists, including SNAP; No approved Square match; Square price left blank",No,LL 2026-10-01T17:03:29.099Z; Square 2026-10-01T17:01:23.965Z
805874,805874,Kale Mix,Red Tail Growers,1/2 lb,4.25,40%,51.2%,5.95,6.43,8.0672%,None,11.9,12.86,,,Review,,526932,526932,0.5,,,No approved Square match,,5.95,6.43,Percentage (actual Local Line setting),"Common proposed price for existing customer lists, including SNAP; No approved Square match; Square price left blank",Yes,LL 2026-10-01T17:03:29.099Z; Square 2026-10-01T17:01:23.965Z
948077,948077,Kale Sprouts Half Stalk,Red Tail Growers,ea,4,40%,51.2%,5.6,6.05,8.0357%,None,,,,,Review,,703358,703358,,,,No approved Square match,,5.6,6.05,Percentage (actual Local Line setting),"Common proposed price for existing customer lists, including SNAP; Current list prices range $5.60–$6.20; baseline is Herd Share Members; No approved Square match; Square price left blank",No,LL 2026-10-01T17:03:29.099Z; Square 2026-10-01T17:01:23.965Z
879551,879551,Leek Scapes,Red Tail Growers,bu,2,40%,51.2%,2.8,3.02,7.8571%,None,,,,,Review,,615272,615272,,,,No approved Square match,,2.8,3.02,Percentage (actual Local Line setting),"Common proposed price for existing customer lists, including SNAP; Current list prices range $2.80–$3.10; baseline is Herd Share Members; No approved Square match; Square price left blank",No,LL 2026-10-01T17:03:29.099Z; Square 2026-10-01T17:01:23.965Z
912554,912554,Leeks,Red Tail Growers,1 bunch,2,40%,51.2%,2.8,3.02,7.8571%,None,,,,,Review,,657841,657841,,,,No approved Square match,,2.8,3.02,Percentage (actual Local Line setting),"Common proposed price for existing customer lists, including SNAP; No approved Square match; Square price left blank",No,LL 2026-10-01T17:03:29.099Z; Square 2026-10-01T17:01:23.965Z
884968,884968,Little Gem Mix,Red Tail Growers,1/2 lb bag,4.25,40%,51.2%,5.95,6.43,8.0672%,None,11.9,12.86,,,Review,,622470,622470,0.5,,,No approved Square match,,5.95,6.43,Percentage (actual Local Line setting),"Common proposed price for existing customer lists, including SNAP; No approved Square match; Square price left blank",No,LL 2026-10-01T17:03:29.099Z; Square 2026-10-01T17:01:23.965Z
890651,890651,Marjoram,Red Tail Growers,bu,1.5,40%,51.2%,2.1,2.27,8.0952%,None,,,,,Review,,630140,630140,,,,No approved Square match,,2.1,2.27,Percentage (actual Local Line setting),"Common proposed price for existing customer lists, including SNAP; No approved Square match; Square price left blank",No,LL 2026-10-01T17:03:29.099Z; Square 2026-10-01T17:01:23.965Z
815018,815018,Mini  kubuchas,Red Tail Growers,ea,1,40%,51.2%,1.4,1.51,7.8571%,None,,,,,Review,,537155,537155,,,,No approved Square match,,1.4,1.51,Percentage (actual Local Line setting),"Common proposed price for existing customer lists, including SNAP; No approved Square match; Square price left blank",No,LL 2026-10-01T17:03:29.099Z; Square 2026-10-01T17:01:23.965Z
980313,980313,Mini Salanova Lettuce Heads (mixed colors and types),Red Tail Growers,ea,1,40%,51.2%,1.4,1.51,7.8571%,None,,,,,Review,,748220,748220,,,,No approved Square match,,1.4,1.51,Percentage (actual Local Line setting),"Common proposed price for existing customer lists, including SNAP; No approved Square match; Square price left blank",No,LL 2026-10-01T17:03:29.099Z; Square 2026-10-01T17:01:23.965Z
950208,950208,Mixed Bok Choi and Mustard Raab,Red Tail Growers,bu,2.5,40%,51.2%,3.5,3.78,8%,None,,,,,Review,,706698,706698,,,,No approved Square match,,3.5,3.78,Percentage (actual Local Line setting),"Common proposed price for existing customer lists, including SNAP; No approved Square match; Square price left blank",No,LL 2026-10-01T17:03:29.099Z; Square 2026-10-01T17:01:23.965Z
975957,975957,Napa Cabbage,Red Tail Growers,ea,2.75,40%,51.2%,3.85,4.16,8.0519%,None,,,,,Review,,741595,741595,,,,No approved Square match,,3.85,4.16,Percentage (actual Local Line setting),"Common proposed price for existing customer lists, including SNAP; No approved Square match; Square price left blank",No,LL 2026-10-01T17:03:29.099Z; Square 2026-10-01T17:01:23.965Z
805948,805948,Orange Kabocha Squash,Red Tail Growers,each,4,40%,51.2%,5.6,6.05,8.0357%,None,,,,,Review,,527008,527008,,,,No approved Square match,,5.6,6.05,Percentage (actual Local Line setting),"Common proposed price for existing customer lists, including SNAP; No approved Square match; Square price left blank",No,LL 2026-10-01T17:03:29.099Z; Square 2026-10-01T17:01:23.965Z
805861,805861,Purple and Green Broccolini,Red Tail Growers,each,2.75,40%,51.2%,3.85,4.16,8.0519%,None,,,,,Review,,526919,526919,,,,No approved Square match,,3.85,4.16,Percentage (actual Local Line setting),"Common proposed price for existing customer lists, including SNAP; No approved Square match; Square price left blank",No,LL 2026-10-01T17:03:29.099Z; Square 2026-10-01T17:01:23.965Z
805995,805995,Radicchio Treviso,Red Tail Growers,each,2,40%,51.2%,2.8,3.02,7.8571%,None,,,,,Review,,527055,527055,,,,No approved Square match,,2.8,3.02,Percentage (actual Local Line setting),"Common proposed price for existing customer lists, including SNAP; No approved Square match; Square price left blank",No,LL 2026-10-01T17:03:29.099Z; Square 2026-10-01T17:01:23.965Z
1005219,1005219,Rainbow Carrots,Red Tail Growers,1 lb,1.5,40%,51.2%,2.1,2.27,8.0952%,None,2.1,2.27,,,Review,,785523,785523,1,,,No approved Square match,,2.1,2.27,Percentage (actual Local Line setting),"Common proposed price for existing customer lists, including SNAP; No approved Square match; Square price left blank",No,LL 2026-10-01T17:03:29.099Z; Square 2026-10-01T17:01:23.965Z
912556,912556,Red Chard,Red Tail Growers,ea,2,40%,51.2%,2.8,3.02,7.8571%,None,,,,,Review,,657843,657843,,,,No approved Square match,,2.8,3.02,Percentage (actual Local Line setting),"Common proposed price for existing customer lists, including SNAP; No approved Square match; Square price left blank",No,LL 2026-10-01T17:03:29.099Z; Square 2026-10-01T17:01:23.965Z
976636,976636,Red Leaf Lettuce,Red Tail Growers,ea,2,40%,51.2%,2.8,3.02,7.8571%,None,,,,,Review,,742475,742475,,,,No approved Square match,,2.8,3.02,Percentage (actual Local Line setting),"Common proposed price for existing customer lists, including SNAP; No approved Square match; Square price left blank",Yes,LL 2026-10-01T17:03:29.099Z; Square 2026-10-01T17:01:23.965Z
874466,874466,Red Little Gem Lettuce,Red Tail Growers,ea,1.75,40%,51.2%,2.45,2.65,8.1633%,None,,,,,Review,,608582,608582,,,,No approved Square match,,2.45,2.65,Percentage (actual Local Line setting),"Common proposed price for existing customer lists, including SNAP; No approved Square match; Square price left blank",No,LL 2026-10-01T17:03:29.099Z; Square 2026-10-01T17:01:23.965Z
805991,805991,Red Radicchio,Red Tail Growers,each,2.35,40%,51.2%,3.29,3.55,7.9027%,None,,,,,Review,,527051,527051,,,,No approved Square match,,3.29,3.55,Percentage (actual Local Line setting),"Common proposed price for existing customer lists, including SNAP; No approved Square match; Square price left blank",Yes,LL 2026-10-01T17:03:29.099Z; Square 2026-10-01T17:01:23.965Z
1091676,1091676,Red Radish,Red Tail Growers,each,2,40%,51.2%,2.8,3.02,7.8571%,None,,,,,Review,,905380,905380,,,,No approved Square match,,2.8,3.02,Percentage (actual Local Line setting),"Common proposed price for existing customer lists, including SNAP; No approved Square match; Square price left blank",No,LL 2026-10-01T17:03:29.099Z; Square 2026-10-01T17:01:23.965Z
874465,874465,Red Tail Fall Salad  Mix,Red Tail Growers,1/2 lb. bag,4.25,40%,51.2%,5.95,6.43,8.0672%,None,11.9,12.86,,,Review,,608581,608581,0.5,,,No approved Square match,,5.95,6.43,Percentage (actual Local Line setting),"Common proposed price for existing customer lists, including SNAP; No approved Square match; Square price left blank",Yes,LL 2026-10-01T17:03:29.099Z; Square 2026-10-01T17:01:23.965Z
890655,890655,Salad Chicory Mix,Red Tail Growers,1/2 lb bag,3.75,40%,51.2%,5.25,5.67,8%,None,10.5,11.34,,,Review,,630144,630144,0.5,,,No approved Square match,,5.25,5.67,Percentage (actual Local Line setting),"Common proposed price for existing customer lists, including SNAP; No approved Square match; Square price left blank",No,LL 2026-10-01T17:03:29.099Z; Square 2026-10-01T17:01:23.965Z
805932,805932,Shallots,Red Tail Growers,1 lb,4,40%,51.2%,5.6,6.05,8.0357%,None,5.6,6.05,,,Review,,526992,526992,1,,,No approved Square match,,5.6,6.05,Percentage (actual Local Line setting),"Common proposed price for existing customer lists, including SNAP; No approved Square match; Square price left blank",No,LL 2026-10-01T17:03:29.099Z; Square 2026-10-01T17:01:23.965Z
890653,890653,Siberian Kale,Red Tail Growers,bu,2,40%,51.2%,2.8,3.02,7.8571%,None,,,,,Review,,630142,630142,,,,No approved Square match,,2.8,3.02,Percentage (actual Local Line setting),"Common proposed price for existing customer lists, including SNAP; No approved Square match; Square price left blank",No,LL 2026-10-01T17:03:29.099Z; Square 2026-10-01T17:01:23.965Z
805928,805928,Sweet Salad Turnips,Red Tail Growers,bu,2.5,40%,51.2%,3.5,3.78,8%,None,,,,,Review,,526988,526988,,,,No approved Square match,,3.5,3.78,Percentage (actual Local Line setting),"Common proposed price for existing customer lists, including SNAP; No approved Square match; Square price left blank",No,LL 2026-10-01T17:03:29.099Z; Square 2026-10-01T17:01:23.965Z
890650,890650,Taragon,Red Tail Growers,bu,2,40%,51.2%,2.8,3.02,7.8571%,None,,,,,Review,,630139,630139,,,,No approved Square match,,2.8,3.02,Percentage (actual Local Line setting),"Common proposed price for existing customer lists, including SNAP; No approved Square match; Square price left blank",No,LL 2026-10-01T17:03:29.099Z; Square 2026-10-01T17:01:23.965Z
805842,805842,Tatsoi,Red Tail Growers,1/2 lb bag,3.5,40%,51.2%,4.9,5.29,7.9592%,None,9.8,10.58,,,Review,,526900,526900,0.5,,,No approved Square match,,4.9,5.29,Percentage (actual Local Line setting),"Common proposed price for existing customer lists, including SNAP; No approved Square match; Square price left blank",No,LL 2026-10-01T17:03:29.099Z; Square 2026-10-01T17:01:23.965Z
891642,891642,Walla Walla Onions,Red Tail Growers,1 bunch,2.7,40%,51.2%,3.78,4.08,7.9365%,None,,,,,Review,,631359,631359,,,,No approved Square match,,3.78,4.08,Percentage (actual Local Line setting),"Common proposed price for existing customer lists, including SNAP; No approved Square match; Square price left blank",No,LL 2026-10-01T17:03:29.099Z; Square 2026-10-01T17:01:23.965Z
906536,906536,White Russian Kale,Red Tail Growers,bu,2,40%,51.2%,2.8,3.02,7.8571%,None,,,,,Review,,650562,650562,,,,No approved Square match,,2.8,3.02,Percentage (actual Local Line setting),"Common proposed price for existing customer lists, including SNAP; No approved Square match; Square price left blank",No,LL 2026-10-01T17:03:29.099Z; Square 2026-10-01T17:01:23.965Z
812623,812623,Young Chicory,Red Tail Growers,ea,1.5,40%,51.2%,2.1,2.27,8.0952%,None,,,,,Review,,534491,534491,,,,No approved Square match,,2.1,2.27,Percentage (actual Local Line setting),"Common proposed price for existing customer lists, including SNAP; No approved Square match; Square price left blank",No,LL 2026-10-01T17:03:29.099Z; Square 2026-10-01T17:01:23.965Z
893267,893267,2025 Arbequina  Olive Oil 100mL,River Ranch Oregon Olive OIl,Ea.,8.95,40%,51.2%,12.53,13.53,7.9808%,None,,,,,Review,,633209,633209,,,,No approved Square match,,12.53,13.53,Percentage (actual Local Line setting),"Common proposed price for existing customer lists, including SNAP; No approved Square match; Square price left blank",Yes,LL 2026-10-01T17:03:29.099Z; Square 2026-10-01T17:01:23.965Z
894790,894790,2025 Arbequina  Olive Oil 250mL,River Ranch Oregon Olive OIl,Ea.,16.75,40%,51.2%,23.45,25.33,8.0171%,None,,,,,Review,,635197,635197,,,,No approved Square match,,23.45,25.33,Percentage (actual Local Line setting),"Common proposed price for existing customer lists, including SNAP; No approved Square match; Square price left blank",Yes,LL 2026-10-01T17:03:29.099Z; Square 2026-10-01T17:01:23.965Z
897027,897027,Colliding Rivers Olive Oil Sugar Scrub,River Ranch Oregon Olive OIl,ea 4 oz jar,5,40%,51.2%,7,7.56,8%,None,,,,,Review,,638097,638097,,,,No approved Square match,,7,7.56,Percentage (actual Local Line setting),"Common proposed price for existing customer lists, including SNAP; No approved Square match; Square price left blank",Yes,LL 2026-10-01T17:03:29.099Z; Square 2026-10-01T17:01:23.965Z
897010,897010,Dry Herb Mix,River Ranch Oregon Olive OIl,ea 1 ounce jar,7,40%,51.2%,9.8,10.58,7.9592%,None,156.8,169.28,,,Review,,638080,638080,0.0625,,,No approved Square match,,9.8,10.58,Percentage (actual Local Line setting),"Common proposed price for existing customer lists, including SNAP; No approved Square match; Square price left blank",Yes,LL 2026-10-01T17:03:29.099Z; Square 2026-10-01T17:01:23.965Z
806043,806043,Flavor Infused Olive Oil- Garlic 100mL,River Ranch Oregon Olive OIl,3.38 oz. 100mL,10.95,40%,51.2%,15.33,16.56,8.0235%,None,,,,,Review,,527107,527107,,,,No approved Square match,,15.33,16.56,Percentage (actual Local Line setting),"Common proposed price for existing customer lists, including SNAP; No approved Square match; Square price left blank",Yes,LL 2026-10-01T17:03:29.099Z; Square 2026-10-01T17:01:23.965Z
894793,894793,Flavor Infused Olive Oil- Garlic 250mL,River Ranch Oregon Olive OIl,250mL,21.95,40%,51.2%,30.73,33.19,8.0052%,None,,,,,Review,,635200,635200,,,,No approved Square match,,30.73,33.19,Percentage (actual Local Line setting),"Common proposed price for existing customer lists, including SNAP; No approved Square match; Square price left blank",No,LL 2026-10-01T17:03:29.099Z; Square 2026-10-01T17:01:23.965Z
806051,806051,Flavor Infused Olive Oil- Rosemary and Basil 100mL,River Ranch Oregon Olive OIl,3.38oz (100mL),10.95,40%,51.2%,15.33,16.56,8.0235%,None,,,,,Review,,527115,527115,,,,No approved Square match,,15.33,16.56,Percentage (actual Local Line setting),"Common proposed price for existing customer lists, including SNAP; No approved Square match; Square price left blank",Yes,LL 2026-10-01T17:03:29.099Z; Square 2026-10-01T17:01:23.965Z
894792,894792,Flavor Infused Olive Oil- Rosemary and Basil 250mL,River Ranch Oregon Olive OIl,250mL,21.95,40%,51.2%,30.73,33.19,8.0052%,None,,,,,Review,,635199,635199,,,,No approved Square match,,30.73,33.19,Percentage (actual Local Line setting),"Common proposed price for existing customer lists, including SNAP; No approved Square match; Square price left blank",Yes,LL 2026-10-01T17:03:29.099Z; Square 2026-10-01T17:01:23.965Z
897018,897018,Lavender Olive Oil Sugar Scrub,River Ranch Oregon Olive OIl,ea  4oz. jar,5,40%,51.2%,7,7.56,8%,None,,,,,Review,,638088,638088,,,,No approved Square match,,7,7.56,Percentage (actual Local Line setting),"Common proposed price for existing customer lists, including SNAP; No approved Square match; Square price left blank",Yes,LL 2026-10-01T17:03:29.099Z; Square 2026-10-01T17:01:23.965Z
897022,897022,Morning Mist Olive Oil Sugar Scrub,River Ranch Oregon Olive OIl,ea 4 oz jar,5,40%,51.2%,7,7.56,8%,None,,,,,Review,,638092,638092,,,,No approved Square match,,7,7.56,Percentage (actual Local Line setting),"Common proposed price for existing customer lists, including SNAP; No approved Square match; Square price left blank",Yes,LL 2026-10-01T17:03:29.099Z; Square 2026-10-01T17:01:23.965Z
897026,897026,Summer Day Olive Oil Sugar Scrub,River Ranch Oregon Olive OIl,ea 4 oz jar,5,40%,51.2%,7,7.56,8%,None,,,,,Review,,638096,638096,,,,No approved Square match,,7,7.56,Percentage (actual Local Line setting),"Common proposed price for existing customer lists, including SNAP; No approved Square match; Square price left blank",Yes,LL 2026-10-01T17:03:29.099Z; Square 2026-10-01T17:01:23.965Z
975222,975222,Breaking Point Iris Rhizome,RL Plants & Home Goods,ea,7,40%,51.2%,9.8,10.58,7.9592%,None,,,,,Review,,740640,740640,,,,No approved Square match,,9.8,10.58,Percentage (actual Local Line setting),"Common proposed price for existing customer lists, including SNAP; No approved Square match; Square price left blank",No,LL 2026-10-01T17:03:29.099Z; Square 2026-10-01T17:01:23.965Z
805748,805748,Dark Purple Iris Rhizome,RL Plants & Home Goods,each,4,40%,51.2%,5.6,6.05,8.0357%,None,,,,,Review,,526803,526803,,,,No approved Square match,,5.6,6.05,Percentage (actual Local Line setting),"Common proposed price for existing customer lists, including SNAP; No approved Square match; Square price left blank",Yes,LL 2026-10-01T17:03:29.099Z; Square 2026-10-01T17:01:23.965Z
975217,975217,Desert Trails Iris Rhizome,RL Plants & Home Goods,ea,8,40%,51.2%,11.2,12.1,8.0357%,None,,,,,Review,,740628,740628,,,,No approved Square match,,11.2,12.1,Percentage (actual Local Line setting),"Common proposed price for existing customer lists, including SNAP; No approved Square match; Square price left blank",No,LL 2026-10-01T17:03:29.099Z; Square 2026-10-01T17:01:23.965Z
897406,897406,DOXIE DOODLES - 2011 Standard Dwarf Bearded Iris - Fragrant (rhizome),RL Plants & Home Goods,ea,6,40%,51.2%,8.4,9.07,7.9762%,None,,,,,Review,,638663,638663,,,,No approved Square match,,8.4,9.07,Percentage (actual Local Line setting),"Common proposed price for existing customer lists, including SNAP; No approved Square match; Square price left blank",No,LL 2026-10-01T17:03:29.099Z; Square 2026-10-01T17:01:23.965Z
901386,901386,Fall Decor- Iris Rhizome,RL Plants & Home Goods,ea,8,40%,51.2%,11.2,12.1,8.0357%,None,,,,,Review,,643634,643634,,,,No approved Square match,,11.2,12.1,Percentage (actual Local Line setting),"Common proposed price for existing customer lists, including SNAP; No approved Square match; Square price left blank",No,LL 2026-10-01T17:03:29.099Z; Square 2026-10-01T17:01:23.965Z
975212,975212,Giddy Iris Rhizome (Standard Dwarf Bearded),RL Plants & Home Goods,ea,6,40%,51.2%,8.4,9.07,7.9762%,None,,,,,Review,,740622,740622,,,,No approved Square match,,8.4,9.07,Percentage (actual Local Line setting),"Common proposed price for existing customer lists, including SNAP; No approved Square match; Square price left blank",Yes,LL 2026-10-01T17:03:29.099Z; Square 2026-10-01T17:01:23.965Z
1090814,1090814,Handcrafted 4x4 Rustic Wood Double Tea Candle Holder,RL Plants & Home Goods,ea,10,40%,51.2%,14,15.12,8%,None,,,,,Review,,904110,904110,,,,No approved Square match,,14,15.12,Percentage (actual Local Line setting),"Common proposed price for existing customer lists, including SNAP; No approved Square match; Square price left blank",No,LL 2026-10-01T17:03:29.099Z; Square 2026-10-01T17:01:23.965Z
1090811,1090811,Handcrafted 4x4 Rustic Wood Tea Candle Holder,RL Plants & Home Goods,ea,10,40%,51.2%,14,15.12,8%,None,,,,,Review,,904107,904107,,,,No approved Square match,,14,15.12,Percentage (actual Local Line setting),"Common proposed price for existing customer lists, including SNAP; No approved Square match; Square price left blank",Yes,LL 2026-10-01T17:03:29.099Z; Square 2026-10-01T17:01:23.965Z
1017978,1017978,Handcrafted Birch Holder,RL Plants & Home Goods,ea,15,40%,51.2%,21,22.68,8%,None,,,,,Review,,803428,803428,,,,No approved Square match,,21,22.68,Percentage (actual Local Line setting),"Common proposed price for existing customer lists, including SNAP; No approved Square match; Square price left blank",No,LL 2026-10-01T17:03:29.099Z; Square 2026-10-01T17:01:23.965Z
1012966,1012966,Handcrafted Cedar Coasters,RL Plants & Home Goods,2 pack,3,40%,51.2%,4.2,4.54,8.0952%,None,,,,,Review,,796544,796544,,,,No approved Square match,,4.2,4.54,Percentage (actual Local Line setting),"Common proposed price for existing customer lists, including SNAP; No approved Square match; Square price left blank",Yes,LL 2026-10-01T17:03:29.099Z; Square 2026-10-01T17:01:23.965Z
1012966,1012966,Handcrafted Cedar Coasters,RL Plants & Home Goods,5 pack,5,40%,51.2%,7,7.56,8%,None,,,,,Review,,926994,926994,,,,No approved Square match,,7,7.56,Percentage (actual Local Line setting),"Common proposed price for existing customer lists, including SNAP; No approved Square match; Square price left blank",Yes,LL 2026-10-01T17:03:29.099Z; Square 2026-10-01T17:01:23.965Z
1012965,1012965,Handcrafted Rustic Cedar Coasters,RL Plants & Home Goods,2 Pack,3,40%,51.2%,4.2,4.54,8.0952%,None,,,,,Review,,796543,796543,,,,No approved Square match,,4.2,4.54,Percentage (actual Local Line setting),"Common proposed price for existing customer lists, including SNAP; No approved Square match; Square price left blank",Yes,LL 2026-10-01T17:03:29.099Z; Square 2026-10-01T17:01:23.965Z
1012965,1012965,Handcrafted Rustic Cedar Coasters,RL Plants & Home Goods,5 Pack,5,40%,51.2%,7,7.56,8%,None,,,,,Review,,994309,994309,,,,No approved Square match,,7,7.56,Percentage (actual Local Line setting),"Common proposed price for existing customer lists, including SNAP; No approved Square match; Square price left blank",Yes,LL 2026-10-01T17:03:29.099Z; Square 2026-10-01T17:01:23.965Z
881823,881823,Handmade Birch Wood Coasters –Set of 2,RL Plants & Home Goods,2 pack,5,40%,51.2%,7,7.56,8%,None,,,,,Review,,618344,618344,,,,No approved Square match,,7,7.56,Percentage (actual Local Line setting),"Common proposed price for existing customer lists, including SNAP; No approved Square match; Square price left blank",Yes,LL 2026-10-01T17:03:29.099Z; Square 2026-10-01T17:01:23.965Z
1026272,1026272,Handmade Cedar Catch-All Tray – Rustic Ring Dish & Coin Holder,RL Plants & Home Goods,ea,10,40%,51.2%,14,15.12,8%,None,,,,,Review,,816045,816045,,,,No approved Square match,,14,15.12,Percentage (actual Local Line setting),"Common proposed price for existing customer lists, including SNAP; No approved Square match; Square price left blank",Yes,LL 2026-10-01T17:03:29.099Z; Square 2026-10-01T17:01:23.965Z
1119870,1119870,"Handmade Wooden Industrial Style 4""x6"" Catch-all Tray",RL Plants & Home Goods,ea,10,40%,51.2%,14,15.12,8%,None,,,,,Review,,947706,947706,,,,No approved Square match,,14,15.12,Percentage (actual Local Line setting),"Common proposed price for existing customer lists, including SNAP; No approved Square match; Square price left blank",Yes,LL 2026-10-01T17:03:29.099Z; Square 2026-10-01T17:01:23.965Z
805749,805749,Hen and Chicks Succulents,RL Plants & Home Goods,each,3,40%,51.2%,4.2,4.54,8.0952%,None,,,,,Review,,526804,526804,,,,No approved Square match,,4.2,4.54,Percentage (actual Local Line setting),"Common proposed price for existing customer lists, including SNAP; No approved Square match; Square price left blank",Yes,LL 2026-10-01T17:03:29.099Z; Square 2026-10-01T17:01:23.965Z
975215,975215,I'm Back Iris Rhizome,RL Plants & Home Goods,ea,8,40%,51.2%,11.2,12.1,8.0357%,None,,,,,Review,,740626,740626,,,,No approved Square match,,11.2,12.1,Percentage (actual Local Line setting),"Common proposed price for existing customer lists, including SNAP; No approved Square match; Square price left blank",No,LL 2026-10-01T17:03:29.099Z; Square 2026-10-01T17:01:23.965Z
914549,914549,Lemon Balm,RL Plants & Home Goods,bu,2.5,40%,51.2%,3.5,3.78,8%,None,,,,,Review,,660244,660244,,,,No approved Square match,,3.5,3.78,Percentage (actual Local Line setting),"Common proposed price for existing customer lists, including SNAP; No approved Square match; Square price left blank",No,LL 2026-10-01T17:03:29.099Z; Square 2026-10-01T17:01:23.965Z
975218,975218,Local Color Iris Rhizome,RL Plants & Home Goods,ea,8,40%,51.2%,11.2,12.1,8.0357%,None,,,,,Review,,740629,740629,,,,No approved Square match,,11.2,12.1,Percentage (actual Local Line setting),"Common proposed price for existing customer lists, including SNAP; No approved Square match; Square price left blank",Yes,LL 2026-10-01T17:03:29.099Z; Square 2026-10-01T17:01:23.965Z
901383,901383,Open Your Eyes- Iris Rhizome,RL Plants & Home Goods,ea,8,40%,51.2%,11.2,12.1,8.0357%,None,,,,,Review,,643631,643631,,,,No approved Square match,,11.2,12.1,Percentage (actual Local Line setting),"Common proposed price for existing customer lists, including SNAP; No approved Square match; Square price left blank",No,LL 2026-10-01T17:03:29.099Z; Square 2026-10-01T17:01:23.965Z
897404,897404,Pepi Dwarf Iris Rhizome,RL Plants & Home Goods,ea,6,40%,51.2%,8.4,9.07,7.9762%,None,,,,,Review,,638661,638661,,,,No approved Square match,,8.4,9.07,Percentage (actual Local Line setting),"Common proposed price for existing customer lists, including SNAP; No approved Square match; Square price left blank",No,LL 2026-10-01T17:03:29.099Z; Square 2026-10-01T17:01:23.965Z
975220,975220,Radiant Garb Iris Rhizome,RL Plants & Home Goods,ea,8,40%,51.2%,11.2,12.1,8.0357%,None,,,,,Review,,740631,740631,,,,No approved Square match,,11.2,12.1,Percentage (actual Local Line setting),"Common proposed price for existing customer lists, including SNAP; No approved Square match; Square price left blank",No,LL 2026-10-01T17:03:29.099Z; Square 2026-10-01T17:01:23.965Z
897403,897403,Raspberry Swirl - 2009 Tall Bearded Iris - Stunning Award Winner (Rhizome),RL Plants & Home Goods,ea,7,40%,51.2%,9.8,10.58,7.9592%,None,,,,,Review,,638660,638660,,,,No approved Square match,,9.8,10.58,Percentage (actual Local Line setting),"Common proposed price for existing customer lists, including SNAP; No approved Square match; Square price left blank",No,LL 2026-10-01T17:03:29.099Z; Square 2026-10-01T17:01:23.965Z
805750,805750,Sedum Palmeri Succulents,RL Plants & Home Goods,each,4,40%,51.2%,5.6,6.05,8.0357%,None,,,,,Review,,526805,526805,,,,No approved Square match,,5.6,6.05,Percentage (actual Local Line setting),"Common proposed price for existing customer lists, including SNAP; No approved Square match; Square price left blank",Yes,LL 2026-10-01T17:03:29.099Z; Square 2026-10-01T17:01:23.965Z
805751,805751,"Sedum Rupestre ""Blue Spruce""",RL Plants & Home Goods,each,4,40%,51.2%,5.6,6.05,8.0357%,None,,,,,Review,,526806,526806,,,,No approved Square match,,5.6,6.05,Percentage (actual Local Line setting),"Common proposed price for existing customer lists, including SNAP; No approved Square match; Square price left blank",Yes,LL 2026-10-01T17:03:29.099Z; Square 2026-10-01T17:01:23.965Z
1004526,1004526,Spice Lord Iris Rhizome (Bulb),RL Plants & Home Goods,ea,7,40%,51.2%,9.8,10.58,7.9592%,None,,,,,Review,,784562,784562,,,,No approved Square match,,9.8,10.58,Percentage (actual Local Line setting),"Common proposed price for existing customer lists, including SNAP; No approved Square match; Square price left blank",No,LL 2026-10-01T17:03:29.099Z; Square 2026-10-01T17:01:23.965Z
1004531,1004531,Tanzanian Tangerine Iris Rhizome (Bulb),RL Plants & Home Goods,ea,7,40%,51.2%,9.8,10.58,7.9592%,None,,,,,Review,,784571,784571,,,,No approved Square match,,9.8,10.58,Percentage (actual Local Line setting),"Common proposed price for existing customer lists, including SNAP; No approved Square match; Square price left blank",No,LL 2026-10-01T17:03:29.099Z; Square 2026-10-01T17:01:23.965Z
1004529,1004529,Trumped Iris Rhizome (Bulb),RL Plants & Home Goods,ea,7,40%,51.2%,9.8,10.58,7.9592%,None,,,,,Review,,784568,784568,,,,No approved Square match,,9.8,10.58,Percentage (actual Local Line setting),"Common proposed price for existing customer lists, including SNAP; No approved Square match; Square price left blank",No,LL 2026-10-01T17:03:29.099Z; Square 2026-10-01T17:01:23.965Z
948123,948123,Vintage Vibe Award Winner Iris Rhizome,RL Plants & Home Goods,ea,8,40%,51.2%,11.2,12.1,8.0357%,None,,,,,Review,,703445,703445,,,,No approved Square match,,11.2,12.1,Percentage (actual Local Line setting),"Common proposed price for existing customer lists, including SNAP; No approved Square match; Square price left blank",No,LL 2026-10-01T17:03:29.099Z; Square 2026-10-01T17:01:23.965Z
805752,805752,Yellow Iris Rhizome,RL Plants & Home Goods,each,4,40%,51.2%,5.6,6.05,8.0357%,None,,,,,Review,,526807,526807,,,,No approved Square match,,5.6,6.05,Percentage (actual Local Line setting),"Common proposed price for existing customer lists, including SNAP; No approved Square match; Square price left blank",Yes,LL 2026-10-01T17:03:29.099Z; Square 2026-10-01T17:01:23.965Z
948124,948124,Ziggy Award Winner Iris Rhizome,RL Plants & Home Goods,ea,8,40%,51.2%,11.2,12.1,8.0357%,None,,,,,Review,,703446,703446,,,,No approved Square match,,11.2,12.1,Percentage (actual Local Line setting),"Common proposed price for existing customer lists, including SNAP; No approved Square match; Square price left blank",No,LL 2026-10-01T17:03:29.099Z; Square 2026-10-01T17:01:23.965Z
1130495,1130495,VIRGO GLOW (Whipped Tallow - skin care) 9 oz glass jar,Sabrooxel's Alchemy,9 oz. ea,50,40%,51.2%,70,75.6,8%,None,124.44,134.4,,,Review,,964562,964562,0.5625,,,No approved Square match,,70,75.6,Percentage (actual Local Line setting),"Common proposed price for existing customer lists, including SNAP; No approved Square match; Square price left blank",No,LL 2026-10-01T17:03:29.099Z; Square 2026-10-01T17:01:23.965Z
1012261,1012261,VIRGO GLOW (WhippedTallow - skin care) 4 oz glass jar,Sabrooxel's Alchemy,ea,23.48,40%,51.2%,32.87,35.5,8.0012%,None,,,,,Review,,795587,795587,,,,No approved Square match,,32.87,35.5,Percentage (actual Local Line setting),"Common proposed price for existing customer lists, including SNAP; No approved Square match; Square price left blank",Yes,LL 2026-10-01T17:03:29.099Z; Square 2026-10-01T17:01:23.965Z
805838,805838,Arugula,Small is Beautiful Farm,1 bunch,2.5,40%,51.2%,3.5,3.78,8%,None,,,,,Review,,526896,526896,,,,No approved Square match,,3.5,3.78,Percentage (actual Local Line setting),"Common proposed price for existing customer lists, including SNAP; No approved Square match; Square price left blank",No,LL 2026-10-01T17:03:29.099Z; Square 2026-10-01T17:01:23.965Z
901471,901471,Bartlett Pears,Small is Beautiful Farm,ea,1,40%,51.2%,1.4,1.51,7.8571%,None,,,,,Review,,643754,643754,,,,No approved Square match,,1.4,1.51,Percentage (actual Local Line setting),"Common proposed price for existing customer lists, including SNAP; No approved Square match; Square price left blank",No,LL 2026-10-01T17:03:29.099Z; Square 2026-10-01T17:01:23.965Z
1014310,1014310,Braising Green Bundle,Small is Beautiful Farm,bu,2.5,40%,51.2%,3.5,3.78,8%,None,,,,,Review,,798441,798441,,,,No approved Square match,,3.5,3.78,Percentage (actual Local Line setting),"Common proposed price for existing customer lists, including SNAP; No approved Square match; Square price left blank",No,LL 2026-10-01T17:03:29.099Z; Square 2026-10-01T17:01:23.965Z
1106688,1106688,Chunks of Sweetmeat Squash,Small is Beautiful Farm,bag,4,40%,51.2%,5.6,6.05,8.0357%,None,,,,,Review,,924741,924741,,,,No approved Square match,,5.6,6.05,Percentage (actual Local Line setting),"Common proposed price for existing customer lists, including SNAP; No approved Square match; Square price left blank",No,LL 2026-10-01T17:03:29.099Z; Square 2026-10-01T17:01:23.965Z
805753,805753,Cut Flower Bouquet,Small is Beautiful Farm,each,10,40%,51.2%,14,15.12,8%,None,,,,,Review,,526808,526808,,,,No approved Square match,,14,15.12,Percentage (actual Local Line setting),"Common proposed price for existing customer lists, including SNAP; No approved Square match; Square price left blank",Yes,LL 2026-10-01T17:03:29.099Z; Square 2026-10-01T17:01:23.965Z
994762,994762,Desert King Fig,Small is Beautiful Farm,pt,2.5,40%,51.2%,3.5,3.78,8%,None,,,,,Review,,768673,768673,,,,No approved Square match,,3.5,3.78,Percentage (actual Local Line setting),"Common proposed price for existing customer lists, including SNAP; No approved Square match; Square price left blank",No,LL 2026-10-01T17:03:29.099Z; Square 2026-10-01T17:01:23.965Z
1072323,1072323,Dried Heirloom Tomatoes,Small is Beautiful Farm,2 oz bag,6.5,40%,51.2%,9.1,9.83,8.022%,None,72.8,78.64,,,Review,,881484,881484,0.125,,,No approved Square match,,9.1,9.83,Percentage (actual Local Line setting),"Common proposed price for existing customer lists, including SNAP; No approved Square match; Square price left blank",No,LL 2026-10-01T17:03:29.099Z; Square 2026-10-01T17:01:23.965Z
956222,956222,German Butterball Potatoes,Small is Beautiful Farm,lb,2,40%,51.2%,2.8,3.02,7.8571%,None,2.8,3.02,,,Review,,714932,714932,1,,,No approved Square match,,2.8,3.02,Percentage (actual Local Line setting),"Common proposed price for existing customer lists, including SNAP; No approved Square match; Square price left blank",No,LL 2026-10-01T17:03:29.099Z; Square 2026-10-01T17:01:23.965Z
983730,983730,Green Scallions,Small is Beautiful Farm,each,2.5,40%,51.2%,3.5,3.78,8%,None,,,,,Review,,752815,752815,,,,No approved Square match,,3.5,3.78,Percentage (actual Local Line setting),"Common proposed price for existing customer lists, including SNAP; No approved Square match; Square price left blank",No,LL 2026-10-01T17:03:29.099Z; Square 2026-10-01T17:01:23.965Z
904032,904032,Green Seedless Table Grapes,Small is Beautiful Farm,pt,3.5,40%,51.2%,4.9,5.29,7.9592%,None,,,,,Review,,647015,647015,,,,No approved Square match,,4.9,5.29,Percentage (actual Local Line setting),"Common proposed price for existing customer lists, including SNAP; No approved Square match; Square price left blank",No,LL 2026-10-01T17:03:29.099Z; Square 2026-10-01T17:01:23.965Z
991384,991384,Honey Plum,Small is Beautiful Farm,pt,3,40%,51.2%,4.2,4.54,8.0952%,None,,,,,Review,,763756,763756,,,,No approved Square match,,4.2,4.54,Percentage (actual Local Line setting),"Common proposed price for existing customer lists, including SNAP; No approved Square match; Square price left blank",No,LL 2026-10-01T17:03:29.099Z; Square 2026-10-01T17:01:23.965Z
942518,942518,Leek,Small is Beautiful Farm,1,1,40%,51.2%,1.4,1.51,7.8571%,None,,,,,Review,,696810,696810,,,,No approved Square match,,1.4,1.51,Percentage (actual Local Line setting),"Common proposed price for existing customer lists, including SNAP; No approved Square match; Square price left blank",No,LL 2026-10-01T17:03:29.099Z; Square 2026-10-01T17:01:23.965Z
998191,998191,Mix Apples,Small is Beautiful Farm,ea,1,40%,51.2%,1.4,1.51,7.8571%,None,,,,,Review,,774076,774076,,,,No approved Square match,,1.4,1.51,Percentage (actual Local Line setting),"Common proposed price for existing customer lists, including SNAP; No approved Square match; Square price left blank",Yes,LL 2026-10-01T17:03:29.099Z; Square 2026-10-01T17:01:23.965Z
805790,805790,"Mixed Apple ""Seconds""",Small is Beautiful Farm,each,0.5,40%,51.2%,0.7,0.76,8.5714%,None,,,,,Review,,526846,526846,,,,No approved Square match,,0.7,0.76,Percentage (actual Local Line setting),"Common proposed price for existing customer lists, including SNAP; No approved Square match; Square price left blank",Yes,LL 2026-10-01T17:03:29.099Z; Square 2026-10-01T17:01:23.965Z
836368,836368,Mixed Dried Fruit,Small is Beautiful Farm,1/2 Lb. bag,7,40%,51.2%,9.8,10.58,7.9592%,None,19.6,21.16,,,Review,,562955,562955,0.5,,,No approved Square match,,9.8,10.58,Percentage (actual Local Line setting),"Common proposed price for existing customer lists, including SNAP; No approved Square match; Square price left blank",No,LL 2026-10-01T17:03:29.099Z; Square 2026-10-01T17:01:23.965Z
821118,821118,Persimmon,Small is Beautiful Farm,ea,1.5,40%,51.2%,2.1,2.27,8.0952%,None,,,,,Review,,544095,544095,,,,No approved Square match,,2.1,2.27,Percentage (actual Local Line setting),"Common proposed price for existing customer lists, including SNAP; No approved Square match; Square price left blank",No,LL 2026-10-01T17:03:29.099Z; Square 2026-10-01T17:01:23.965Z
1042575,1042575,Popping Corn,Small is Beautiful Farm,1 lb bag,6,40%,51.2%,8.4,9.07,7.9762%,None,8.4,9.07,,,Review,,844561,844561,1,,,No approved Square match,,8.4,9.07,Percentage (actual Local Line setting),"Common proposed price for existing customer lists, including SNAP; No approved Square match; Square price left blank",No,LL 2026-10-01T17:03:29.099Z; Square 2026-10-01T17:01:23.965Z
805793,805793,Prune Plum,Small is Beautiful Farm,each,3,40%,51.2%,4.2,4.54,8.0952%,None,,,,,Review,,526849,526849,,,,No approved Square match,,4.2,4.54,Percentage (actual Local Line setting),"Common proposed price for existing customer lists, including SNAP; No approved Square match; Square price left blank",No,LL 2026-10-01T17:03:29.099Z; Square 2026-10-01T17:01:23.965Z
805918,805918,Red Onion,Small is Beautiful Farm,lb,1.5,40%,51.2%,2.1,2.27,8.0952%,None,2.1,2.27,,,Review,,526979,526979,1,,,No approved Square match,,2.1,2.27,Percentage (actual Local Line setting),"Common proposed price for existing customer lists, including SNAP; No approved Square match; Square price left blank",Yes,LL 2026-10-01T17:03:29.099Z; Square 2026-10-01T17:01:23.965Z
1005221,1005221,Red Onion,Small is Beautiful Farm,lb,2,40%,51.2%,2.8,3.02,7.8571%,None,2.8,3.02,,,Review,,785525,785525,1,,,No approved Square match,,2.8,3.02,Percentage (actual Local Line setting),"Common proposed price for existing customer lists, including SNAP; No approved Square match; Square price left blank",No,LL 2026-10-01T17:03:29.099Z; Square 2026-10-01T17:01:23.965Z
998896,998896,Satsuma plums,Small is Beautiful Farm,pt,4,40%,51.2%,5.6,6.05,8.0357%,None,,,,,Review,,775170,775170,,,,No approved Square match,,5.6,6.05,Percentage (actual Local Line setting),"Common proposed price for existing customer lists, including SNAP; No approved Square match; Square price left blank",No,LL 2026-10-01T17:03:29.099Z; Square 2026-10-01T17:01:23.965Z
999637,999637,Satsuma plums,Small is Beautiful Farm,pt,3,40%,51.2%,4.2,4.54,8.0952%,None,,,,,Review,,776515,776515,,,,No approved Square match,,4.2,4.54,Percentage (actual Local Line setting),"Common proposed price for existing customer lists, including SNAP; No approved Square match; Square price left blank",No,LL 2026-10-01T17:03:29.099Z; Square 2026-10-01T17:01:23.965Z
897016,897016,Shiro plums,Small is Beautiful Farm,dozen,3.5,40%,51.2%,4.9,5.29,7.9592%,None,,,,,Review,,638086,638086,,,,No approved Square match,,4.9,5.29,Percentage (actual Local Line setting),"Common proposed price for existing customer lists, including SNAP; No approved Square match; Square price left blank",No,LL 2026-10-01T17:03:29.099Z; Square 2026-10-01T17:01:23.965Z
805832,805832,Spinach  1/2 Lb.,Small is Beautiful Farm,each,4,40%,51.2%,5.6,6.05,8.0357%,None,,,,,Review,,526889,526889,,,,No approved Square match,,5.6,6.05,Percentage (actual Local Line setting),"Common proposed price for existing customer lists, including SNAP; No approved Square match; Square price left blank",No,LL 2026-10-01T17:03:29.099Z; Square 2026-10-01T17:01:23.965Z
899381,899381,Suncrest Peach,Small is Beautiful Farm,ea,1.25,40%,51.2%,1.75,1.89,8%,None,,,,,Review,,641228,641228,,,,No approved Square match,,1.75,1.89,Percentage (actual Local Line setting),"Common proposed price for existing customer lists, including SNAP; No approved Square match; Square price left blank",No,LL 2026-10-01T17:03:29.099Z; Square 2026-10-01T17:01:23.965Z
805967,805967,Sweet Gypsy Red Peppers,Small is Beautiful Farm,each,1,40%,51.2%,1.4,1.51,7.8571%,None,,,,,Review,,527027,527027,,,,No approved Square match,,1.4,1.51,Percentage (actual Local Line setting),"Common proposed price for existing customer lists, including SNAP; No approved Square match; Square price left blank",No,LL 2026-10-01T17:03:29.099Z; Square 2026-10-01T17:01:23.965Z
1042571,1042571,Winter Beets,Small is Beautiful Farm,2 lb bag,4,40%,51.2%,5.6,6.05,8.0357%,None,2.8,3.02,,,Review,,844557,844557,2,,,No approved Square match,,5.6,6.05,Percentage (actual Local Line setting),"Common proposed price for existing customer lists, including SNAP; No approved Square match; Square price left blank",No,LL 2026-10-01T17:03:29.099Z; Square 2026-10-01T17:01:23.965Z
929322,929322,Winter Carrots,Small is Beautiful Farm,2# bag,4,40%,51.2%,5.6,6.05,8.0357%,None,,,,,Review,,677788,677788,,,,No approved Square match,,5.6,6.05,Percentage (actual Local Line setting),"Common proposed price for existing customer lists, including SNAP; No approved Square match; Square price left blank",No,LL 2026-10-01T17:03:29.099Z; Square 2026-10-01T17:01:23.965Z
1082291,1082291,Winter Salad Mix,Small is Beautiful Farm,1/2 lb,4,40%,51.2%,5.6,6.05,8.0357%,None,11.2,12.1,,,Review,,894785,894785,0.5,,,No approved Square match,,5.6,6.05,Percentage (actual Local Line setting),"Common proposed price for existing customer lists, including SNAP; No approved Square match; Square price left blank",No,LL 2026-10-01T17:03:29.099Z; Square 2026-10-01T17:01:23.965Z
1018192,1018192,Yellow Onion,Small is Beautiful Farm,1lb,1.5,40%,51.2%,2.1,2.27,8.0952%,None,2.1,2.27,,,Review,,803748,803748,1,,,No approved Square match,,2.1,2.27,Percentage (actual Local Line setting),"Common proposed price for existing customer lists, including SNAP; No approved Square match; Square price left blank",Yes,LL 2026-10-01T17:03:29.099Z; Square 2026-10-01T17:01:23.965Z
806076,806076,Apricot Fruit Spread,Sweet Creek,10 oz,5.62,40%,51.2%,7.87,8.5,8.0051%,None,12.59,13.6,,,Review,,527140,527140,0.625,,,No approved Square match,,7.87,8.5,Percentage (actual Local Line setting),"Common proposed price for existing customer lists, including SNAP; No approved Square match; Square price left blank",Yes,LL 2026-10-01T17:03:29.099Z; Square 2026-10-01T17:01:23.965Z
806148,806148,Basil Tomato Sauce,Sweet Creek,16 oz,5.27,40%,51.2%,7.38,7.97,7.9946%,None,,,,,Review,,527213,527213,,,,No approved Square match,,7.38,7.97,Percentage (actual Local Line setting),"Common proposed price for existing customer lists, including SNAP; No approved Square match; Square price left blank",No,LL 2026-10-01T17:03:29.099Z; Square 2026-10-01T17:01:23.965Z
806081,806081,Blackberry Fruit Spread,Sweet Creek,10 oz,4.48,40%,51.2%,6.27,6.77,7.9745%,None,10.03,10.83,,,Review,,527145,527145,0.625,,,No approved Square match,,6.27,6.77,Percentage (actual Local Line setting),"Common proposed price for existing customer lists, including SNAP; No approved Square match; Square price left blank",Yes,LL 2026-10-01T17:03:29.099Z; Square 2026-10-01T17:01:23.965Z
806085,806085,Blueberry Apple Sauce,Sweet Creek,each,6.4,40%,51.2%,8.96,9.68,8.0357%,None,,,,,Review,,527149,527149,,,,No approved Square match,,8.96,9.68,Percentage (actual Local Line setting),"Common proposed price for existing customer lists, including SNAP; No approved Square match; Square price left blank",Yes,LL 2026-10-01T17:03:29.099Z; Square 2026-10-01T17:01:23.965Z
806089,806089,Blueberry Fruit Spread,Sweet Creek,10 oz,4.48,40%,51.2%,6.27,6.77,7.9745%,None,10.03,10.83,,,Review,,527153,527153,0.625,,,No approved Square match,,6.27,6.77,Percentage (actual Local Line setting),"Common proposed price for existing customer lists, including SNAP; No approved Square match; Square price left blank",Yes,LL 2026-10-01T17:03:29.099Z; Square 2026-10-01T17:01:23.965Z
1061158,1061158,Chipotle Enchilada Sauce,Sweet Creek,16 oz ea,5.46,40%,51.2%,7.64,8.26,8.1152%,None,,,,,Review,,868144,868144,,,,No approved Square match,,7.64,8.26,Percentage (actual Local Line setting),"Common proposed price for existing customer lists, including SNAP; No approved Square match; Square price left blank",Yes,LL 2026-10-01T17:03:29.099Z; Square 2026-10-01T17:01:23.965Z
806092,806092,Cinnamon Apple Sauce,Sweet Creek,32 oz,6.02,40%,51.2%,8.43,9.1,7.9478%,None,,,,,Review,,527156,527156,,,,No approved Square match,,8.43,9.1,Percentage (actual Local Line setting),"Common proposed price for existing customer lists, including SNAP; No approved Square match; Square price left blank",Yes,LL 2026-10-01T17:03:29.099Z; Square 2026-10-01T17:01:23.965Z
806095,806095,Dill Relish,Sweet Creek,16 oz,5.54,40%,51.2%,7.76,8.38,7.9897%,None,7.76,8.38,,,Review,,527160,527160,1,,,No approved Square match,,7.76,8.38,Percentage (actual Local Line setting),"Common proposed price for existing customer lists, including SNAP; No approved Square match; Square price left blank",Yes,LL 2026-10-01T17:03:29.099Z; Square 2026-10-01T17:01:23.965Z
806099,806099,"Enchilada Red Sauce, Medium",Sweet Creek,16 oz,4.92,40%,51.2%,6.89,7.44,7.9826%,None,,,,,Review,,527163,527163,,,,No approved Square match,,6.89,7.44,Percentage (actual Local Line setting),"Common proposed price for existing customer lists, including SNAP; No approved Square match; Square price left blank",Yes,LL 2026-10-01T17:03:29.099Z; Square 2026-10-01T17:01:23.965Z
806106,806106,Green Enchilada Sauce,Sweet Creek,each,5.5,40%,51.2%,7.7,8.32,8.0519%,None,,,,,Review,,527170,527170,,,,No approved Square match,,7.7,8.32,Percentage (actual Local Line setting),"Common proposed price for existing customer lists, including SNAP; No approved Square match; Square price left blank",Yes,LL 2026-10-01T17:03:29.099Z; Square 2026-10-01T17:01:23.965Z
1061159,1061159,Hot Red Enchilada Sauce,Sweet Creek,16 oz ea,5.47,40%,51.2%,7.66,8.27,7.9634%,None,,,,,Review,,868145,868145,,,,No approved Square match,,7.66,8.27,Percentage (actual Local Line setting),"Common proposed price for existing customer lists, including SNAP; No approved Square match; Square price left blank",Yes,LL 2026-10-01T17:03:29.099Z; Square 2026-10-01T17:01:23.965Z
806109,806109,Jalapeno Relish,Sweet Creek,each,10.5,40%,51.2%,14.7,15.88,8.0272%,None,,,,,Review,,527174,527174,,,,No approved Square match,,14.7,15.88,Percentage (actual Local Line setting),"Common proposed price for existing customer lists, including SNAP; No approved Square match; Square price left blank",Yes,LL 2026-10-01T17:03:29.099Z; Square 2026-10-01T17:01:23.965Z
806113,806113,Just Apple Apple Sauce,Sweet Creek,32 oz,6.02,40%,51.2%,8.43,9.1,7.9478%,None,,,,,Review,,527178,527178,,,,No approved Square match,,8.43,9.1,Percentage (actual Local Line setting),"Common proposed price for existing customer lists, including SNAP; No approved Square match; Square price left blank",Yes,LL 2026-10-01T17:03:29.099Z; Square 2026-10-01T17:01:23.965Z
806119,806119,Mushroom Tomato Sauce,Sweet Creek,16 oz,5.64,40%,51.2%,7.9,8.53,7.9747%,None,,,,,Review,,527184,527184,,,,No approved Square match,,7.9,8.53,Percentage (actual Local Line setting),"Common proposed price for existing customer lists, including SNAP; No approved Square match; Square price left blank",No,LL 2026-10-01T17:03:29.099Z; Square 2026-10-01T17:01:23.965Z
806123,806123,Paul's Dill Pickles,Sweet Creek,32 oz,7.22,40%,51.2%,10.11,10.92,8.0119%,None,5.05,5.46,,,Review,,527188,527188,2,,,No approved Square match,,10.11,10.92,Percentage (actual Local Line setting),"Common proposed price for existing customer lists, including SNAP; No approved Square match; Square price left blank",Yes,LL 2026-10-01T17:03:29.099Z; Square 2026-10-01T17:01:23.965Z
806126,806126,Pickled Beets,Sweet Creek,16 oz,5.59,40%,51.2%,7.83,8.45,7.9183%,None,7.83,8.45,,,Review,,527191,527191,1,,,No approved Square match,,7.83,8.45,Percentage (actual Local Line setting),"Common proposed price for existing customer lists, including SNAP; No approved Square match; Square price left blank",Yes,LL 2026-10-01T17:03:29.099Z; Square 2026-10-01T17:01:23.965Z
806130,806130,Pickled Jalapenos,Sweet Creek,16 oz,6.31,40%,51.2%,8.83,9.54,8.0408%,None,8.83,9.54,,,Review,,527195,527195,1,,,No approved Square match,,8.83,9.54,Percentage (actual Local Line setting),"Common proposed price for existing customer lists, including SNAP; No approved Square match; Square price left blank",Yes,LL 2026-10-01T17:03:29.099Z; Square 2026-10-01T17:01:23.965Z
806134,806134,Raspberry Fruit Spread,Sweet Creek,10 oz,4.48,40%,51.2%,6.27,6.77,7.9745%,None,10.03,10.83,,,Review,,527199,527199,0.625,,,No approved Square match,,6.27,6.77,Percentage (actual Local Line setting),"Common proposed price for existing customer lists, including SNAP; No approved Square match; Square price left blank",No,LL 2026-10-01T17:03:29.099Z; Square 2026-10-01T17:01:23.965Z
806136,806136,Roasted Garlic Tomato Sauce,Sweet Creek,16 oz,5.27,40%,51.2%,7.38,7.97,7.9946%,None,,,,,Review,,527201,527201,,,,No approved Square match,,7.38,7.97,Percentage (actual Local Line setting),"Common proposed price for existing customer lists, including SNAP; No approved Square match; Square price left blank",No,LL 2026-10-01T17:03:29.099Z; Square 2026-10-01T17:01:23.965Z
806138,806138,"Salsa, Hot",Sweet Creek,16 oz,3.7,40%,51.2%,5.18,5.59,7.9151%,None,5.18,5.59,,,Review,,527203,527203,1,,,No approved Square match,,5.18,5.59,Percentage (actual Local Line setting),"Common proposed price for existing customer lists, including SNAP; No approved Square match; Square price left blank",Yes,LL 2026-10-01T17:03:29.099Z; Square 2026-10-01T17:01:23.965Z
806140,806140,"Salsa, Medium",Sweet Creek,16 oz,5.15,40%,51.2%,7.21,7.79,8.0444%,None,7.21,7.79,,,Review,,527205,527205,1,,,No approved Square match,,7.21,7.79,Percentage (actual Local Line setting),"Common proposed price for existing customer lists, including SNAP; No approved Square match; Square price left blank",No,LL 2026-10-01T17:03:29.099Z; Square 2026-10-01T17:01:23.965Z
806142,806142,Strawberry Fruit Spread,Sweet Creek,10 oz,5.25,40%,51.2%,7.35,7.94,8.0272%,None,11.76,12.7,,,Review,,527207,527207,0.625,,,No approved Square match,,7.35,7.94,Percentage (actual Local Line setting),"Common proposed price for existing customer lists, including SNAP; No approved Square match; Square price left blank",No,LL 2026-10-01T17:03:29.099Z; Square 2026-10-01T17:01:23.965Z
806144,806144,Sweet Relish,Sweet Creek,16 oz,5.6,40%,51.2%,7.84,8.47,8.0357%,None,7.84,8.47,,,Review,,527209,527209,1,,,No approved Square match,,7.84,8.47,Percentage (actual Local Line setting),"Common proposed price for existing customer lists, including SNAP; No approved Square match; Square price left blank",No,LL 2026-10-01T17:03:29.099Z; Square 2026-10-01T17:01:23.965Z
806146,806146,Tomatillo Salsa,Sweet Creek,16 oz,5.48,40%,51.2%,7.67,8.29,8.0834%,None,7.67,8.29,,,Review,,527211,527211,1,,,No approved Square match,,7.67,8.29,Percentage (actual Local Line setting),"Common proposed price for existing customer lists, including SNAP; No approved Square match; Square price left blank",Yes,LL 2026-10-01T17:03:29.099Z; Square 2026-10-01T17:01:23.965Z
1111541,1111541,Green Onion/Scallions,Winter Green Farm,bu,1.85,40%,51.2%,2.59,2.8,8.1081%,None,,,,,Review,,931419,931419,,,,No approved Square match,,2.59,2.8,Percentage (actual Local Line setting),"Common proposed price for existing customer lists, including SNAP; No approved Square match; Square price left blank",Yes,LL 2026-10-01T17:03:29.099Z; Square 2026-10-01T17:01:23.965Z
1106676,1106676,Leeks,Winter Green Farm,1 lb,2,40%,51.2%,2.8,3.02,7.8571%,None,2.8,3.02,,,Review,,924713,924713,1,,,No approved Square match,,2.8,3.02,Percentage (actual Local Line setting),"Common proposed price for existing customer lists, including SNAP; No approved Square match; Square price left blank",Yes,LL 2026-10-01T17:03:29.099Z; Square 2026-10-01T17:01:23.965Z
1130087,1130087,Orange Carrots,Winter Green Farm,1 bunch,2.3,40%,51.2%,3.22,3.48,8.0745%,None,,,,,Review,,963998,963998,,,,No approved Square match,,3.22,3.48,Percentage (actual Local Line setting),"Common proposed price for existing customer lists, including SNAP; No approved Square match; Square price left blank",No,LL 2026-10-01T17:03:29.099Z; Square 2026-10-01T17:01:23.965Z
806007,806007,Pink Beauty Radish,Winter Green Farm,each,1.75,40%,51.2%,2.45,2.65,8.1633%,None,,,,,Review,,527067,527067,,,,No approved Square match,,2.45,2.65,Percentage (actual Local Line setting),"Common proposed price for existing customer lists, including SNAP; No approved Square match; Square price left blank",No,LL 2026-10-01T17:03:29.099Z; Square 2026-10-01T17:01:23.965Z
921713,921713,Purple Daikon Radish,Winter Green Farm,1 pound,3.2,40%,51.2%,4.48,4.84,8.0357%,None,4.48,4.84,,,Review,,668239,668239,1,,,No approved Square match,,4.48,4.84,Percentage (actual Local Line setting),"Common proposed price for existing customer lists, including SNAP; No approved Square match; Square price left blank",Yes,LL 2026-10-01T17:03:29.099Z; Square 2026-10-01T17:01:23.965Z
1132419,1132419,Red Baltic Rose Potatoes,Winter Green Farm,1 lb,1.3,40%,51.2%,1.82,1.97,8.2418%,None,1.82,1.97,,,Review,,967065,967065,1,,,No approved Square match,,1.82,1.97,Percentage (actual Local Line setting),"Common proposed price for existing customer lists, including SNAP; No approved Square match; Square price left blank",Yes,LL 2026-10-01T17:03:29.099Z; Square 2026-10-01T17:01:23.965Z
960551,960551,Red Radish,Winter Green Farm,each,1.65,40%,51.2%,2.31,2.49,7.7922%,None,,,,,Review,,720783,720783,,,,No approved Square match,,2.31,2.49,Percentage (actual Local Line setting),"Common proposed price for existing customer lists, including SNAP; No approved Square match; Square price left blank",Yes,LL 2026-10-01T17:03:29.099Z; Square 2026-10-01T17:01:23.965Z
928531,928531,Red Skinned Daikon Radish,Winter Green Farm,lb,3.2,40%,51.2%,4.48,4.84,8.0357%,None,4.48,4.84,,,Review,,676675,676675,1,,,No approved Square match,,4.48,4.84,Percentage (actual Local Line setting),"Common proposed price for existing customer lists, including SNAP; No approved Square match; Square price left blank",Yes,LL 2026-10-01T17:03:29.099Z; Square 2026-10-01T17:01:23.965Z
805822,805822,Spring Onion Bunch,Winter Green Farm,1 bunch,3,40%,51.2%,4.2,4.54,8.0952%,None,,,,,Review,,526879,526879,,,,No approved Square match,,4.2,4.54,Percentage (actual Local Line setting),"Common proposed price for existing customer lists, including SNAP; No approved Square match; Square price left blank",No,LL 2026-10-01T17:03:29.099Z; Square 2026-10-01T17:01:23.965Z
805845,805845,Yellow Potatoes (Canada Gold),Winter Green Farm,1 lb,2.15,40%,51.2%,3.01,3.25,7.9734%,None,3.01,3.25,,,Review,,526903,526903,1,,,No approved Square match,,3.01,3.25,Percentage (actual Local Line setting),"Common proposed price for existing customer lists, including SNAP; No approved Square match; Square price left blank",No,LL 2026-10-01T17:03:29.099Z; Square 2026-10-01T17:01:23.965Z