Local product ID,Local Line product ID,Product,Vendor,Package,Current local price,Local Line price after sale,Proposed local / LL (+8%),Current Square price,Proposed Square (+8%),Current sale — retain,Your decision,Your notes,Price / mapping notes,Local package ID,Local Line package ID,Square variation ID,LL regular price before sale,Proposed regular price (+8%),Visible now,Prices checked at (UTC)
806020,806020,Blackberry Herbalism Kombucha,BNF Kombucha and Jun,16 fl. oz,$4.68,$4.68,$5.05,,,None,Review,,"Common proposed price for existing customer lists, including SNAP; No approved Square match; Square price left blank",527082,527082,,$4.68,$5.05,Yes,LL 2026-10-01T17:03:29.099Z; Square 2026-10-01T17:01:23.965Z
821597,821597,Chai Cider,BNF Kombucha and Jun,16 0z,$4.68,$4.68,$5.05,,,None,Review,,"Common proposed price for existing customer lists, including SNAP; No approved Square match; Square price left blank",544654,544654,,$4.68,$5.05,No,LL 2026-10-01T17:03:29.099Z; Square 2026-10-01T17:01:23.965Z
806023,806023,Ginger Turmeric Jun,BNF Kombucha and Jun,16 fl. oz,$5.25,$5.25,$5.67,,,None,Review,,"Common proposed price for existing customer lists, including SNAP; No approved Square match; Square price left blank",527085,527085,,$5.25,$5.67,Yes,LL 2026-10-01T17:03:29.099Z; Square 2026-10-01T17:01:23.965Z
806027,806027,Ginger Zen Kombucha,BNF Kombucha and Jun,16 fl. oz,$4.68,$4.68,$5.05,,,None,Review,,"Common proposed price for existing customer lists, including SNAP; No approved Square match; Square price left blank",527089,527089,,$4.68,$5.05,No,LL 2026-10-01T17:03:29.099Z; Square 2026-10-01T17:01:23.965Z
806031,806031,Grape Lavender Kombucha,BNF Kombucha and Jun,16 fl. oz,$4.68,$4.68,$5.05,,,None,Review,,"Common proposed price for existing customer lists, including SNAP; No approved Square match; Square price left blank",527093,527093,,$4.68,$5.05,Yes,LL 2026-10-01T17:03:29.099Z; Square 2026-10-01T17:01:23.965Z
806034,806034,Hibiscus Mint Yerbe Mate Kombucha,BNF Kombucha and Jun,16. fl oz,$4.68,$4.68,$5.05,,,None,Review,,"Common proposed price for existing customer lists, including SNAP; No approved Square match; Square price left blank",527096,527096,,$4.68,$5.05,Yes,LL 2026-10-01T17:03:29.099Z; Square 2026-10-01T17:01:23.965Z
806036,806036,Mango Marigold Kombucha,BNF Kombucha and Jun,16 fl. oz,$4.68,$4.68,$5.05,,,None,Review,,"Common proposed price for existing customer lists, including SNAP; No approved Square match; Square price left blank",527098,527098,,$4.68,$5.05,Yes,LL 2026-10-01T17:03:29.099Z; Square 2026-10-01T17:01:23.965Z
806040,806040,Moonfruit Yerbe Mate Kombucha,BNF Kombucha and Jun,16 fl. oz,$4.68,$4.68,$5.05,,,None,Review,,"Common proposed price for existing customer lists, including SNAP; No approved Square match; Square price left blank",527102,527102,,$4.68,$5.05,Yes,LL 2026-10-01T17:03:29.099Z; Square 2026-10-01T17:01:23.965Z
806042,806042,Oregon Blueberry Kombucha,BNF Kombucha and Jun,16 fl. oz,$4.68,$4.68,$5.05,,,None,Review,,"Common proposed price for existing customer lists, including SNAP; No approved Square match; Square price left blank",527106,527106,,$4.68,$5.05,No,LL 2026-10-01T17:03:29.099Z; Square 2026-10-01T17:01:23.965Z
806045,806045,Peach Rose Kombucha,BNF Kombucha and Jun,16 fl. oz,$4.68,$4.68,$5.05,,,None,Review,,"Common proposed price for existing customer lists, including SNAP; No approved Square match; Square price left blank",527109,527109,,$4.68,$5.05,Yes,LL 2026-10-01T17:03:29.099Z; Square 2026-10-01T17:01:23.965Z
806049,806049,Pear Jun,BNF Kombucha and Jun,16 fl. oz,$5.25,$5.25,$5.67,,,None,Review,,"Common proposed price for existing customer lists, including SNAP; No approved Square match; Square price left blank",527113,527113,,$5.25,$5.67,No,LL 2026-10-01T17:03:29.099Z; Square 2026-10-01T17:01:23.965Z
806052,806052,Pomegranate Cardamom Kombucha,BNF Kombucha and Jun,16 fl. oz,$4.47,$4.47,$4.83,,,None,Review,,"Common proposed price for existing customer lists, including SNAP; No approved Square match; Square price left blank",527116,527116,,$4.47,$4.83,No,LL 2026-10-01T17:03:29.099Z; Square 2026-10-01T17:01:23.965Z
806056,806056,Raspberry Reishi Jun,BNF Kombucha and Jun,16 fl. oz,$5.25,$5.25,$5.67,,,None,Review,,"Common proposed price for existing customer lists, including SNAP; No approved Square match; Square price left blank",527120,527120,,$5.25,$5.67,Yes,LL 2026-10-01T17:03:29.099Z; Square 2026-10-01T17:01:23.965Z
806059,806059,Skullcap Lemon Yerbe Mate Kombucha,BNF Kombucha and Jun,16 fl. oz,$4.68,$4.68,$5.05,,,None,Review,,"Common proposed price for existing customer lists, including SNAP; No approved Square match; Square price left blank",527124,527124,,$4.68,$5.05,Yes,LL 2026-10-01T17:03:29.099Z; Square 2026-10-01T17:01:23.965Z
976879,976879,Strawberry Mint Kombucha,BNF Kombucha and Jun,ea,$4.68,$4.68,$5.05,,,None,Review,,"Common proposed price for existing customer lists, including SNAP; No approved Square match; Square price left blank",742884,742884,,$4.68,$5.05,Yes,LL 2026-10-01T17:03:29.099Z; Square 2026-10-01T17:01:23.965Z
1038295,1038295,Sugar Plum Kombucha,BNF Kombucha and Jun,ea,$4.68,$4.68,$5.05,,,None,Review,,"Common proposed price for existing customer lists, including SNAP; No approved Square match; Square price left blank",836567,836567,,$4.68,$5.05,No,LL 2026-10-01T17:03:29.099Z; Square 2026-10-01T17:01:23.965Z
806063,806063,Brown Teff Flour,Camas Country Mill,3 lbs,$15.47,$15.47,$16.71,,,None,Review,,"Common proposed price for existing customer lists, including SNAP; No approved Square match; Square price left blank",527127,527127,,$15.47,$16.71,Yes,LL 2026-10-01T17:03:29.099Z; Square 2026-10-01T17:01:23.965Z
806067,806067,Camas Pizza Blend,Camas Country Mill,4 lbs,$15.33,$15.33,$16.56,,,None,Review,,"Common proposed price for existing customer lists, including SNAP; No approved Square match; Square price left blank",527131,527131,,$15.33,$16.56,Yes,LL 2026-10-01T17:03:29.099Z; Square 2026-10-01T17:01:23.965Z
908804,908804,Flax Seed,Camas Country Mill,3 lb. bag,$20.30,$20.30,$21.92,,,None,Review,,"Common proposed price for existing customer lists, including SNAP; No approved Square match; Square price left blank",653619,653619,,$20.30,$21.92,No,LL 2026-10-01T17:03:29.099Z; Square 2026-10-01T17:01:23.965Z
900152,900152,"Garbanzo Beans/ Chickpeas, Organic",Camas Country Mill,3 lbs,$16.80,$16.80,$18.14,,,None,Review,,"Common proposed price for existing customer lists, including SNAP; No approved Square match; Square price left blank",642166,642166,,$16.80,$18.14,No,LL 2026-10-01T17:03:29.099Z; Square 2026-10-01T17:01:23.965Z
900154,900154,Holly's Dog Biscuit Mix,Camas Country Mill,3 lb bag,$14.00,$14.00,$15.12,,,None,Review,,"Common proposed price for existing customer lists, including SNAP; No approved Square match; Square price left blank",642168,642168,,$14.00,$15.12,No,LL 2026-10-01T17:03:29.099Z; Square 2026-10-01T17:01:23.965Z
806110,806110,Oregon Wild Rice,Camas Country Mill,16 oz,$16.10,$16.10,$17.39,,,None,Review,,"Common proposed price for existing customer lists, including SNAP; No approved Square match; Square price left blank",527175,527175,,$16.10,$17.39,No,LL 2026-10-01T17:03:29.099Z; Square 2026-10-01T17:01:23.965Z
900126,900126,Organic 7-Grain Cereal,Camas Country Mill,3 lbs,$18.55,$18.55,$20.03,,,None,Review,,"Common proposed price for existing customer lists, including SNAP; No approved Square match; Square price left blank",642136,642136,,$18.55,$20.03,No,LL 2026-10-01T17:03:29.099Z; Square 2026-10-01T17:01:23.965Z
806091,806091,Organic All Purpose Low Gluten Flour,Camas Country Mill,4 lbs,$13.30,$13.30,$14.36,,,None,Review,,"Common proposed price for existing customer lists, including SNAP; No approved Square match; Square price left blank",527155,527155,,$13.30,$14.36,Yes,LL 2026-10-01T17:03:29.099Z; Square 2026-10-01T17:01:23.965Z
900158,900158,Organic Blue Cornmeal,Camas Country Mill,3 lb bag,$14.56,$14.56,$15.72,,,None,Review,,"Common proposed price for existing customer lists, including SNAP; No approved Square match; Square price left blank",642174,642174,,$14.56,$15.72,Yes,LL 2026-10-01T17:03:29.099Z; Square 2026-10-01T17:01:23.965Z
806094,806094,Organic Buckwheat Flour,Camas Country Mill,3 lbs,$12.88,$12.88,$13.91,,,None,Review,,"Common proposed price for existing customer lists, including SNAP; No approved Square match; Square price left blank",642172,642172,,$12.88,$13.91,Yes,LL 2026-10-01T17:03:29.099Z; Square 2026-10-01T17:01:23.965Z
806118,806118,Organic Corn Flour,Camas Country Mill,2.5 lbs,$15.12,$15.12,$16.33,,,None,Review,,"Common proposed price for existing customer lists, including SNAP; No approved Square match; Square price left blank",527183,527183,,$15.12,$16.33,Yes,LL 2026-10-01T17:03:29.099Z; Square 2026-10-01T17:01:23.965Z
806115,806115,Organic Oat Flakes,Camas Country Mill,4 lbs,$21.84,$21.84,$23.59,,,None,Review,,"Common proposed price for existing customer lists, including SNAP; No approved Square match; Square price left blank",527180,527180,,$21.84,$23.59,Yes,LL 2026-10-01T17:03:29.099Z; Square 2026-10-01T17:01:23.965Z
806122,806122,Organic Sonora Soft White Wheat Flour,Camas Country Mill,4 lbs,$18.62,$18.62,$20.11,,,None,Review,,"Common proposed price for existing customer lists, including SNAP; No approved Square match; Square price left blank",527187,527187,,$18.62,$20.11,Yes,LL 2026-10-01T17:03:29.099Z; Square 2026-10-01T17:01:23.965Z
806125,806125,Organic Spelt Flour,Camas Country Mill,2 lb. Bag,$12.11,$12.11,$13.08,,,None,Review,,"Common proposed price for existing customer lists, including SNAP; No approved Square match; Square price left blank",642173,642173,,$12.11,$13.08,No,LL 2026-10-01T17:03:29.099Z; Square 2026-10-01T17:01:23.965Z
806129,806129,Pardina Brown Lentils,Camas Country Mill,3 lbs,$15.12,$15.12,$16.33,,,None,Review,,"Common proposed price for existing customer lists, including SNAP; No approved Square match; Square price left blank",527194,527194,,$15.12,$16.33,Yes,LL 2026-10-01T17:03:29.099Z; Square 2026-10-01T17:01:23.965Z
806135,806135,Sues Soup Mix,Camas Country Mill,3 lbs,$24.78,$24.78,$26.76,,,None,Review,,"Common proposed price for existing customer lists, including SNAP; No approved Square match; Square price left blank",527200,527200,,$24.78,$26.76,Yes,LL 2026-10-01T17:03:29.099Z; Square 2026-10-01T17:01:23.965Z
806137,806137,Three Sisters Porridge,Camas Country Mill,4 lbs,$18.55,$18.55,$20.03,,,None,Review,,"Common proposed price for existing customer lists, including SNAP; No approved Square match; Square price left blank",527202,527202,,$18.55,$20.03,No,LL 2026-10-01T17:03:29.099Z; Square 2026-10-01T17:01:23.965Z
995528,995528,Austrian Cresent Fingerling Potatoes,Camas Swale Farm,lb,$3.15,$3.15,$3.40,,,None,Review,,"Common proposed price for existing customer lists, including SNAP; No approved Square match; Square price left blank",769868,769868,,$3.15,$3.40,No,LL 2026-10-01T17:03:29.099Z; Square 2026-10-01T17:01:23.965Z
1133120,1133120,Baby Sweet Onion,Camas Swale Farm,bunch,$3.50,$3.50,$3.78,,,None,Review,,"Common proposed price for existing customer lists, including SNAP; No approved Square match; Square price left blank",968059,968059,,$3.50,$3.78,No,LL 2026-10-01T17:03:29.099Z; Square 2026-10-01T17:01:23.965Z
805950,805950,Bi-Color Corn,Camas Swale Farm,each,$1.54,$1.54,$1.66,,,None,Review,,"Common proposed price for existing customer lists, including SNAP; No approved Square match; Square price left blank",527010,527010,,$1.54,$1.66,Yes,LL 2026-10-01T17:03:29.099Z; Square 2026-10-01T17:01:23.965Z
1121876,1121876,Bok choi raab-,Camas Swale Farm,bu,$2.80,$2.80,$3.02,,,None,Review,,"Common proposed price for existing customer lists, including SNAP; No approved Square match; Square price left blank",950198,950198,,$2.80,$3.02,No,LL 2026-10-01T17:03:29.099Z; Square 2026-10-01T17:01:23.965Z
890656,890656,Broccoli,Camas Swale Farm,1 lb,$3.50,$3.50,$3.78,,,None,Review,,"Common proposed price for existing customer lists, including SNAP; No approved Square match; Square price left blank",630145,630145,,$3.50,$3.78,No,LL 2026-10-01T17:03:29.099Z; Square 2026-10-01T17:01:23.965Z
899385,899385,Broccoli,Camas Swale Farm,ea,$7.00,$7.00,$7.56,,,None,Review,,"Common proposed price for existing customer lists, including SNAP; No approved Square match; Square price left blank",641280,641280,,$7.00,$7.56,No,LL 2026-10-01T17:03:29.099Z; Square 2026-10-01T17:01:23.965Z
921358,921358,Brussel Sprouts on the stalk,Camas Swale Farm,ea,$6.30,$6.30,$6.80,,,None,Review,,"Common proposed price for existing customer lists, including SNAP; No approved Square match; Square price left blank",667810,667810,,$6.30,$6.80,No,LL 2026-10-01T17:03:29.099Z; Square 2026-10-01T17:01:23.965Z
915293,915293,Cauliflower,Camas Swale Farm,1 lb,$3.50,$3.50,$3.78,,,None,Review,,"Common proposed price for existing customer lists, including SNAP; No approved Square match; Square price left blank",661228,661228,,$3.50,$3.78,No,LL 2026-10-01T17:03:29.099Z; Square 2026-10-01T17:01:23.965Z
987329,987329,Cauliflower,Camas Swale Farm,ea,$7.00,$7.00,$7.56,,,None,Review,,"Common proposed price for existing customer lists, including SNAP; No approved Square match; Square price left blank",758110,758110,,$7.00,$7.56,No,LL 2026-10-01T17:03:29.099Z; Square 2026-10-01T17:01:23.965Z
805872,805872,Celery,Camas Swale Farm,each,$3.50,$3.50,$3.78,,,None,Review,,"Common proposed price for existing customer lists, including SNAP; No approved Square match; Square price left blank",526930,526930,,$3.50,$3.78,No,LL 2026-10-01T17:03:29.099Z; Square 2026-10-01T17:01:23.965Z
964215,964215,Cherry Belle Radish,Camas Swale Farm,bu,$2.80,$2.80,$3.02,,,None,Review,,"Common proposed price for existing customer lists, including SNAP; No approved Square match; Square price left blank",725650,725650,,$2.80,$3.02,No,LL 2026-10-01T17:03:29.099Z; Square 2026-10-01T17:01:23.965Z
988809,988809,Chioggia Beets,Camas Swale Farm,1 Bunch,$3.29,$3.29,$3.55,,,None,Review,,"Common proposed price for existing customer lists, including SNAP; No approved Square match; Square price left blank",760367,760367,,$3.29,$3.55,Yes,LL 2026-10-01T17:03:29.099Z; Square 2026-10-01T17:01:23.965Z
1108431,1108431,Cilantro,Camas Swale Farm,bu,$2.80,$2.80,$3.02,,,None,Review,,"Common proposed price for existing customer lists, including SNAP; No approved Square match; Square price left blank",927192,927192,,$2.80,$3.02,No,LL 2026-10-01T17:03:29.099Z; Square 2026-10-01T17:01:23.965Z
919246,919246,Collard Greens,Camas Swale Farm,each,$3.15,$3.15,$3.40,,,None,Review,,"Common proposed price for existing customer lists, including SNAP; No approved Square match; Square price left blank",665174,665174,,$3.15,$3.40,Yes,LL 2026-10-01T17:03:29.099Z; Square 2026-10-01T17:01:23.965Z
1131919,1131919,Cone Cabbage,Camas Swale Farm,ea,$3.50,$3.50,$3.78,,,None,Review,,"Common proposed price for existing customer lists, including SNAP; No approved Square match; Square price left blank",966334,966334,,$3.50,$3.78,No,LL 2026-10-01T17:03:29.099Z; Square 2026-10-01T17:01:23.965Z
805889,805889,Dill,Camas Swale Farm,each,$2.80,$2.80,$3.02,,,None,Review,,"Common proposed price for existing customer lists, including SNAP; No approved Square match; Square price left blank",526947,526947,,$2.80,$3.02,No,LL 2026-10-01T17:03:29.099Z; Square 2026-10-01T17:01:23.965Z
995521,995521,Dried and cured Inchellium Garlic,Camas Swale Farm,lb,$11.20,$11.20,$12.10,,,None,Review,,"Common proposed price for existing customer lists, including SNAP; No approved Square match; Square price left blank",769835,769835,,$11.20,$12.10,No,LL 2026-10-01T17:03:29.099Z; Square 2026-10-01T17:01:23.965Z
812618,812618,Fresh Red Onion,Camas Swale Farm,pound,$2.24,$2.24,$2.42,,,None,Review,,"Common proposed price for existing customer lists, including SNAP; No approved Square match; Square price left blank",534486,534486,,$2.24,$2.42,No,LL 2026-10-01T17:03:29.099Z; Square 2026-10-01T17:01:23.965Z
897017,897017,Fresh Sweet Onion,Camas Swale Farm,pound,$2.03,$2.03,$2.19,,,None,Review,,"Common proposed price for existing customer lists, including SNAP; No approved Square match; Square price left blank",638087,638087,,$2.03,$2.19,No,LL 2026-10-01T17:03:29.099Z; Square 2026-10-01T17:01:23.965Z
805907,805907,Fresno Peppers,Camas Swale Farm,1 lb,$7.00,$7.75,$8.37,,,None,Review,,"Common proposed price for existing customer lists, including SNAP; Current list prices range $7.00–$7.75; baseline is Herd Share Members; Local calculation differs from Local Line; No approved Square match; Square price left blank",526965,526965,,$7.75,$8.37,Yes,LL 2026-10-01T17:03:29.099Z; Square 2026-10-01T17:01:23.965Z
805909,805909,Garlic Scapes,Camas Swale Farm,bunch,$3.50,$3.50,$3.78,,,None,Review,,"Common proposed price for existing customer lists, including SNAP; No approved Square match; Square price left blank",526967,526967,,$3.50,$3.78,No,LL 2026-10-01T17:03:29.099Z; Square 2026-10-01T17:01:23.965Z
805913,805913,Green Bell Pepper,Camas Swale Farm,1 lb,$3.50,$3.50,$3.78,,,None,Review,,"Common proposed price for existing customer lists, including SNAP; No approved Square match; Square price left blank",526971,526971,,$3.50,$3.78,Yes,LL 2026-10-01T17:03:29.099Z; Square 2026-10-01T17:01:23.965Z
882263,882263,Green garlic,Camas Swale Farm,bu,$3.29,$3.29,$3.55,,,None,Review,,"Common proposed price for existing customer lists, including SNAP; No approved Square match; Square price left blank",618950,618950,,$3.29,$3.55,No,LL 2026-10-01T17:03:29.099Z; Square 2026-10-01T17:01:23.965Z
913601,913601,Green Kabocha,Camas Swale Farm,ea,$5.60,$5.60,$6.05,,,None,Review,,"Common proposed price for existing customer lists, including SNAP; No approved Square match; Square price left blank",659131,659131,,$5.60,$6.05,No,LL 2026-10-01T17:03:29.099Z; Square 2026-10-01T17:01:23.965Z
805925,805925,Green Scallions,Camas Swale Farm,each,$2.80,$2.80,$3.02,,,None,Review,,"Common proposed price for existing customer lists, including SNAP; No approved Square match; Square price left blank",526985,526985,,$2.80,$3.02,No,LL 2026-10-01T17:03:29.099Z; Square 2026-10-01T17:01:23.965Z
805979,805979,Green Zucchini,Camas Swale Farm,1 lb,$2.80,$2.80,$3.02,,,None,Review,,"Common proposed price for existing customer lists, including SNAP; No approved Square match; Square price left blank",527039,527039,,$2.80,$3.02,No,LL 2026-10-01T17:03:29.099Z; Square 2026-10-01T17:01:23.965Z
805866,805866,Ho mi Zi (asian mustard heads),Camas Swale Farm,each,$2.80,$2.80,$3.02,,,None,Review,,"Common proposed price for existing customer lists, including SNAP; No approved Square match; Square price left blank",526924,526924,,$2.80,$3.02,No,LL 2026-10-01T17:03:29.099Z; Square 2026-10-01T17:01:23.965Z
825355,825355,Honeynut squash,Camas Swale Farm,ea,$4.20,$4.20,$4.54,,,None,Review,,"Common proposed price for existing customer lists, including SNAP; No approved Square match; Square price left blank",549276,549276,,$4.20,$4.54,No,LL 2026-10-01T17:03:29.099Z; Square 2026-10-01T17:01:23.965Z
805870,805870,Honeynut Squash,Camas Swale Farm,each,$4.55,$4.55,$4.91,,,None,Review,,"Common proposed price for existing customer lists, including SNAP; No approved Square match; Square price left blank",526928,526928,,$4.55,$4.91,No,LL 2026-10-01T17:03:29.099Z; Square 2026-10-01T17:01:23.965Z
906541,906541,Hot habanero,Camas Swale Farm,lb,$7.00,$7.00,$7.56,,,None,Review,,"Common proposed price for existing customer lists, including SNAP; No approved Square match; Square price left blank",650569,650569,,$7.00,$7.56,Yes,LL 2026-10-01T17:03:29.099Z; Square 2026-10-01T17:01:23.965Z
805957,805957,Italian (Dino) Kale,Camas Swale Farm,bu.,$2.66,$2.66,$2.87,,,None,Review,,"Common proposed price for existing customer lists, including SNAP; No approved Square match; Square price left blank",527017,527017,,$2.66,$2.87,No,LL 2026-10-01T17:03:29.099Z; Square 2026-10-01T17:01:23.965Z
1004983,1004983,Jimmy Nardello Peppers,Camas Swale Farm,1 lb,$8.40,$8.40,$9.07,,,None,Review,,"Common proposed price for existing customer lists, including SNAP; No approved Square match; Square price left blank",785191,785191,,$8.40,$9.07,No,LL 2026-10-01T17:03:29.099Z; Square 2026-10-01T17:01:23.965Z
1006110,1006110,Mild habanero,Camas Swale Farm,lb,$8.40,$8.40,$9.07,,,None,Review,,"Common proposed price for existing customer lists, including SNAP; No approved Square match; Square price left blank",786673,786673,,$8.40,$9.07,No,LL 2026-10-01T17:03:29.099Z; Square 2026-10-01T17:01:23.965Z
1001422,1001422,Natsu Cocoa watermelon,Camas Swale Farm,ea,$8.19,$8.19,$8.85,,,None,Review,,"Common proposed price for existing customer lists, including SNAP; No approved Square match; Square price left blank",778769,778769,,$8.19,$8.85,No,LL 2026-10-01T17:03:29.099Z; Square 2026-10-01T17:01:23.965Z
1125866,1125866,Orange Carrots,Camas Swale Farm,1 bunch,$3.50,$3.85,$4.16,,,None,Review,,"Common proposed price for existing customer lists, including SNAP; Local calculation differs from Local Line; No approved Square match; Square price left blank",958135,958135,,$3.85,$4.16,No,LL 2026-10-01T17:03:29.099Z; Square 2026-10-01T17:01:23.965Z
805887,805887,Padron Peppers,Camas Swale Farm,1 pt,$4.20,$4.20,$4.54,,,None,Review,,"Common proposed price for existing customer lists, including SNAP; No approved Square match; Square price left blank",526945,526945,,$4.20,$4.54,Yes,LL 2026-10-01T17:03:29.099Z; Square 2026-10-01T17:01:23.965Z
805978,805978,Parsley,Camas Swale Farm,each,$2.80,$2.80,$3.02,,,None,Review,,"Common proposed price for existing customer lists, including SNAP; No approved Square match; Square price left blank",527038,527038,,$2.80,$3.02,Yes,LL 2026-10-01T17:03:29.099Z; Square 2026-10-01T17:01:23.965Z
805892,805892,Pickling Cucumber,Camas Swale Farm,1 lb,$3.50,$3.50,$3.78,,,None,Review,,"Common proposed price for existing customer lists, including SNAP; No approved Square match; Square price left blank",526950,526950,,$3.50,$3.78,No,LL 2026-10-01T17:03:29.099Z; Square 2026-10-01T17:01:23.965Z
824215,824215,Purple curly kale,Camas Swale Farm,ea,$2.80,$2.80,$3.02,,,None,Review,,"Common proposed price for existing customer lists, including SNAP; No approved Square match; Square price left blank",547697,547697,,$2.80,$3.02,No,LL 2026-10-01T17:03:29.099Z; Square 2026-10-01T17:01:23.965Z
883818,883818,Rainbow Carrots,Camas Swale Farm,1 bunch,$3.50,$3.50,$3.78,,,None,Review,,"Common proposed price for existing customer lists, including SNAP; No approved Square match; Square price left blank",621070,621070,,$3.50,$3.78,No,LL 2026-10-01T17:03:29.099Z; Square 2026-10-01T17:01:23.965Z
1021692,1021692,Rainbow Chard,Camas Swale Farm,each,$3.50,$3.50,$3.78,,,None,Review,,"Common proposed price for existing customer lists, including SNAP; No approved Square match; Square price left blank",808786,808786,,$3.50,$3.78,Yes,LL 2026-10-01T17:03:29.099Z; Square 2026-10-01T17:01:23.965Z
874966,874966,Red Beets,Camas Swale Farm,1 bunch,$3.29,$3.29,$3.55,,,None,Review,,"Common proposed price for existing customer lists, including SNAP; No approved Square match; Square price left blank",609201,609201,,$3.29,$3.55,Yes,LL 2026-10-01T17:03:29.099Z; Square 2026-10-01T17:01:23.965Z
906542,906542,Red Bell Pepper,Camas Swale Farm,lb,$4.90,$4.90,$5.29,,,None,Review,,"Common proposed price for existing customer lists, including SNAP; No approved Square match; Square price left blank",650570,650570,,$4.90,$5.29,No,LL 2026-10-01T17:03:29.099Z; Square 2026-10-01T17:01:23.965Z
805920,805920,Red Bell Peppers,Camas Swale Farm,each,$7.70,$7.70,$8.32,,,None,Review,,"Common proposed price for existing customer lists, including SNAP; No approved Square match; Square price left blank",526980,526980,,$7.70,$8.32,No,LL 2026-10-01T17:03:29.099Z; Square 2026-10-01T17:01:23.965Z
915287,915287,Romanesco,Camas Swale Farm,1 lb,$3.50,$3.50,$3.78,,,None,Review,,"Common proposed price for existing customer lists, including SNAP; No approved Square match; Square price left blank",661221,661221,,$3.50,$3.78,No,LL 2026-10-01T17:03:29.099Z; Square 2026-10-01T17:01:23.965Z
972408,972408,Salanova Lettuce Mix,Camas Swale Farm,1/2 lb bag,$5.60,$5.60,$6.05,,,None,Review,,"Common proposed price for existing customer lists, including SNAP; No approved Square match; Square price left blank",736582,736582,,$5.60,$6.05,No,LL 2026-10-01T17:03:29.099Z; Square 2026-10-01T17:01:23.965Z
812653,812653,Santa Fe Peppers,Camas Swale Farm,pound,$7.00,$7.00,$7.56,,,None,Review,,"Common proposed price for existing customer lists, including SNAP; No approved Square match; Square price left blank",534521,534521,,$7.00,$7.56,No,LL 2026-10-01T17:03:29.099Z; Square 2026-10-01T17:01:23.965Z
899372,899372,Serrano pepper,Camas Swale Farm,1 lb,$5.60,$5.60,$6.05,,,None,Review,,"Common proposed price for existing customer lists, including SNAP; No approved Square match; Square price left blank",641156,641156,,$5.60,$6.05,No,LL 2026-10-01T17:03:29.099Z; Square 2026-10-01T17:01:23.965Z
805983,805983,Shishito Frying Pepper,Camas Swale Farm,each,$4.20,$4.20,$4.54,,,None,Review,,"Common proposed price for existing customer lists, including SNAP; No approved Square match; Square price left blank",527043,527043,,$4.20,$4.54,Yes,LL 2026-10-01T17:03:29.099Z; Square 2026-10-01T17:01:23.965Z
806009,806009,Slicer Cucumbers,Camas Swale Farm,1 lb,$2.80,$2.80,$3.02,,,None,Review,,"Common proposed price for existing customer lists, including SNAP; No approved Square match; Square price left blank",527069,527069,,$2.80,$3.02,No,LL 2026-10-01T17:03:29.099Z; Square 2026-10-01T17:01:23.965Z
973113,973113,Sugar Snap Peas,Camas Swale Farm,1/2 lb,$4.13,$4.13,$4.46,,,None,Review,,"Common proposed price for existing customer lists, including SNAP; No approved Square match; Square price left blank",737953,737953,,$4.13,$4.46,No,LL 2026-10-01T17:03:29.099Z; Square 2026-10-01T17:01:23.965Z
805954,805954,Sweet Italian Peppers,Camas Swale Farm,each,$4.69,$4.69,$5.07,,,None,Review,,"Common proposed price for existing customer lists, including SNAP; No approved Square match; Square price left blank",527014,527014,,$4.69,$5.07,No,LL 2026-10-01T17:03:29.099Z; Square 2026-10-01T17:01:23.965Z
805963,805963,Swiss Chard,Camas Swale Farm,each,$4.55,$4.55,$4.91,,,None,Review,,"Common proposed price for existing customer lists, including SNAP; No approved Square match; Square price left blank",527023,527023,,$4.55,$4.91,No,LL 2026-10-01T17:03:29.099Z; Square 2026-10-01T17:01:23.965Z
964205,964205,Tropea onion,Camas Swale Farm,bu,$3.29,$3.29,$3.55,,,None,Review,,"Common proposed price for existing customer lists, including SNAP; No approved Square match; Square price left blank",725640,725640,,$3.29,$3.55,No,LL 2026-10-01T17:03:29.099Z; Square 2026-10-01T17:01:23.965Z
911651,911651,"Catalan Paprika-Rubbed Cheese, 4.8-5.8 oz","Creamy Cow, LLC",4.8-5.8 oz,$12.57,$14.37,$15.52,,,None,Review,,"Common proposed price for existing customer lists, including SNAP; Local calculation differs from Local Line; No approved Square match; Square price left blank",656878,656878,,$14.37,$15.52,No,LL 2026-10-01T17:03:29.099Z; Square 2026-10-01T17:01:23.965Z
911647,911647,"Catalan Paprika-Rubbed Cheese, 5.9-6.9 oz","Creamy Cow, LLC",5.9-6.9 oz,$15.74,$17.98,$19.42,,,None,Review,,"Common proposed price for existing customer lists, including SNAP; Local calculation differs from Local Line; No approved Square match; Square price left blank",656874,656874,,$17.98,$19.42,No,LL 2026-10-01T17:03:29.099Z; Square 2026-10-01T17:01:23.965Z
911648,911648,"Catalan Paprika-Rubbed Cheese, 7-8 oz","Creamy Cow, LLC",7-8 oz,$16.58,$18.94,$20.46,,,None,Review,,"Common proposed price for existing customer lists, including SNAP; Local calculation differs from Local Line; No approved Square match; Square price left blank",656875,656875,,$18.94,$20.46,No,LL 2026-10-01T17:03:29.099Z; Square 2026-10-01T17:01:23.965Z
804350,804350,Creamy Cow (Raw Dairy) Add On,"Creamy Cow, LLC",Herd Share,$70.00,,,,,None,Hold,,No existing customer-list price; no proposed Local Line change; No approved Square match; Square price left blank,525025,525025,,,,Yes,LL 2026-10-01T17:03:29.099Z; Square 2026-10-01T17:01:23.965Z
1004516,1004516,"Gogo Gouda Cheese, 4 Month Aged, 4.8-5.8 oz","Creamy Cow, LLC",4.8-5.8oz,$12.57,$12.57,$13.58,,,None,Review,,"Common proposed price for existing customer lists, including SNAP; No approved Square match; Square price left blank",784551,784551,,$12.57,$13.58,No,LL 2026-10-01T17:03:29.099Z; Square 2026-10-01T17:01:23.965Z
957423,957423,"Gogo Gouda Cheese, 4 Month Aged, 5.9-6.9 oz","Creamy Cow, LLC",5.9 -6.9 oz,$15.74,$15.74,$17.00,,,None,Review,,"Common proposed price for existing customer lists, including SNAP; No approved Square match; Square price left blank",716436,716436,,$15.74,$17.00,No,LL 2026-10-01T17:03:29.099Z; Square 2026-10-01T17:01:23.965Z
957424,957424,"Gogo Gouda Cheese, 4 Month Aged, 7.0-8.0 oz","Creamy Cow, LLC",7.0-8.0 oz,$16.58,$16.58,$17.91,,,None,Review,,"Common proposed price for existing customer lists, including SNAP; No approved Square match; Square price left blank",716438,716438,,$16.58,$17.91,No,LL 2026-10-01T17:03:29.099Z; Square 2026-10-01T17:01:23.965Z
936388,936388,"Heidi of the Hills Cheese, 18 Month Aged,  4.8-5.8 oz","Creamy Cow, LLC",4.8-5.8 oz,$13.97,$13.97,$15.09,,,None,Review,,"Common proposed price for existing customer lists, including SNAP; No approved Square match; Square price left blank",689801,689801,,$13.97,$15.09,No,LL 2026-10-01T17:03:29.099Z; Square 2026-10-01T17:01:23.965Z
936387,936387,"Heidi of the Hills Cheese, 18 Month Aged,  5.9-6.9 oz","Creamy Cow, LLC",5.9-6.9 oz,$15.74,$15.74,$17.00,,,None,Review,,"Common proposed price for existing customer lists, including SNAP; No approved Square match; Square price left blank",689800,689800,,$15.74,$17.00,No,LL 2026-10-01T17:03:29.099Z; Square 2026-10-01T17:01:23.965Z
824228,824228,"Heidi of the Hills Cheese, 18 Month Aged, 7-8 oz","Creamy Cow, LLC",7-8oz,$18.17,$18.17,$19.62,,,None,Review,,"Common proposed price for existing customer lists, including SNAP; No approved Square match; Square price left blank",547711,547711,,$18.17,$19.62,No,LL 2026-10-01T17:03:29.099Z; Square 2026-10-01T17:01:23.965Z
805464,805464,"Henni Penni Hispanico Cheese, 4 Month Aged,  5.9-6.9 oz","Creamy Cow, LLC",5.9-6.9 oz,$15.74,$15.74,$17.00,,,None,Review,,"Common proposed price for existing customer lists, including SNAP; No approved Square match; Square price left blank",526468,526468,,$15.74,$17.00,No,LL 2026-10-01T17:03:29.099Z; Square 2026-10-01T17:01:23.965Z
842611,842611,"Henni Penni Hispanico Cheese, 4 Month Aged,  7-8 oz","Creamy Cow, LLC",7-8 oz,$16.58,$16.58,$17.91,,,None,Review,,"Common proposed price for existing customer lists, including SNAP; No approved Square match; Square price left blank",570582,570582,,$16.58,$17.91,No,LL 2026-10-01T17:03:29.099Z; Square 2026-10-01T17:01:23.965Z
866256,866256,"Henni Penni Hispanico Cheese, 4 Month Aged, 4.8-5.8 oz","Creamy Cow, LLC",4.8-5.8 oz,$12.57,$12.57,$13.58,,,None,Review,,"Common proposed price for existing customer lists, including SNAP; No approved Square match; Square price left blank",596901,596901,,$12.57,$13.58,No,LL 2026-10-01T17:03:29.099Z; Square 2026-10-01T17:01:23.965Z
1102434,1102434,"Henni Penni Hispanico Special 18 month Reserve, 4.8-5.8 oz","Creamy Cow, LLC",4.8-5.8 oz,$13.97,$15.97,$17.25,,,None,Review,,"Common proposed price for existing customer lists, including SNAP; Local calculation differs from Local Line; No approved Square match; Square price left blank",919410,919410,,$15.97,$17.25,No,LL 2026-10-01T17:03:29.099Z; Square 2026-10-01T17:01:23.965Z
1102435,1102435,"Henni Penni Hispanico Special 18 month Reserve, 5.9-6.9 oz","Creamy Cow, LLC",5.9-6.9 oz,$16.77,$19.17,$20.70,,,None,Review,,"Common proposed price for existing customer lists, including SNAP; Local calculation differs from Local Line; No approved Square match; Square price left blank",919411,919411,,$19.17,$20.70,No,LL 2026-10-01T17:03:29.099Z; Square 2026-10-01T17:01:23.965Z
1102436,1102436,"Henni Penni Hispanico Special 18 month Reserve, 7-8 oz","Creamy Cow, LLC",7-8 oz,$18.17,$20.77,$22.43,,,None,Review,,"Common proposed price for existing customer lists, including SNAP; Local calculation differs from Local Line; No approved Square match; Square price left blank",919412,919412,,$20.77,$22.43,No,LL 2026-10-01T17:03:29.099Z; Square 2026-10-01T17:01:23.965Z
1015821,1015821,Hestia Feta Cheese (4.8–5.8 oz),"Creamy Cow, LLC",4.8–5.8 oz,$10.23,$12.12,$13.09,,,None,Review,,"Common proposed price for existing customer lists, including SNAP; Local calculation differs from Local Line; No approved Square match; Square price left blank",800429,800429,,$12.12,$13.09,No,LL 2026-10-01T17:03:29.099Z; Square 2026-10-01T17:01:23.965Z
1015823,1015823,Hestia Feta Cheese (5.9–6.9 oz),"Creamy Cow, LLC",5.9–6.9 oz,$11.37,$13.46,$14.54,,,None,Review,,"Common proposed price for existing customer lists, including SNAP; Local calculation differs from Local Line; No approved Square match; Square price left blank",800431,800431,,$13.46,$14.54,No,LL 2026-10-01T17:03:29.099Z; Square 2026-10-01T17:01:23.965Z
805465,805465,"Live Culture Yogurt, 1 quart","Creamy Cow, LLC",1 quart,$14.00,$14.00,$15.12,,,None,Review,,"Common proposed price for existing customer lists, including SNAP; No approved Square match; Square price left blank",526469,526469,,$14.00,$15.12,Yes,LL 2026-10-01T17:03:29.099Z; Square 2026-10-01T17:01:23.965Z
990715,990715,"Live Culture Yogurt, 8oz","Creamy Cow, LLC",8 oz,$8.40,$8.40,$9.07,,,None,Review,,"Common proposed price for existing customer lists, including SNAP; No approved Square match; Square price left blank",762991,762991,,$8.40,$9.07,Yes,LL 2026-10-01T17:03:29.099Z; Square 2026-10-01T17:01:23.965Z
881794,881794,"Live Culture Yogurt, glass jar 1 pint","Creamy Cow, LLC",1 pint,$12.60,$14.94,$16.14,,,None,Review,,"Common proposed price for existing customer lists, including SNAP; Local calculation differs from Local Line; No approved Square match; Square price left blank",618310,618310,,$14.94,$16.14,Yes,LL 2026-10-01T17:03:29.099Z; Square 2026-10-01T17:01:23.965Z
836358,836358,"Lucianna Toma Rustica Cheese, 4 Month Aged, 4.8-5.8 oz","Creamy Cow, LLC",4.8-5.8 oz,$12.57,$12.57,$13.58,,,None,Review,,"Common proposed price for existing customer lists, including SNAP; No approved Square match; Square price left blank",562940,562940,,$12.57,$13.58,No,LL 2026-10-01T17:03:29.099Z; Square 2026-10-01T17:01:23.965Z
867239,867239,"Lucianna Toma Rustica Cheese, 4 Month Aged, 5.9-6.9 oz","Creamy Cow, LLC",5.9-6.9oz,$15.74,$15.74,$17.00,,,None,Review,,"Common proposed price for existing customer lists, including SNAP; No approved Square match; Square price left blank",598138,598138,,$15.74,$17.00,No,LL 2026-10-01T17:03:29.099Z; Square 2026-10-01T17:01:23.965Z
805466,805466,"Lucianna Toma Rustica Cheese, 4 Month Aged, 7-8 oz","Creamy Cow, LLC",7-8 oz,$16.58,$16.58,$17.91,,,None,Review,,"Common proposed price for existing customer lists, including SNAP; No approved Square match; Square price left blank",526471,526471,,$16.58,$17.91,No,LL 2026-10-01T17:03:29.099Z; Square 2026-10-01T17:01:23.965Z
1036758,1036758,"Ophelia Asiago Cheese  - Special 12 month Aged, 5.9-6.9 oz","Creamy Cow, LLC",5.9 -6.9oz,$16.77,$16.77,$18.11,,,None,Review,,"Common proposed price for existing customer lists, including SNAP; No approved Square match; Square price left blank",834422,834422,,$16.77,$18.11,No,LL 2026-10-01T17:03:29.099Z; Square 2026-10-01T17:01:23.965Z
1036759,1036759,"Ophelia Asiago Cheese  - Special 12 month Aged, 7-8 oz","Creamy Cow, LLC",7-8 oz,$18.17,$18.17,$19.62,,,None,Review,,"Common proposed price for existing customer lists, including SNAP; No approved Square match; Square price left blank",834423,834423,,$18.17,$19.62,No,LL 2026-10-01T17:03:29.099Z; Square 2026-10-01T17:01:23.965Z
805469,805469,"Ophelia Asiago Cheese - Special 12 month Aged, 4.8-5.8 oz","Creamy Cow, LLC",4.8-5.8 oz,$13.97,$13.97,$15.09,,,None,Review,,"Common proposed price for existing customer lists, including SNAP; No approved Square match; Square price left blank",526475,526475,,$13.97,$15.09,No,LL 2026-10-01T17:03:29.099Z; Square 2026-10-01T17:01:23.965Z
1102437,1102437,"Ophelia Asiago Cheese, 4 Month Aged, 4.8-5.8 oz","Creamy Cow, LLC",4.8-5.8 oz,$12.57,$12.57,$13.58,,,None,Review,,"Common proposed price for existing customer lists, including SNAP; No approved Square match; Square price left blank",919416,919416,,$12.57,$13.58,No,LL 2026-10-01T17:03:29.099Z; Square 2026-10-01T17:01:23.965Z
1102438,1102438,"Ophelia Asiago Cheese, 4 Month Aged, 5.9-6.9 oz","Creamy Cow, LLC",5.9 -6.9oz,$15.74,$15.74,$17.00,,,None,Review,,"Common proposed price for existing customer lists, including SNAP; No approved Square match; Square price left blank",919417,919417,,$15.74,$17.00,No,LL 2026-10-01T17:03:29.099Z; Square 2026-10-01T17:01:23.965Z
1102439,1102439,"Ophelia Asiago Cheese, 4 Month Aged, 7-8 oz","Creamy Cow, LLC",7-8 oz,$16.58,$16.58,$17.91,,,None,Review,,"Common proposed price for existing customer lists, including SNAP; No approved Square match; Square price left blank",919418,919418,,$16.58,$17.91,No,LL 2026-10-01T17:03:29.099Z; Square 2026-10-01T17:01:23.965Z
805461,805461,Raw A2/A2 Milk,"Creamy Cow, LLC",1/2 gallon,$21.00,$21.00,$22.68,,,None,Review,,"Common proposed price for existing customer lists, including SNAP; No approved Square match; Square price left blank",526465,526465,,$21.00,$22.68,Yes,LL 2026-10-01T17:03:29.099Z; Square 2026-10-01T17:01:23.965Z
805470,805470,Raw Cultured Butter,"Creamy Cow, LLC",0.5 lbs,$19.60,$19.60,$21.17,,,None,Review,,"Common proposed price for existing customer lists, including SNAP; No approved Square match; Square price left blank",526476,526476,,$19.60,$21.17,Yes,LL 2026-10-01T17:03:29.099Z; Square 2026-10-01T17:01:23.965Z
805471,805471,Raw Cultured Buttermilk,"Creamy Cow, LLC",1 quart,$15.40,$15.00,$16.20,,,None,Review,,"Common proposed price for existing customer lists, including SNAP; Local calculation differs from Local Line; No approved Square match; Square price left blank",526477,526477,,$15.00,$16.20,Yes,LL 2026-10-01T17:03:29.099Z; Square 2026-10-01T17:01:23.965Z
805472,805472,Raw Farmer's Cheese,"Creamy Cow, LLC",12 oz,$14.00,$14.00,$15.12,,,None,Review,,"Common proposed price for existing customer lists, including SNAP; No approved Square match; Square price left blank",526478,526478,,$14.00,$15.12,Yes,LL 2026-10-01T17:03:29.099Z; Square 2026-10-01T17:01:23.965Z
805473,805473,Raw Fresh Sweet Cream,"Creamy Cow, LLC",1 pint,$14.00,$14.00,$15.12,,,None,Review,,"Common proposed price for existing customer lists, including SNAP; No approved Square match; Square price left blank",526479,526479,,$14.00,$15.12,Yes,LL 2026-10-01T17:03:29.099Z; Square 2026-10-01T17:01:23.965Z
805474,805474,"Raw Fresh Whole Milk, 1/2 gallon","Creamy Cow, LLC",1/2 gallon,$14.00,$15.00,$16.20,,,None,Review,,"Common proposed price for existing customer lists, including SNAP; Local calculation differs from Local Line; No approved Square match; Square price left blank",526481,526481,,$15.00,$16.20,Yes,LL 2026-10-01T17:03:29.099Z; Square 2026-10-01T17:01:23.965Z
990712,990712,"Raw Fresh Whole Milk, 1/4 gallon","Creamy Cow, LLC",1/4 gallon,$8.40,$8.40,$9.07,,,None,Review,,"Common proposed price for existing customer lists, including SNAP; No approved Square match; Square price left blank",762988,762988,,$8.40,$9.07,Yes,LL 2026-10-01T17:03:29.099Z; Square 2026-10-01T17:01:23.965Z
805475,805475,Raw Sweet Cream Butter,"Creamy Cow, LLC",0.5 lbs,$16.80,$16.80,$18.14,,,None,Review,,"Common proposed price for existing customer lists, including SNAP; No approved Square match; Square price left blank",526482,526482,,$16.80,$18.14,Yes,LL 2026-10-01T17:03:29.099Z; Square 2026-10-01T17:01:23.965Z
805476,805476,Raw Whey,"Creamy Cow, LLC",1 quart,$9.80,$10.50,$11.34,,,None,Review,,"Common proposed price for existing customer lists, including SNAP; Local calculation differs from Local Line; No approved Square match; Square price left blank",526483,526483,,$10.50,$11.34,Yes,LL 2026-10-01T17:03:29.099Z; Square 2026-10-01T17:01:23.965Z
1023367,1023367,"Shredded Alpine Cheese Blend, 6oz","Creamy Cow, LLC",6 oz bag,$15.11,$17.26,$18.64,,,None,Review,,"Common proposed price for existing customer lists, including SNAP; Local calculation differs from Local Line; No approved Square match; Square price left blank",811274,811274,,$17.26,$18.64,No,LL 2026-10-01T17:03:29.099Z; Square 2026-10-01T17:01:23.965Z
805477,805477,Sour Cream,"Creamy Cow, LLC",package,$16.80,$16.80,$18.14,,,None,Review,,"Common proposed price for existing customer lists, including SNAP; No approved Square match; Square price left blank",526484,526484,,$16.80,$18.14,Yes,LL 2026-10-01T17:03:29.099Z; Square 2026-10-01T17:01:23.965Z
981122,981122,Creole Masala Spice Blend,Creole Me Up,3 oz jar,$9.59,$9.59,$10.36,,,None,Review,,"Common proposed price for existing customer lists, including SNAP; No approved Square match; Square price left blank",749359,749359,,$9.59,$10.36,No,LL 2026-10-01T17:03:29.099Z; Square 2026-10-01T17:01:23.965Z
957990,957990,"The ""Real Sassy"" Creole Spice Blend",Creole Me Up,3 oz jar,$9.45,$9.45,$10.21,,,None,Review,,"Common proposed price for existing customer lists, including SNAP; No approved Square match; Square price left blank",717429,717429,,$9.45,$10.21,No,LL 2026-10-01T17:03:29.099Z; Square 2026-10-01T17:01:23.965Z
981124,981124,"The ""Wanna Be Sassy"" Creole Spice Blend",Creole Me Up,3 oz jar,$9.65,$9.65,$10.42,,,None,Review,,"Common proposed price for existing customer lists, including SNAP; No approved Square match; Square price left blank",749361,749361,,$9.65,$10.42,No,LL 2026-10-01T17:03:29.099Z; Square 2026-10-01T17:01:23.965Z
1048784,1048784,1/2 Pork October Deposit,Deck Family Farm,ea,$200.00,$200.00,$200.00,,,None,No change,,Deposit: no change; retain zero markup; No approved Square match; Square price left blank,852413,852413,,$200.00,$200.00,Yes,LL 2026-10-01T17:03:29.099Z; Square 2026-10-01T17:01:23.965Z
1042497,1042497,1/2 Pork Side July Deposit (PickUp After July 20),Deck Family Farm,ea,$200.00,$200.00,$200.00,,,None,No change,,Deposit: no change; retain zero markup; No approved Square match; Square price left blank,844442,844442,,$200.00,$200.00,No,LL 2026-10-01T17:03:29.099Z; Square 2026-10-01T17:01:23.965Z
1048785,1048785,1/4 Beef Side July Deposit,Deck Family Farm,ea,$200.00,$200.00,$200.00,,,None,No change,,Deposit: no change; retain zero markup; No approved Square match; Square price left blank,852414,852414,,$200.00,$200.00,No,LL 2026-10-01T17:03:29.099Z; Square 2026-10-01T17:01:23.965Z
1032334,1032334,1/4 Beef Side October Deposit,Deck Family Farm,ea,$200.00,$200.00,$200.00,,,None,No change,,Deposit: no change; retain zero markup; No approved Square match; Square price left blank,827253,827253,,$200.00,$200.00,No,LL 2026-10-01T17:03:29.099Z; Square 2026-10-01T17:01:23.965Z
816242,816242,Baby Back Ribs,Deck Family Farm,0.90 - 1.50 lbs,$19.38,$19.38,$20.93,$18.00,$19.44,None,Review,,"Common proposed price for existing customer lists, including SNAP",538686,538686,LISW32VK23KXNB33ENFT477O,$19.38,$20.93,No,LL 2026-10-01T17:03:29.099Z; Square 2026-10-01T17:01:23.965Z
805653,805653,"Bacon Ends & Pieces, Pork",Deck Family Farm,8 oz,$9.86,$9.86,$10.65,$11.00,$11.88,None,Review,,"Common proposed price for existing customer lists, including SNAP",526706,526706,S3VRZSN4RMWEZYGOJPBD7E7A,$9.86,$10.65,Yes,LL 2026-10-01T17:03:29.099Z; Square 2026-10-01T17:01:23.965Z
805724,805724,"Bacon, Pork",Deck Family Farm,8 oz,$11.67,$11.67,$12.60,$13.00,$14.04,None,Review,,"Common proposed price for existing customer lists, including SNAP",526778,526778,LLQPAZZFUS4TG46PVVOW4P6T,$11.67,$12.60,Yes,LL 2026-10-01T17:03:29.099Z; Square 2026-10-01T17:01:23.965Z
1163728,1164235,Bavarian Style Grazier's Sausage,Deck Family Farm,ea,$8.97,$8.97,$9.69,$10.00,$10.80,None,Review,,"Common proposed price for existing customer lists, including SNAP",1011354,1012073,7NG2FP6SV5D3EJVLG4FEN34Q,$8.97,$9.69,Yes,LL 2026-10-01T17:03:29.099Z; Square 2026-10-01T17:01:23.965Z
960228,960228,Bavette Steak,Deck Family Farm,0.9 - 1.6 lbs,$29.15,$29.15,$31.48,$26.00,$28.08,None,Review,,"Common proposed price for existing customer lists, including SNAP",720358,720358,HY4IZXY6GM4AI6EC66ESAZK4,$29.15,$31.48,No,LL 2026-10-01T17:03:29.099Z; Square 2026-10-01T17:01:23.965Z
813072,813072,Beef Back Ribs,Deck Family Farm,2.00 - 3.00 lbs,$35.88,$35.88,$38.75,$16.50,$17.82,None,Review,,"Common proposed price for existing customer lists, including SNAP",535102,535102,ESFETJY6J3E3YNPYEUT3P4BJ,$35.88,$38.75,Yes,LL 2026-10-01T17:03:29.099Z; Square 2026-10-01T17:01:23.965Z
922135,922135,Beef Bones,Deck Family Farm,3.00 - 5.00 lbs,$9.86,$9.86,$10.65,$10.00,$10.80,None,Review,,"Common proposed price for existing customer lists, including SNAP",669030,669030,FO4U2WMBU6CNP3M4TJVGSCXJ,$9.86,$10.65,Yes,LL 2026-10-01T17:03:29.099Z; Square 2026-10-01T17:01:23.965Z
813075,813075,Beef Flat Iron Steak,Deck Family Farm,0.70 - 1.10 lbs,$20.98,$20.98,$22.66,$26.00,$28.08,None,Review,,"Common proposed price for existing customer lists, including SNAP",535105,535105,B6UDTUDPUQKV2THQ5PFPC6SZ,$20.98,$22.66,Yes,LL 2026-10-01T17:03:29.099Z; Square 2026-10-01T17:01:23.965Z
805660,805660,Beef Heart,Deck Family Farm,2.50 - 3.5 lbs,$25.56,$25.56,$27.60,$9.50,$10.26,None,Review,,"Common proposed price for existing customer lists, including SNAP",526713,526713,VMS35LF22K4ZIIQLENRZ562Y,$25.56,$27.60,Yes,LL 2026-10-01T17:03:29.099Z; Square 2026-10-01T17:01:23.965Z
825832,825832,Beef Kidney,Deck Family Farm,0.80 - 1.00 lbs,$12.12,$12.13,$13.10,$15.00,$16.20,None,Review,,"Common proposed price for existing customer lists, including SNAP",549811,549811,YZD2KCNWUJOWGWKFT7DCG42C,$12.13,$13.10,Yes,LL 2026-10-01T17:03:29.099Z; Square 2026-10-01T17:01:23.965Z
841579,841579,Beef Liver,Deck Family Farm,0.90 - 1.30 lbs,$14.80,$14.82,$16.01,$15.00,$16.20,None,Review,,"Common proposed price for existing customer lists, including SNAP",569100,569100,DPHMZXG5A3S4YOMA3V3FICUI,$14.82,$16.01,Yes,LL 2026-10-01T17:03:29.099Z; Square 2026-10-01T17:01:23.965Z
825834,825834,Beef Marrow Bones,Deck Family Farm,3.00 - 5.00 lbs,$13.46,$13.46,$14.54,$15.00,$16.20,None,Review,,"Common proposed price for existing customer lists, including SNAP",549813,549813,PJUREPBRNPEO4OGFFYYA7Q7Z,$13.46,$14.54,No,LL 2026-10-01T17:03:29.099Z; Square 2026-10-01T17:01:23.965Z
813076,813076,Beef Oxtail,Deck Family Farm,1.40 - 1.90 lbs,$19.24,$19.24,$20.78,$13.00,$14.04,None,Review,,"Common proposed price for existing customer lists, including SNAP",535106,535106,HKHJAL5T7IGLNBNP2SHGWFET,$19.24,$20.78,Yes,LL 2026-10-01T17:03:29.099Z; Square 2026-10-01T17:01:23.965Z
813071,813071,Beef Shank Osso Buco,Deck Family Farm,2.10 - 2.40 lbs,$39.36,$39.36,$42.51,$19.50,$21.06,None,Review,,"Common proposed price for existing customer lists, including SNAP",535101,535101,36KI54KEJJZP76I7I2AAQASZ,$39.36,$42.51,No,LL 2026-10-01T17:03:29.099Z; Square 2026-10-01T17:01:23.965Z
894281,894281,Beef Short Rib,Deck Family Farm,1.30 - 2.10 lbs,$29.73,$29.73,$32.11,$19.50,$21.06,None,Review,,"Common proposed price for existing customer lists, including SNAP",634544,634544,73CWJJUMSGTLRLWKCHTYZNCV,$29.73,$32.11,Yes,LL 2026-10-01T17:03:29.099Z; Square 2026-10-01T17:01:23.965Z
805667,805667,Beef Stew Meat,Deck Family Farm,1.1 - 1.3 lbs,$19.91,$19.91,$21.50,$18.50,$19.98,None,Review,,"Common proposed price for existing customer lists, including SNAP",526720,526720,VINTQXAU46GLF3MVILEBL2GN,$19.91,$21.50,Yes,LL 2026-10-01T17:03:29.099Z; Square 2026-10-01T17:01:23.965Z
813067,813067,Beef Tenderloin,Deck Family Farm,0.40 - 0.70 lbs,$21.21,$21.21,$22.91,$42.00,$45.36,None,Review,,"Common proposed price for existing customer lists, including SNAP",535097,535097,QGDFUX4RZYYUBRYCXCW2ZW4O,$21.21,$22.91,Yes,LL 2026-10-01T17:03:29.099Z; Square 2026-10-01T17:01:23.965Z
825833,825833,Beef Tongue,Deck Family Farm,2.50 - 3.00 lbs,$23.44,$23.44,$25.32,$9.50,$10.26,None,Review,,"Common proposed price for existing customer lists, including SNAP",549812,549812,XLUIITLT42YYIEAIIQMM43SU,$23.44,$25.32,Yes,LL 2026-10-01T17:03:29.099Z; Square 2026-10-01T17:01:23.965Z
869027,869027,Beef Tri-Tip,Deck Family Farm,1.90 - 2.20 lbs,$38.62,$38.62,$41.71,$21.00,$22.68,None,Review,,"Common proposed price for existing customer lists, including SNAP",600217,600217,MG34WSHAPYGTK5C2F7WJY7HH,$38.62,$41.71,No,LL 2026-10-01T17:03:29.099Z; Square 2026-10-01T17:01:23.965Z
813084,813084,Bratwurst,Deck Family Farm,12 oz,$17.49,$17.49,$18.89,$19.50,$21.06,None,Review,,"Common proposed price for existing customer lists, including SNAP",535115,535115,JL4WOYSE5LX75MYTNGRJEU24,$17.49,$18.89,Yes,LL 2026-10-01T17:03:29.099Z; Square 2026-10-01T17:01:23.965Z
856878,856878,"Brisket, Large",Deck Family Farm,"Large, 4.00 - 5.00 lbs",$64.59,$64.59,$69.76,$16.00,$17.28,None,Review,,"Common proposed price for existing customer lists, including SNAP",677923,677923,25JLU7YR4FTI4NFNKZXTZKY6,$64.59,$69.76,No,LL 2026-10-01T17:03:29.099Z; Square 2026-10-01T17:01:23.965Z
941001,941001,"Brisket, Medium",Deck Family Farm,"Medium, 3.00 - 3.99 lbs",$53.30,$53.30,$57.56,$17.00,$18.36,None,Review,,"Common proposed price for existing customer lists, including SNAP",694997,694997,SLLB3I6MS6L2ENNMOZZ3X3QK,$53.30,$57.56,Yes,LL 2026-10-01T17:03:29.099Z; Square 2026-10-01T17:01:23.965Z
941002,941002,"Brisket, Small",Deck Family Farm,"Small, 2.30 - 2.99 lbs",$42.71,$42.71,$46.13,,,None,Review,,"Common proposed price for existing customer lists, including SNAP; No approved Square match; Square price left blank",694998,694998,,$42.71,$46.13,Yes,LL 2026-10-01T17:03:29.099Z; Square 2026-10-01T17:01:23.965Z
910774,910774,"Broad Breasted White Thanksgiving Turkeys, Medium",Deck Family Farm,12.01 - 14.00  lbs,$103.16,$103.16,$111.41,$115.00,$124.20,None,Review,,"Common proposed price for existing customer lists, including SNAP",655862,655862,ACSBCUQ54CQ6XNUJQYH6VREQ,$103.16,$111.41,Yes,LL 2026-10-01T17:03:29.099Z; Square 2026-10-01T17:01:23.965Z
910775,910775,"Broad Breasted White Turkeys, Large",Deck Family Farm,14.01 - 16.00 lbs,$116.61,$116.61,$125.94,,,None,Review,,"Common proposed price for existing customer lists, including SNAP; No approved Square match; Square price left blank",655863,655863,,$116.61,$125.94,Yes,LL 2026-10-01T17:03:29.099Z; Square 2026-10-01T17:01:23.965Z
1008413,1008413,"Broad Breasted White Turkeys, Small",Deck Family Farm,9 - 12  lbs,$85.21,$85.21,$92.03,,,None,Review,,"Common proposed price for existing customer lists, including SNAP; No approved Square match; Square price left blank",789842,789842,,$85.21,$92.03,Yes,LL 2026-10-01T17:03:29.099Z; Square 2026-10-01T17:01:23.965Z
813079,813079,"Chicken Feet, 1lb bag",Deck Family Farm,1 lb bag,$8.52,$8.52,$9.20,,,None,Review,,"Common proposed price for existing customer lists, including SNAP; No approved Square match; Square price left blank",642344,642344,,$8.52,$9.20,Yes,LL 2026-10-01T17:03:29.099Z; Square 2026-10-01T17:01:23.965Z
818959,818959,Chicken Gizzards,Deck Family Farm,1/2 lb pk,$10.77,$10.77,$11.63,,,None,Review,,"Common proposed price for existing customer lists, including SNAP; No approved Square match; Square price left blank",541749,541749,,$10.77,$11.63,No,LL 2026-10-01T17:03:29.099Z; Square 2026-10-01T17:01:23.965Z
818957,818957,Chicken Hearts,Deck Family Farm,1/2 lb bag,$8.52,$8.53,$9.21,,,None,Review,,"Common proposed price for existing customer lists, including SNAP; No approved Square match; Square price left blank",541747,541747,,$8.53,$9.21,Yes,LL 2026-10-01T17:03:29.099Z; Square 2026-10-01T17:01:23.965Z
805677,805677,Chicken Liver,Deck Family Farm,1/2 lb bag,$8.52,$8.52,$9.20,,,None,Review,,"Common proposed price for existing customer lists, including SNAP; No approved Square match; Square price left blank",526730,526730,,$8.52,$9.20,Yes,LL 2026-10-01T17:03:29.099Z; Square 2026-10-01T17:01:23.965Z
805669,805669,"Chicken Part, Breast, Bone-In",Deck Family Farm,1.30 - 1.70 lbs,$16.14,$16.14,$17.43,$12.00,$12.96,None,Review,,"Common proposed price for existing customer lists, including SNAP",526722,526722,GWUVAKYUHDRBOBPDJH3UHMYW,$16.14,$17.43,Yes,LL 2026-10-01T17:03:29.099Z; Square 2026-10-01T17:01:23.965Z
805676,805676,"Chicken Part, Hindquarter",Deck Family Farm,1.00 - 1.50 lbs,$13.46,$13.46,$14.54,,,None,Review,,"Common proposed price for existing customer lists, including SNAP; No approved Square match; Square price left blank",526729,526729,,$13.46,$14.54,Yes,LL 2026-10-01T17:03:29.099Z; Square 2026-10-01T17:01:23.965Z
805679,805679,"Chicken Part, Wings",Deck Family Farm,1.50 - 2.00,$18.84,$18.84,$20.35,,,None,Review,,"Common proposed price for existing customer lists, including SNAP; No approved Square match; Square price left blank",526732,526732,,$18.84,$20.35,Yes,LL 2026-10-01T17:03:29.099Z; Square 2026-10-01T17:01:23.965Z
805658,805658,Chuck roast,Deck Family Farm,2.30 - 2.90 lbs,$37.31,$37.31,$40.29,$16.00,$17.28,None,Review,,"Common proposed price for existing customer lists, including SNAP",526711,526711,7JHSSGCRX4A6VQ5CHHLSB7J5,$37.31,$40.29,Yes,LL 2026-10-01T17:03:29.099Z; Square 2026-10-01T17:01:23.965Z
805673,805673,"Cornish Roasting Chicken, Extra Large",Deck Family Farm,"Extra Large, 5.00 - 6.00 lbs",$39.46,$35.52,$38.36,,,10% — retained,Review,,"Common proposed price for existing customer lists, including SNAP; Local calculation differs from Local Line; Retain active Local Line sale; local sale flag differs; No approved Square match; Square price left blank",608372,608372,,$39.46,$42.62,No,LL 2026-10-01T17:03:29.099Z; Square 2026-10-01T17:01:23.965Z
953035,953035,"Cornish Roasting Chicken, Large",Deck Family Farm,"Large, 4.21 - 4.99 lbs",$35.07,$31.56,$34.08,,,10% — retained,Review,,"Common proposed price for existing customer lists, including SNAP; Local calculation differs from Local Line; Retain active Local Line sale; local sale flag differs; No approved Square match; Square price left blank",710619,710619,,$35.07,$37.88,No,LL 2026-10-01T17:03:29.099Z; Square 2026-10-01T17:01:23.965Z
953036,953036,"Cornish Roasting Chicken, Medium",Deck Family Farm,"Medium, 3.20 - 4.20 lbs",$26.88,$26.88,$29.03,,,10% — retained,Review,,"Common proposed price for existing customer lists, including SNAP; No approved Square match; Square price left blank",710620,710620,,$29.87,$32.26,Yes,LL 2026-10-01T17:03:29.099Z; Square 2026-10-01T17:01:23.965Z
953039,953039,"Cornish Roasting Chicken, Small",Deck Family Farm,"Small, 2.50 - 3.19 lbs",$24.25,$21.82,$23.57,,,10% — retained,Review,,"Common proposed price for existing customer lists, including SNAP; Local calculation differs from Local Line; Retain active Local Line sale; local sale flag differs; No approved Square match; Square price left blank",710624,710624,,$24.25,$26.19,No,LL 2026-10-01T17:03:29.099Z; Square 2026-10-01T17:01:23.965Z
813086,813086,"Country Sausage, Bulk",Deck Family Farm,12 oz,$13.91,$13.91,$15.02,$15.50,$16.74,None,Review,,"Common proposed price for existing customer lists, including SNAP",535117,535117,SM7UBX6YKK2EZJJFACUYR5P6,$13.91,$15.02,Yes,LL 2026-10-01T17:03:29.099Z; Square 2026-10-01T17:01:23.965Z
1163732,1164545,CRX Drumsticks,Deck Family Farm,ea,$13.46,$13.46,$14.54,,,None,Review,,"Common proposed price for existing customer lists, including SNAP; No approved Square match; Square price left blank",1011358,1012456,,$13.46,$14.54,Yes,LL 2026-10-01T17:03:29.099Z; Square 2026-10-01T17:01:23.965Z
1163731,1164544,CRX Thighs,Deck Family Farm,1.00 - 1.50 lbs,$13.46,$13.46,$14.54,,,None,Review,,"Common proposed price for existing customer lists, including SNAP; No approved Square match; Square price left blank",1011357,1012455,,$13.46,$14.54,No,LL 2026-10-01T17:03:29.099Z; Square 2026-10-01T17:01:23.965Z
813074,813074,Flank Steak,Deck Family Farm,1.10 - 1.40 lbs,$29.15,$29.15,$31.48,$26.00,$28.08,None,Review,,"Common proposed price for existing customer lists, including SNAP",535104,535104,CH2P36B35NEX5GQB24N6TQ6Y,$29.15,$31.48,No,LL 2026-10-01T17:03:29.099Z; Square 2026-10-01T17:01:23.965Z
805686,805686,Fresh Garlic Sausage Links,Deck Family Farm,12 oz,$17.49,$17.49,$18.89,,,None,Review,,"Common proposed price for existing customer lists, including SNAP; No approved Square match; Square price left blank",526739,526739,,$17.49,$18.89,Yes,LL 2026-10-01T17:03:29.099Z; Square 2026-10-01T17:01:23.965Z
813092,813092,Ground Lamb,Deck Family Farm,1.00 lbs,$15.25,$15.25,$16.47,$17.00,$18.36,None,Review,,"Common proposed price for existing customer lists, including SNAP",535123,535123,I4326UJUHXDELAFK7M2BZ4Z6,$15.25,$16.47,No,LL 2026-10-01T17:03:29.099Z; Square 2026-10-01T17:01:23.965Z
805691,805691,Ground Pork,Deck Family Farm,1.00 lbs,$8.61,$8.61,$9.30,$9.60,$10.37,20% — retained,Review,,"Common proposed price for existing customer lists, including SNAP",526744,526744,ATTBVR3RYMNJXCOHHWZ7LUE7,$10.76,$11.62,Yes,LL 2026-10-01T17:03:29.099Z; Square 2026-10-01T17:01:23.965Z
805664,805664,Hamburger Patties,Deck Family Farm,1.00 lbs,$13.91,$13.91,$15.02,$15.50,$16.74,None,Review,,"Common proposed price for existing customer lists, including SNAP",526717,526717,T5CTPJKL4O3BTPFAD4IEBOYY,$13.91,$15.02,No,LL 2026-10-01T17:03:29.099Z; Square 2026-10-01T17:01:23.965Z
825830,825830,Hanger Steak,Deck Family Farm,0.40 - 0.70 lbs,$12.83,$12.83,$13.86,$26.00,$28.08,None,Review,,"Common proposed price for existing customer lists, including SNAP",568280,568280,U2RS4TBUI2S7DJ6NO2O665TI,$12.83,$13.86,No,LL 2026-10-01T17:03:29.099Z; Square 2026-10-01T17:01:23.965Z
1008414,1008414,"Heritage Thanksgiving Turkey, Small",Deck Family Farm,9 - 12  lbs,$94.19,$94.19,$101.73,,,None,Review,,"Common proposed price for existing customer lists, including SNAP; No approved Square match; Square price left blank",789843,789843,,$94.19,$101.73,Yes,LL 2026-10-01T17:03:29.099Z; Square 2026-10-01T17:01:23.965Z
816472,816472,"Heritage Turkeys, Large",Deck Family Farm,14.01 - 16.00  lbs,$125.58,$125.58,$135.63,,,None,Review,,"Common proposed price for existing customer lists, including SNAP; No approved Square match; Square price left blank",538956,538956,,$125.58,$135.63,No,LL 2026-10-01T17:03:29.099Z; Square 2026-10-01T17:01:23.965Z
910776,910776,"Heritage Turkeys, Medium",Deck Family Farm,12.01 - 14.00 lbs,$112.12,$112.12,$121.09,,,None,Review,,"Common proposed price for existing customer lists, including SNAP; No approved Square match; Square price left blank",655864,655864,,$112.12,$121.09,Yes,LL 2026-10-01T17:03:29.099Z; Square 2026-10-01T17:01:23.965Z
921372,921372,"Honey Maple Ham, Ends & Pieces",Deck Family Farm,8 oz,$12.93,$10.76,$11.62,,,None,Review,,"Common proposed price for existing customer lists, including SNAP; Current list prices range $10.76–$12.01; baseline is Herd Share Members; Local calculation differs from Local Line; No approved Square match; Square price left blank",667825,667825,,$10.76,$11.62,No,LL 2026-10-01T17:03:29.099Z; Square 2026-10-01T17:01:23.965Z
805693,805693,"Honey Maple Ham, Sliced",Deck Family Farm,8 oz,$17.49,$17.49,$18.89,,,None,Review,,"Common proposed price for existing customer lists, including SNAP; No approved Square match; Square price left blank",526746,526746,,$17.49,$18.89,No,LL 2026-10-01T17:03:29.099Z; Square 2026-10-01T17:01:23.965Z
806151,806151,"Honey, Bulk Raw",Deck Family Farm,4 gallon,$406.06,$406.06,$438.54,,,None,Review,,"Common proposed price for existing customer lists, including SNAP; No approved Square match; Square price left blank",527216,527216,,$406.06,$438.54,Yes,LL 2026-10-01T17:03:29.099Z; Square 2026-10-01T17:01:23.965Z
805701,805701,Korean Style Beef Ribs,Deck Family Farm,1.20 - 1.40 lbs,$22.74,$22.74,$24.56,$19.50,$21.06,None,Review,,"Common proposed price for existing customer lists, including SNAP",526754,526754,MVFD66GNBFVK6CV4WF46J4JY,$22.74,$24.56,No,LL 2026-10-01T17:03:29.099Z; Square 2026-10-01T17:01:23.965Z
825835,825835,Lamb Bones,Deck Family Farm,3.00 - 5.00 lbs,$8.97,$8.97,$9.69,$2.50,$2.70,None,Review,,"Common proposed price for existing customer lists, including SNAP",549814,549814,GLJBCAFOB4EJTMLFCS5WRPTN,$8.97,$9.69,No,LL 2026-10-01T17:03:29.099Z; Square 2026-10-01T17:01:23.965Z
922133,922133,"Lamb Chops, 2 pack",Deck Family Farm,"2 pack, 0.70 - 1.10 lbs",$16.96,$16.96,$18.32,$21.00,$22.68,None,Review,,"Common proposed price for existing customer lists, including SNAP",669028,669028,SBF426S4VJ72E7QUX6ORWUAU,$16.96,$18.32,Yes,LL 2026-10-01T17:03:29.099Z; Square 2026-10-01T17:01:23.965Z
913064,913064,"Lamb Chops, 4 pack",Deck Family Farm,"4 pack, 1.1 - 1.50 lbs",$32.97,$29.67,$32.04,,,10% — retained,Review,,"Common proposed price for existing customer lists, including SNAP; Local calculation differs from Local Line; Retain active Local Line sale; local sale flag differs; No approved Square match; Square price left blank",658487,658487,,$32.97,$35.61,No,LL 2026-10-01T17:03:29.099Z; Square 2026-10-01T17:01:23.965Z
882704,882704,Lamb Garlic Sausage,Deck Family Farm,12 oz,$19.29,$19.29,$20.83,,,None,Review,,"Common proposed price for existing customer lists, including SNAP; No approved Square match; Square price left blank",619456,619456,,$19.29,$20.83,No,LL 2026-10-01T17:03:29.099Z; Square 2026-10-01T17:01:23.965Z
939774,939774,Lamb Heart,Deck Family Farm,"2 pack, 0.8 - 1.1 lbs",$8.09,$8.09,$8.74,$9.50,$10.26,None,Review,,"Common proposed price for existing customer lists, including SNAP",693441,693441,RKGYVDNZTZAFRMSTU24YL4KU,$8.09,$8.74,No,LL 2026-10-01T17:03:29.099Z; Square 2026-10-01T17:01:23.965Z
825839,825839,Lamb Kabob,Deck Family Farm,1.1 - 1.35,$23.62,$23.62,$25.51,$21.50,$23.22,None,Review,,"Common proposed price for existing customer lists, including SNAP",549818,549818,3XPZAKU4J3TIKCYIMUP43TWZ,$23.62,$25.51,No,LL 2026-10-01T17:03:29.099Z; Square 2026-10-01T17:01:23.965Z
805703,805703,Lamb Neck Slices,Deck Family Farm,1.10 - 1.50 lbs,$18.08,$18.08,$19.53,$21.50,$23.22,None,Review,,"Common proposed price for existing customer lists, including SNAP",526756,526756,TZTMDSMJTAGOJCQF46SKBXMR,$18.08,$19.53,No,LL 2026-10-01T17:03:29.099Z; Square 2026-10-01T17:01:23.965Z
825840,825840,Lamb Shank Osso Buco,Deck Family Farm,1.10 - 1.40 lbs,$15.70,$15.70,$16.96,$14.00,$15.12,None,Review,,"Common proposed price for existing customer lists, including SNAP",549819,549819,HKPTHCXRUEDJY6C2VGFXW3GJ,$15.70,$16.96,No,LL 2026-10-01T17:03:29.099Z; Square 2026-10-01T17:01:23.965Z
805710,805710,"Lamb Shank, Whole",Deck Family Farm,2.00 - 2.50 lbs,$24.21,$24.21,$26.15,$12.00,$12.96,None,Review,,"Common proposed price for existing customer lists, including SNAP",526763,526763,B3RFRXZ5A7OE2QMW7HARI2KP,$24.21,$26.15,No,LL 2026-10-01T17:03:29.099Z; Square 2026-10-01T17:01:23.965Z
805711,805711,Lamb Shoulder Roast,Deck Family Farm,2.30 - 2.70 lbs,$44.85,$44.85,$48.44,$20.00,$21.60,None,Review,,"Common proposed price for existing customer lists, including SNAP",526764,526764,7GPYF465GTEEMVHTQLHJIN2Q,$44.85,$48.44,Yes,LL 2026-10-01T17:03:29.099Z; Square 2026-10-01T17:01:23.965Z
805712,805712,Lamb Stew,Deck Family Farm,0.90 - 1.10 lbs,$19.29,$19.29,$20.83,$21.50,$23.22,None,Review,,"Common proposed price for existing customer lists, including SNAP",526765,526765,UXP7TNX3XOY2T2HG5MWDTU5A,$19.29,$20.83,No,LL 2026-10-01T17:03:29.099Z; Square 2026-10-01T17:01:23.965Z
963826,963826,Lamb Sundried Tomato Basil Sausage,Deck Family Farm,12 oz,$19.29,$19.29,$20.83,$21.50,$23.22,None,Review,,"Common proposed price for existing customer lists, including SNAP",724882,724882,PCIAN5L2GXDTCDITJYCQPL3S,$19.29,$20.83,Yes,LL 2026-10-01T17:03:29.099Z; Square 2026-10-01T17:01:23.965Z
805713,805713,"Landjaeger Jerky, 3 pack",Deck Family Farm,3 oz,$14.80,$14.80,$15.98,$16.50,$17.82,None,Review,,"Common proposed price for existing customer lists, including SNAP",526766,526766,TEZ2TYOGPELCZV5Z76SLIUQO,$14.80,$15.98,Yes,LL 2026-10-01T17:03:29.099Z; Square 2026-10-01T17:01:23.965Z
805688,805688,Natural Ground Beef,Deck Family Farm,1 lbs,$10.76,$10.76,$11.62,$12.00,$12.96,None,Review,,"Common proposed price for existing customer lists, including SNAP",526741,526741,ZJ5C7CRZQNREBLA2VWZU733H,$10.76,$11.62,Yes,LL 2026-10-01T17:03:29.099Z; Square 2026-10-01T17:01:23.965Z
805716,805716,New York Steak,Deck Family Farm,0.50 - 0.90 lbs,$23.24,$23.24,$25.10,$37.00,$39.96,None,Review,,"Common proposed price for existing customer lists, including SNAP",526769,526769,DR6FL7HZECDHPLKVARMFC5ZP,$23.24,$25.10,Yes,LL 2026-10-01T17:03:29.099Z; Square 2026-10-01T17:01:23.965Z
1131922,1132533,Old World Style Hot Dogs,Deck Family Farm,ea,$17.49,$17.49,$18.89,,,None,Review,,"Common proposed price for existing customer lists, including SNAP; No approved Square match; Square price left blank",966337,967227,,$17.49,$18.89,Yes,LL 2026-10-01T17:03:29.099Z; Square 2026-10-01T17:01:23.965Z
827440,827440,Olympia Provisions Frankfurter,Deck Family Farm,12 oz,$17.93,$17.93,$19.36,$20.00,$21.60,None,Review,,"Common proposed price for existing customer lists, including SNAP",551690,551690,VMFVU6NDPXNNERM3NDFILLLQ,$17.93,$19.36,No,LL 2026-10-01T17:03:29.099Z; Square 2026-10-01T17:01:23.965Z
901753,901753,Olympia Provisions Saucisson D'Arles Salami,Deck Family Farm,4.5 oz,$13.46,$13.46,$14.54,$15.00,$16.20,None,Review,,"Common proposed price for existing customer lists, including SNAP",644080,644080,JRXWL5BZVA7NYHYPW3CF7KDE,$13.46,$14.54,Yes,LL 2026-10-01T17:03:29.099Z; Square 2026-10-01T17:01:23.965Z
859028,859028,"Olympia Provisions, Dog Treats",Deck Family Farm,5 oz,$16.14,$16.14,$17.43,$18.00,$19.44,None,Review,,"Common proposed price for existing customer lists, including SNAP",588612,588612,7ONA7WTZJVR2U67PQAQ3GHDS,$16.14,$17.43,Yes,LL 2026-10-01T17:03:29.099Z; Square 2026-10-01T17:01:23.965Z
805675,805675,"Olympia Provisions, Rosette D'Oregon Salami",Deck Family Farm,4.5 oz,$17.93,$17.93,$19.36,$20.00,$21.60,None,Review,,"Common proposed price for existing customer lists, including SNAP",526728,526728,TFCA4G67CDKQ7QANG6E2EUYG,$17.93,$19.36,No,LL 2026-10-01T17:03:29.099Z; Square 2026-10-01T17:01:23.965Z
805689,805689,Organic Ground Beef,Deck Family Farm,1 lbs,$12.56,$12.56,$13.56,$14.00,$15.12,None,Review,,"Common proposed price for existing customer lists, including SNAP",526742,526742,6DJNVCZ3SEZG7PYWKJED3HZJ,$12.56,$13.56,Yes,LL 2026-10-01T17:03:29.099Z; Square 2026-10-01T17:01:23.965Z
941005,941005,"Organic Pasture Raised Chicken Eggs, 1 dozen",Deck Family Farm,1 dozen,$10.76,$10.76,$11.62,$12.00,$12.96,None,Review,,"Common proposed price for existing customer lists, including SNAP",695001,695001,C4BHMDGUH33BFC5C7DTOMRN2,$10.76,$11.62,Yes,LL 2026-10-01T17:03:29.099Z; Square 2026-10-01T17:01:23.965Z
805459,805459,"Organic Pasture Raised Chicken Eggs, 1/2 dozen",Deck Family Farm,1/2 dozen,$6.28,$6.28,$6.78,$7.00,$7.56,None,Review,,"Common proposed price for existing customer lists, including SNAP",600222,600222,WMQYKADWBE26JTN7VMEISO5L,$6.28,$6.78,Yes,LL 2026-10-01T17:03:29.099Z; Square 2026-10-01T17:01:23.965Z
921373,921373,"Pastrami, Ends & Pieces",Deck Family Farm,8 oz,$12.93,$12.93,$13.96,,,None,Review,,"Common proposed price for existing customer lists, including SNAP; No approved Square match; Square price left blank",667826,667826,,$12.93,$13.96,No,LL 2026-10-01T17:03:29.099Z; Square 2026-10-01T17:01:23.965Z
805719,805719,"Pastrami, Sliced",Deck Family Farm,8 oz,$17.93,$17.93,$19.36,$20.00,$21.60,None,Review,,"Common proposed price for existing customer lists, including SNAP",526772,526772,HGB7UEJ7Z7FWXTD33M6L3J2Z,$17.93,$19.36,Yes,LL 2026-10-01T17:03:29.099Z; Square 2026-10-01T17:01:23.965Z
805720,805720,Peppered Knife Cut Beef Jerky,Deck Family Farm,3 oz,$16.14,$16.14,$17.43,$18.00,$19.44,None,Review,,"Common proposed price for existing customer lists, including SNAP",526773,526773,567FGAI43XNCIV55IV2AJWSD,$16.14,$17.43,Yes,LL 2026-10-01T17:03:29.099Z; Square 2026-10-01T17:01:23.965Z
805721,805721,Pepperoni stick,Deck Family Farm,6 oz,$17.93,$17.93,$19.36,$2.00,$2.16,None,Review,,"Common proposed price for existing customer lists, including SNAP",526775,526775,YZYUYQR4AIXIY3KRKGCSBKBA,$17.93,$19.36,No,LL 2026-10-01T17:03:29.099Z; Square 2026-10-01T17:01:23.965Z
813080,813080,"Pet Food, Organ Blend",Deck Family Farm,1.00 lbs,$10.76,$10.76,$11.62,$12.00,$12.96,None,Review,,"Common proposed price for existing customer lists, including SNAP",535111,535111,U3KGBMTUXU63EPJN6A2CITXP,$10.76,$11.62,Yes,LL 2026-10-01T17:03:29.099Z; Square 2026-10-01T17:01:23.965Z
805682,805682,Polish Kielbasa,Deck Family Farm,12 oz,$17.49,$17.49,$18.89,$19.50,$21.06,None,Review,,"Common proposed price for existing customer lists, including SNAP",526735,526735,HHOQSQYLPYEQC43R7E77SDNR,$17.49,$18.89,No,LL 2026-10-01T17:03:29.099Z; Square 2026-10-01T17:01:23.965Z
813078,813078,Pork Bones,Deck Family Farm,3.00 - 5.00 lbs,$8.97,$8.97,$9.69,$2.50,$2.70,None,Review,,"Common proposed price for existing customer lists, including SNAP",535108,535108,4Q3SG46WA27GRXGSATR4ZWCY,$8.97,$9.69,Yes,LL 2026-10-01T17:03:29.099Z; Square 2026-10-01T17:01:23.965Z
805652,805652,"Pork Chop, Bone-in",Deck Family Farm,1.20 - 1.50 lbs,$19.38,$19.38,$20.93,,,None,Review,,"Common proposed price for existing customer lists, including SNAP; No approved Square match; Square price left blank",526705,526705,,$19.38,$20.93,No,LL 2026-10-01T17:03:29.099Z; Square 2026-10-01T17:01:23.965Z
832792,832792,"Pork Chop, Boneless",Deck Family Farm,1.20 - 1.50 lbs,$21.79,$21.79,$23.53,,,None,Review,,"Common proposed price for existing customer lists, including SNAP; No approved Square match; Square price left blank",558509,558509,,$21.79,$23.53,Yes,LL 2026-10-01T17:03:29.099Z; Square 2026-10-01T17:01:23.965Z
861798,861798,Pork Shank,Deck Family Farm,2.40 - 3.10 lbs,$41.93,$41.93,$45.28,$17.00,$18.36,None,Review,,"Common proposed price for existing customer lists, including SNAP",591682,591682,U6KFVHFNWEC2MTLAJWRHOVMW,$41.93,$45.28,Yes,LL 2026-10-01T17:03:29.099Z; Square 2026-10-01T17:01:23.965Z
940995,940995,"Pork Shoulder Roast, Large",Deck Family Farm,"Large, 2.80 - 3.50 lbs",$50.87,$50.87,$54.94,$18.00,$19.44,None,Review,,"Common proposed price for existing customer lists, including SNAP",694991,694991,NCEKYJ2A7WLQT7NM6CQLV6SV,$50.87,$54.94,Yes,LL 2026-10-01T17:03:29.099Z; Square 2026-10-01T17:01:23.965Z
805654,805654,"Pork Shoulder Roast, Small",Deck Family Farm,"Small, 2.00 - 2.79 lbs",$38.67,$38.67,$41.76,,,None,Review,,"Common proposed price for existing customer lists, including SNAP; No approved Square match; Square price left blank",526707,526707,,$38.67,$41.76,Yes,LL 2026-10-01T17:03:29.099Z; Square 2026-10-01T17:01:23.965Z
816241,816241,Pork Spare Ribs,Deck Family Farm,2.00 - 3.00 lbs,$32.52,$32.52,$35.12,$14.50,$15.66,None,Review,,"Common proposed price for existing customer lists, including SNAP",538685,538685,CA2YUN42QQ223DUUVGBVMR3G,$32.52,$35.12,Yes,LL 2026-10-01T17:03:29.099Z; Square 2026-10-01T17:01:23.965Z
816246,816246,Pork Tenderloin,Deck Family Farm,0.80 - 1.30 lbs,$13.66,$13.66,$14.75,$14.50,$15.66,None,Review,,"Common proposed price for existing customer lists, including SNAP",590546,590546,UH3V2ZZSJBNSILFQ3OSCEFPU,$13.66,$14.75,No,LL 2026-10-01T17:03:29.099Z; Square 2026-10-01T17:01:23.965Z
805659,805659,Rack of Lamb,Deck Family Farm,2.50 - 3.10 lbs,$54.00,$54.00,$58.32,$21.50,$23.22,None,Review,,"Common proposed price for existing customer lists, including SNAP",526712,526712,LBER4XSN4A4IEU5ERQNX6ZUE,$54.00,$58.32,No,LL 2026-10-01T17:03:29.099Z; Square 2026-10-01T17:01:23.965Z
806161,806161,"Raw Honey, 1 pint",Deck Family Farm,1 pint,$23.32,$23.32,$25.19,$26.00,$28.08,None,Review,,"Common proposed price for existing customer lists, including SNAP",527228,527228,VBA7QNBQN4DAJEBMIWY5BZ4I,$23.32,$25.19,Yes,LL 2026-10-01T17:03:29.099Z; Square 2026-10-01T17:01:23.965Z
941000,941000,"Raw Honey, 1 quart",Deck Family Farm,1 quart,$42.61,$42.61,$46.02,$47.50,$51.30,None,Review,,"Common proposed price for existing customer lists, including SNAP",694996,694996,WJG7GD5EUZ67ATJWK7QEQCAV,$42.61,$46.02,Yes,LL 2026-10-01T17:03:29.099Z; Square 2026-10-01T17:01:23.965Z
940998,940998,"Raw Honey, 1/2 pint",Deck Family Farm,1/2 pint,$15.25,$15.25,$16.47,$17.00,$18.36,None,Review,,"Common proposed price for existing customer lists, including SNAP",694994,694994,5L6WZFWO6HESVITXZYJELIQJ,$15.25,$16.47,Yes,LL 2026-10-01T17:03:29.099Z; Square 2026-10-01T17:01:23.965Z
806159,806159,"Raw Walnuts, 1 lb",Deck Family Farm,1 lb,$22.42,$22.42,$24.21,,,None,Review,,"Common proposed price for existing customer lists, including SNAP; No approved Square match; Square price left blank",527225,527225,,$22.42,$24.21,No,LL 2026-10-01T17:03:29.099Z; Square 2026-10-01T17:01:23.965Z
940994,940994,"Raw Walnuts, 1/2 lb",Deck Family Farm,1/2 lb,$12.56,$12.56,$13.56,$14.00,$15.12,None,Review,,"Common proposed price for existing customer lists, including SNAP",694990,694990,ISXY3B7BIMVUUMYLEDGMEOX5,$12.56,$13.56,No,LL 2026-10-01T17:03:29.099Z; Square 2026-10-01T17:01:23.965Z
1004600,1004600,"Red Ranger Roasting Chicken, Large",Deck Family Farm,"Large, 5.01 - 5.70 lbs",$48.03,$48.03,$51.87,$10.00,$10.80,None,Review,,"Common proposed price for existing customer lists, including SNAP",784656,784656,4BSDTHCNQU27C42FET6ITBH2,$48.03,$51.87,No,LL 2026-10-01T17:03:29.099Z; Square 2026-10-01T17:01:23.965Z
1004599,1004599,"Red Ranger Roasting Chicken, Medium",Deck Family Farm,"Medium, 4.01 - 5.00 lbs",$40.41,$40.41,$43.64,,,None,Review,,"Common proposed price for existing customer lists, including SNAP; No approved Square match; Square price left blank",784655,784655,,$40.41,$43.64,Yes,LL 2026-10-01T17:03:29.099Z; Square 2026-10-01T17:01:23.965Z
805661,805661,"Red Ranger Roasting Chicken, Small",Deck Family Farm,"Small, 3.00 - 4.00 lbs",$31.39,$31.39,$33.90,,,None,Review,,"Common proposed price for existing customer lists, including SNAP; No approved Square match; Square price left blank",642346,642346,,$31.39,$33.90,Yes,LL 2026-10-01T17:03:29.099Z; Square 2026-10-01T17:01:23.965Z
805668,805668,Ribeye Steak,Deck Family Farm,0.80 - 1.10 lbs,$34.51,$34.51,$37.27,$40.50,$43.74,None,Review,,"Common proposed price for existing customer lists, including SNAP",526721,526721,XNUP7RT3X5TIKGXT6Z76HU2H,$34.51,$37.27,Yes,LL 2026-10-01T17:03:29.099Z; Square 2026-10-01T17:01:23.965Z
921374,921374,"Roast Beef, Ends & Pieces",Deck Family Farm,8 oz,$12.93,$10.76,$11.62,,,None,Review,,"Common proposed price for existing customer lists, including SNAP; Current list prices range $10.76–$12.01; baseline is Herd Share Members; Local calculation differs from Local Line; No approved Square match; Square price left blank",667827,667827,,$10.76,$11.62,No,LL 2026-10-01T17:03:29.099Z; Square 2026-10-01T17:01:23.965Z
805670,805670,"Roast Beef, Sliced",Deck Family Farm,8 oz,$17.93,$17.93,$19.36,$20.00,$21.60,None,Review,,"Common proposed price for existing customer lists, including SNAP",526723,526723,NXIETAVWPT7OOSV3NRW2P5N2,$17.93,$19.36,No,LL 2026-10-01T17:03:29.099Z; Square 2026-10-01T17:01:23.965Z
805678,805678,Sage & Sea Salt Sausage,Deck Family Farm,8 oz,$13.32,$13.32,$14.39,$13.85,$14.96,10% — retained,Review,,"Common proposed price for existing customer lists, including SNAP",526731,526731,22VTXVWPWRUOGSAMRP3FBFSD,$14.80,$15.98,Yes,LL 2026-10-01T17:03:29.099Z; Square 2026-10-01T17:01:23.965Z
929452,929452,"Skirt Steak, Large",Deck Family Farm,"Large, .80 - 1.20 lbs",$23.32,$23.32,$25.19,$26.00,$28.08,None,Review,,"Common proposed price for existing customer lists, including SNAP",677939,677939,TVIOJDKULJFKZ7DC75ADRLML,$23.32,$25.19,No,LL 2026-10-01T17:03:29.099Z; Square 2026-10-01T17:01:23.965Z
894282,894282,"Skirt Steak, Small",Deck Family Farm,"Small, 0.40 - 0.79 lbs",$13.87,$13.87,$14.98,,,None,Review,,"Common proposed price for existing customer lists, including SNAP; No approved Square match; Square price left blank",634545,634545,,$13.87,$14.98,Yes,LL 2026-10-01T17:03:29.099Z; Square 2026-10-01T17:01:23.965Z
995135,995135,Small Organic Pasture Raised Chicken Eggs,Deck Family Farm,1 dozen,$8.97,$8.97,$9.69,,,None,Review,,"Common proposed price for existing customer lists, including SNAP; No approved Square match; Square price left blank",769257,769257,,$8.97,$9.69,No,LL 2026-10-01T17:03:29.099Z; Square 2026-10-01T17:01:23.965Z
1013987,1013987,Smoked Pork Hocks -Skin-on and Smoked,Deck Family Farm,0.8 - 1.2 lbs,$14.80,$14.80,$15.98,,,None,Review,,"Common proposed price for existing customer lists, including SNAP; No approved Square match; Square price left blank",798011,798011,,$14.80,$15.98,Yes,LL 2026-10-01T17:03:29.099Z; Square 2026-10-01T17:01:23.965Z
1013988,1013988,Smoked Pork Shanks - Skin-on and Smoked,Deck Family Farm,2 - 2.5 lbs,$14.80,$14.80,$15.98,$16.50,$17.82,None,Review,,"Common proposed price for existing customer lists, including SNAP",798012,798012,HSN75FILHGFLQGROEUIIC2XC,$14.80,$15.98,Yes,LL 2026-10-01T17:03:29.099Z; Square 2026-10-01T17:01:23.965Z
805685,805685,Stewing Hen,Deck Family Farm,2 - 3 lbs,$19.74,$19.74,$21.32,$18.50,$19.98,None,Review,,"Common proposed price for existing customer lists, including SNAP",526738,526738,42F457CBYE46V4266HXQBCFB,$19.74,$21.32,Yes,LL 2026-10-01T17:03:29.099Z; Square 2026-10-01T17:01:23.965Z
805687,805687,Summer Sausage,Deck Family Farm,8 oz,$15.25,$15.25,$16.47,$17.00,$18.36,None,Review,,"Common proposed price for existing customer lists, including SNAP",526740,526740,634VPLABW35HBLQMFSCMU6HA,$15.25,$16.47,Yes,LL 2026-10-01T17:03:29.099Z; Square 2026-10-01T17:01:23.965Z
805692,805692,Sweet Italian Sausage Links,Deck Family Farm,12 oz,$17.49,$17.49,$18.89,$19.50,$21.06,None,Review,,"Common proposed price for existing customer lists, including SNAP",526745,526745,GG3UTPG3X2GJ2J2RCRGYBMMQ,$17.49,$18.89,Yes,LL 2026-10-01T17:03:29.099Z; Square 2026-10-01T17:01:23.965Z
805694,805694,Tamari Pressed Beef Jerky,Deck Family Farm,3 oz,$8.97,$8.97,$9.69,$10.00,$10.80,None,Review,,"Common proposed price for existing customer lists, including SNAP",526747,526747,BU6OJJKIFXVCCVFJMKXFANFA,$8.97,$9.69,Yes,LL 2026-10-01T17:03:29.099Z; Square 2026-10-01T17:01:23.965Z
1107078,1109615,Tamari Pressed Beef Jerky - 12 oz,Deck Family Farm,12 oz,$30.50,$30.50,$32.94,$34.00,$36.72,None,Review,,"Common proposed price for existing customer lists, including SNAP",925322,929161,XRQIVJAFVFBVGELPBSVCYIJ4,$30.50,$32.94,Yes,LL 2026-10-01T17:03:29.099Z; Square 2026-10-01T17:01:23.965Z
813069,813069,Teres Major Steak,Deck Family Farm,0.40 - 0.70 lbs,$12.83,$12.83,$13.86,$26.00,$28.08,None,Review,,"Common proposed price for existing customer lists, including SNAP",535099,535099,QGGOCDMYYFFICWGSUMGZUQNP,$12.83,$13.86,No,LL 2026-10-01T17:03:29.099Z; Square 2026-10-01T17:01:23.965Z
814845,814845,Top Sirloin Steak,Deck Family Farm,1.30 - 1.60 lbs,$32.52,$32.52,$35.12,$26.00,$28.08,None,Review,,"Common proposed price for existing customer lists, including SNAP",536948,536948,JZ7GSDAEMS6X7ENYGAG3MO2Z,$32.52,$35.12,No,LL 2026-10-01T17:03:29.099Z; Square 2026-10-01T17:01:23.965Z
814849,814849,Turkey Feet,Deck Family Farm,2 lb bag,$10.76,$10.76,$11.62,,,None,Review,,"Common proposed price for existing customer lists, including SNAP; No approved Square match; Square price left blank",536952,536952,,$10.76,$11.62,No,LL 2026-10-01T17:03:29.099Z; Square 2026-10-01T17:01:23.965Z
805697,805697,Turkey Gizzards,Deck Family Farm,ea. 1/2 lb.,$22.37,$22.37,$24.16,,,None,Review,,"Common proposed price for existing customer lists, including SNAP; No approved Square match; Square price left blank",526750,526750,,$22.37,$24.16,No,LL 2026-10-01T17:03:29.099Z; Square 2026-10-01T17:01:23.965Z
805699,805699,Turkey Liver,Deck Family Farm,ea. 1/2 lb.,$13.46,$13.46,$14.54,,,None,Review,,"Common proposed price for existing customer lists, including SNAP; No approved Square match; Square price left blank",526752,526752,,$13.46,$14.54,No,LL 2026-10-01T17:03:29.099Z; Square 2026-10-01T17:01:23.965Z
883799,883799,Unrendered Beef Tallow,Deck Family Farm,2.00 - 3.70 lbs,$12.78,$12.78,$13.80,,,None,Review,,"Common proposed price for existing customer lists, including SNAP; No approved Square match; Square price left blank",621045,621045,,$12.78,$13.80,No,LL 2026-10-01T17:03:29.099Z; Square 2026-10-01T17:01:23.965Z
1048788,1048788,Whole Lamb October Deposit,Deck Family Farm,ea,$200.00,$200.00,$200.00,,,None,No change,,Deposit: no change; retain zero markup; No approved Square match; Square price left blank,852421,852421,,$200.00,$200.00,Yes,LL 2026-10-01T17:03:29.099Z; Square 2026-10-01T17:01:23.965Z
900311,900311,Blueberry Maple Sausage Links,Deck Family Farm's Hyland Artisinal Meats,4 links/ pack 14 oz pack,$17.93,$17.93,$19.36,,,None,Review,,"Common proposed price for existing customer lists, including SNAP; No approved Square match; Square price left blank",642340,642340,,$17.93,$19.36,No,LL 2026-10-01T17:03:29.099Z; Square 2026-10-01T17:01:23.965Z
840823,840823,Bulk English Breakfast Sausage,Deck Family Farm's Hyland Artisinal Meats,12 oz,$14.80,$14.80,$15.98,$16.50,$17.82,None,Review,,"Common proposed price for existing customer lists, including SNAP",568237,568237,GVDPMOIBYDM7FPJUH6PKQPT2,$14.80,$15.98,No,LL 2026-10-01T17:03:29.099Z; Square 2026-10-01T17:01:23.965Z
913652,913652,Bulk Farm Made Chorizo Sausage,Deck Family Farm's Hyland Artisinal Meats,12 oz,$16.14,$16.14,$17.43,$18.00,$19.44,None,Review,,"Common proposed price for existing customer lists, including SNAP",659188,659188,C6SVDIWSCNJKRFIFD6XM2RQF,$16.14,$17.43,Yes,LL 2026-10-01T17:03:29.099Z; Square 2026-10-01T17:01:23.965Z
1163729,1164542,Bulk Hot Italian Sausage,Deck Family Farm's Hyland Artisinal Meats,ea,$14.80,$14.80,$15.98,,,None,Review,,"Common proposed price for existing customer lists, including SNAP; No approved Square match; Square price left blank",1011355,1012453,,$14.80,$15.98,Yes,LL 2026-10-01T17:03:29.099Z; Square 2026-10-01T17:01:23.965Z
913651,913651,Bulk Thai Curry Sausage,Deck Family Farm's Hyland Artisinal Meats,12 oz,$14.80,$14.80,$15.98,$16.50,$17.82,None,Review,,"Common proposed price for existing customer lists, including SNAP",659187,659187,LF5N3PXAP6GF6SPZA5R3RC2Z,$14.80,$15.98,Yes,LL 2026-10-01T17:03:29.099Z; Square 2026-10-01T17:01:23.965Z
816905,816905,Cajun Chaurice Sausage Links,Deck Family Farm's Hyland Artisinal Meats,4 links/ pack 14 oz pack,$17.93,$17.93,$19.36,$20.00,$21.60,None,Review,,"Common proposed price for existing customer lists, including SNAP",539546,539546,WBDNBYBMRDK55JR6NCQG6FGD,$17.93,$19.36,Yes,LL 2026-10-01T17:03:29.099Z; Square 2026-10-01T17:01:23.965Z
932132,932132,Chorizo Verde,Deck Family Farm's Hyland Artisinal Meats,4 links/ pack 14 oz pack,$17.93,$17.93,$19.36,$20.00,$21.60,None,Review,,"Common proposed price for existing customer lists, including SNAP",684511,684511,TKXIYOEX25R4SBDAH2QHNCXK,$17.93,$19.36,No,LL 2026-10-01T17:03:29.099Z; Square 2026-10-01T17:01:23.965Z
1011877,1011877,Classic Beef Broth,Deck Family Farm's Hyland Artisinal Meats,1 quart,$13.01,$13.01,$14.05,$14.50,$15.66,None,Review,,"Common proposed price for existing customer lists, including SNAP",795009,795009,7LHBXGXLCLG3OWB2BHSGAJUT,$13.01,$14.05,No,LL 2026-10-01T17:03:29.099Z; Square 2026-10-01T17:01:23.965Z
1131920,1132455,Classic Chicken Broth,Deck Family Farm's Hyland Artisinal Meats,ea,$13.01,$13.01,$14.05,$14.50,$15.66,None,Review,,"Common proposed price for existing customer lists, including SNAP",966335,967112,MIJBFOZ4H65KQBLDMIR4KMJW,$13.01,$14.05,Yes,LL 2026-10-01T17:03:29.099Z; Square 2026-10-01T17:01:23.965Z
1163730,1164543,Classic Meatballs,Deck Family Farm's Hyland Artisinal Meats,12oz/13 Meatballs/Pack,$14.80,$14.80,$15.98,,,None,Review,,"Common proposed price for existing customer lists, including SNAP; No approved Square match; Square price left blank",1011356,1012454,,$14.80,$15.98,Yes,LL 2026-10-01T17:03:29.099Z; Square 2026-10-01T17:01:23.965Z
1011876,1164541,Classic Pork Broth,Deck Family Farm's Hyland Artisinal Meats,1 quart,$13.01,$13.01,$14.05,$14.50,$15.66,None,Review,,"Common proposed price for existing customer lists, including SNAP",795008,1012452,MJNI7UO6UHP7E4UPVVAAJFUT,$13.01,$14.05,No,LL 2026-10-01T17:03:29.099Z; Square 2026-10-01T17:01:23.965Z
1061161,1061161,Classic Pork Broth,Deck Family Farm's Hyland Artisinal Meats,1 quart,$13.01,$13.01,$14.05,$14.50,$15.66,None,Review,,"Common proposed price for existing customer lists, including SNAP",868147,868147,TCNUAREBJXQELVW3ODJGAW7W,$13.01,$14.05,No,LL 2026-10-01T17:03:29.099Z; Square 2026-10-01T17:01:23.965Z
1019999,1019999,Classic Turkey Broth,Deck Family Farm's Hyland Artisinal Meats,1 quart,$13.01,$13.01,$14.05,,,None,Review,,"Common proposed price for existing customer lists, including SNAP; No approved Square match; Square price left blank",806160,806160,,$13.01,$14.05,Yes,LL 2026-10-01T17:03:29.099Z; Square 2026-10-01T17:01:23.965Z
840822,840822,English Banger Sausage Links,Deck Family Farm's Hyland Artisinal Meats,4 links/ pack 14 oz pack,$16.14,$16.14,$17.43,,,None,Review,,"Common proposed price for existing customer lists, including SNAP; No approved Square match; Square price left blank",568236,568236,,$16.14,$17.43,Yes,LL 2026-10-01T17:03:29.099Z; Square 2026-10-01T17:01:23.965Z
913653,913653,Grass-Fed Organ Blend,Deck Family Farm's Hyland Artisinal Meats,1 lb pack,$13.46,$13.46,$14.54,$15.00,$16.20,None,Review,,"Common proposed price for existing customer lists, including SNAP",659189,659189,DVO2SXTU7A5IQIHBUJ5AWUZ2,$13.46,$14.54,Yes,LL 2026-10-01T17:03:29.099Z; Square 2026-10-01T17:01:23.965Z
818963,818963,Greek Loukaniko Sausage Links,Deck Family Farm's Hyland Artisinal Meats,4 links/ pack 14 oz pack,$17.93,$17.93,$19.36,$20.00,$21.60,None,Review,,"Common proposed price for existing customer lists, including SNAP",541754,541754,BEPUBK767D7WACNDBXCJH3L4,$17.93,$19.36,Yes,LL 2026-10-01T17:03:29.099Z; Square 2026-10-01T17:01:23.965Z
871143,871143,Hot Italian Sausage Links,Deck Family Farm's Hyland Artisinal Meats,4 links/ pack 14 oz pack,$17.93,$17.93,$19.36,$20.00,$21.60,None,Review,,"Common proposed price for existing customer lists, including SNAP",604158,604158,IZC4B3HYKVYJGWP2ZFFWZLMB,$17.93,$19.36,Yes,LL 2026-10-01T17:03:29.099Z; Square 2026-10-01T17:01:23.965Z
913648,913648,Lamb Merguez Sausage Links,Deck Family Farm's Hyland Artisinal Meats,4 links/pack 14 oz pack,$21.53,$21.53,$23.25,$24.00,$25.92,None,Review,,"Common proposed price for existing customer lists, including SNAP",659184,659184,U37CHXXOQNKCISKGN4INWKO3,$21.53,$23.25,No,LL 2026-10-01T17:03:29.099Z; Square 2026-10-01T17:01:23.965Z
805663,805663,"Rendered Beef Tallow, 16 oz",Deck Family Farm's Hyland Artisinal Meats,16 oz,$17.93,$17.93,$19.36,$20.00,$21.60,None,Review,,"Common proposed price for existing customer lists, including SNAP",547722,547722,3Y2UCCDHYT3VY5O63IAHKH6Z,$17.93,$19.36,Yes,LL 2026-10-01T17:03:29.099Z; Square 2026-10-01T17:01:23.965Z
941045,941045,"Rendered Beef Tallow, 8 oz",Deck Family Farm's Hyland Artisinal Meats,8 oz,$8.97,$8.97,$9.69,$10.00,$10.80,None,Review,,"Common proposed price for existing customer lists, including SNAP",695051,695051,4HFME7B2JIQDOLKVUVLVS6F7,$8.97,$9.69,Yes,LL 2026-10-01T17:03:29.099Z; Square 2026-10-01T17:01:23.965Z
929464,929464,"Rendered Pork Leaf Lard, 16 oz",Deck Family Farm's Hyland Artisinal Meats,16 oz,$14.35,$14.35,$15.50,$16.00,$17.28,None,Review,,"Common proposed price for existing customer lists, including SNAP",677954,677954,ZEJEZMPCSE323KHSR7HIV3CE,$14.35,$15.50,Yes,LL 2026-10-01T17:03:29.099Z; Square 2026-10-01T17:01:23.965Z
805665,805665,"Rendered Pork Leaf Lard, 8 oz",Deck Family Farm's Hyland Artisinal Meats,8 oz,$8.97,$8.97,$9.69,$10.00,$10.80,None,Review,,"Common proposed price for existing customer lists, including SNAP",595381,595381,FSUAAXZ62XGTPFHUOBYNVTOI,$8.97,$9.69,Yes,LL 2026-10-01T17:03:29.099Z; Square 2026-10-01T17:01:23.965Z
900310,900310,Summer Herb Lamb Sausage Links,Deck Family Farm's Hyland Artisinal Meats,4 links/ pack 14 oz pack,$19.74,$19.74,$21.32,,,None,Review,,"Common proposed price for existing customer lists, including SNAP; No approved Square match; Square price left blank",642339,642339,,$19.74,$21.32,No,LL 2026-10-01T17:03:29.099Z; Square 2026-10-01T17:01:23.965Z
1011872,1011872,Swedish Sausage Potato Dumplings,Deck Family Farm's Hyland Artisinal Meats,13oz/ 10 Dumplings/Pack,$17.93,$17.93,$19.36,$20.00,$21.60,None,Review,,"Common proposed price for existing customer lists, including SNAP",795004,795004,KF6PWHPNK4MJPTDJBLLYH3Z5,$17.93,$19.36,No,LL 2026-10-01T17:03:29.099Z; Square 2026-10-01T17:01:23.965Z
913650,913650,Thai Curry Sausage Links,Deck Family Farm's Hyland Artisinal Meats,4 links/ pack 14 oz pack,$17.93,$17.93,$19.36,$20.00,$21.60,None,Review,,"Common proposed price for existing customer lists, including SNAP",659186,659186,26M5W4W6YJGAXVNWVIOUSNUU,$17.93,$19.36,Yes,LL 2026-10-01T17:03:29.099Z; Square 2026-10-01T17:01:23.965Z
1131921,1132457,Turkey Apple Sage Sausage Links,Deck Family Farm's Hyland Artisinal Meats,ea,$17.93,$17.93,$19.36,$20.00,$21.60,None,Review,,"Common proposed price for existing customer lists, including SNAP",966336,967114,PNCJYNXMQKMJD64ANYNXGGQC,$17.93,$19.36,Yes,LL 2026-10-01T17:03:29.099Z; Square 2026-10-01T17:01:23.965Z
806164,806164,Gluten Free Apple Pie,Elegant Elephant Baking Co.,"6""",$10.50,$10.50,$11.34,,,None,Review,,"Common proposed price for existing customer lists, including SNAP; No approved Square match; Square price left blank",527233,527233,,$10.50,$11.34,Yes,LL 2026-10-01T17:03:29.099Z; Square 2026-10-01T17:01:23.965Z
806019,806019,Gluten Free Banana Cream Pie,Elegant Elephant Baking Co.,"6""",$11.20,$11.20,$12.10,,,None,Review,,"Common proposed price for existing customer lists, including SNAP; No approved Square match; Square price left blank",527081,527081,,$11.20,$12.10,Yes,LL 2026-10-01T17:03:29.099Z; Square 2026-10-01T17:01:23.965Z
806022,806022,Gluten Free Blackberry Hand Pie,Elegant Elephant Baking Co.,each,$4.20,$4.20,$4.54,,,None,Review,,"Common proposed price for existing customer lists, including SNAP; No approved Square match; Square price left blank",527084,527084,,$4.20,$4.54,Yes,LL 2026-10-01T17:03:29.099Z; Square 2026-10-01T17:01:23.965Z
806025,806025,Gluten Free Blueberry Scone,Elegant Elephant Baking Co.,each,$4.20,$4.20,$4.54,$3.00,$3.24,None,Review,,"Common proposed price for existing customer lists, including SNAP",527087,527087,ZKKXZXF5WODVW6XOHCDKC32A,$4.20,$4.54,Yes,LL 2026-10-01T17:03:29.099Z; Square 2026-10-01T17:01:23.965Z
806028,806028,Gluten Free Box of 5 Cupcakes,Elegant Elephant Baking Co.,each,$8.40,$8.40,$9.07,,,None,Review,,"Common proposed price for existing customer lists, including SNAP; No approved Square match; Square price left blank",527090,527090,,$8.40,$9.07,Yes,LL 2026-10-01T17:03:29.099Z; Square 2026-10-01T17:01:23.965Z
806030,806030,Gluten Free Brownie Bite with Chocolate Chips,Elegant Elephant Baking Co.,each,$3.50,$3.50,$3.78,$2.50,$2.70,None,Review,,"Common proposed price for existing customer lists, including SNAP",527092,527092,FJB4PYJB5DS7JH23BC3NIDRK,$3.50,$3.78,Yes,LL 2026-10-01T17:03:29.099Z; Square 2026-10-01T17:01:23.965Z
806032,806032,Gluten Free Cheddar Rolls,Elegant Elephant Baking Co.,bag of 4,$8.75,$8.75,$9.45,,,None,Review,,"Common proposed price for existing customer lists, including SNAP; No approved Square match; Square price left blank",527094,527094,,$8.75,$9.45,Yes,LL 2026-10-01T17:03:29.099Z; Square 2026-10-01T17:01:23.965Z
806035,806035,Gluten Free Chocolate Cream Pie,Elegant Elephant Baking Co.,"6""",$11.20,$11.20,$12.10,,,None,Review,,"Common proposed price for existing customer lists, including SNAP; No approved Square match; Square price left blank",527097,527097,,$11.20,$12.10,Yes,LL 2026-10-01T17:03:29.099Z; Square 2026-10-01T17:01:23.965Z
806038,806038,Gluten Free Chocolate Donut,Elegant Elephant Baking Co.,each,$3.29,$3.29,$3.55,$2.35,$2.54,None,Review,,"Common proposed price for existing customer lists, including SNAP",527100,527100,OP7GVICC4NK4QADUYGVKJFVP,$3.29,$3.55,Yes,LL 2026-10-01T17:03:29.099Z; Square 2026-10-01T17:01:23.965Z
806041,806041,Gluten Free Cinnamon Roll Pan,Elegant Elephant Baking Co.,"6""",$8.40,$8.40,$9.07,,,None,Review,,"Common proposed price for existing customer lists, including SNAP; No approved Square match; Square price left blank",527105,527105,,$8.40,$9.07,Yes,LL 2026-10-01T17:03:29.099Z; Square 2026-10-01T17:01:23.965Z
806044,806044,Gluten Free Croutons,Elegant Elephant Baking Co.,each,$7.35,$7.35,$7.94,,,None,Review,,"Common proposed price for existing customer lists, including SNAP; No approved Square match; Square price left blank",527108,527108,,$7.35,$7.94,Yes,LL 2026-10-01T17:03:29.099Z; Square 2026-10-01T17:01:23.965Z
806046,806046,Gluten Free Dinner Rolls,Elegant Elephant Baking Co.,bag of 6,$8.05,$8.05,$8.69,,,None,Review,,"Common proposed price for existing customer lists, including SNAP; No approved Square match; Square price left blank",527110,527110,,$8.05,$8.69,Yes,LL 2026-10-01T17:03:29.099Z; Square 2026-10-01T17:01:23.965Z
806048,806048,Gluten Free Half Almond Loaf Sliced,Elegant Elephant Baking Co.,each,$7.00,$7.00,$7.56,,,None,Review,,"Common proposed price for existing customer lists, including SNAP; No approved Square match; Square price left blank",527112,527112,,$7.00,$7.56,Yes,LL 2026-10-01T17:03:29.099Z; Square 2026-10-01T17:01:23.965Z
806055,806055,Gluten Free Mini Banana Bread Loaf,Elegant Elephant Baking Co.,each,$7.00,$7.00,$7.56,,,None,Review,,"Common proposed price for existing customer lists, including SNAP; No approved Square match; Square price left blank",527119,527119,,$7.00,$7.56,Yes,LL 2026-10-01T17:03:29.099Z; Square 2026-10-01T17:01:23.965Z
806057,806057,Gluten Free Mixed Berry Pie,Elegant Elephant Baking Co.,"9""",$23.80,$23.80,$25.70,,,None,Review,,"Common proposed price for existing customer lists, including SNAP; No approved Square match; Square price left blank",527121,527121,,$23.80,$25.70,Yes,LL 2026-10-01T17:03:29.099Z; Square 2026-10-01T17:01:23.965Z
806060,806060,Gluten Free Pizza Dough,Elegant Elephant Baking Co.,22 oz. each,$6.65,$6.65,$7.18,,,None,Review,,"Common proposed price for existing customer lists, including SNAP; No approved Square match; Square price left blank",527123,527123,,$6.65,$7.18,Yes,LL 2026-10-01T17:03:29.099Z; Square 2026-10-01T17:01:23.965Z
806062,806062,Gluten Free Potato Loaf with Teff,Elegant Elephant Baking Co.,each,$9.80,$9.80,$10.58,,,None,Review,,"Common proposed price for existing customer lists, including SNAP; No approved Square match; Square price left blank",527126,527126,,$9.80,$10.58,Yes,LL 2026-10-01T17:03:29.099Z; Square 2026-10-01T17:01:23.965Z
806065,806065,Gluten Free Seven Layer Cookie,Elegant Elephant Baking Co.,each,$3.50,$3.50,$3.78,,,None,Review,,"Common proposed price for existing customer lists, including SNAP; No approved Square match; Square price left blank",527128,527128,,$3.50,$3.78,Yes,LL 2026-10-01T17:03:29.099Z; Square 2026-10-01T17:01:23.965Z
806066,806066,Gluten Free Sourdough Baguette,Elegant Elephant Baking Co.,each,$7.00,$7.00,$7.56,,,None,Review,,"Common proposed price for existing customer lists, including SNAP; No approved Square match; Square price left blank",527130,527130,,$7.00,$7.56,No,LL 2026-10-01T17:03:29.099Z; Square 2026-10-01T17:01:23.965Z
907016,907016,Roasted Hazelnuts 12 oz.,Farmhands Co-Op,12 oz bag,$17.78,$17.78,$19.20,,,None,Review,,"Common proposed price for existing customer lists, including SNAP; No approved Square match; Square price left blank",651217,651217,,$17.78,$19.20,Yes,LL 2026-10-01T17:03:29.099Z; Square 2026-10-01T17:01:23.965Z
806107,806107,Roasted Hazelnuts 4 oz,Farmhands Co-Op,4 oz bag,$6.30,$6.30,$6.80,,,None,Review,,"Common proposed price for existing customer lists, including SNAP; No approved Square match; Square price left blank",527172,527172,,$6.30,$6.80,Yes,LL 2026-10-01T17:03:29.099Z; Square 2026-10-01T17:01:23.965Z
1016432,1016432,#2 Juicing Carrots,Full Farm CSA,pound,$1.40,$1.40,$1.51,,,None,Review,,"Common proposed price for existing customer lists, including SNAP; No approved Square match; Square price left blank",801261,801261,,$1.40,$1.51,Yes,LL 2026-10-01T17:03:29.099Z; Square 2026-10-01T17:01:23.965Z
821704,821704,Acorn squash,Full Farm CSA,1 Each,$3.50,$3.50,$3.78,,,None,Review,,"Common proposed price for existing customer lists, including SNAP; No approved Square match; Square price left blank",544783,544783,,$3.50,$3.78,Yes,LL 2026-10-01T17:03:29.099Z; Square 2026-10-01T17:01:23.965Z
930691,930691,Autumn Frost Squash Large,Full Farm CSA,ea,$8.40,$8.40,$9.07,,,None,Review,,"Common proposed price for existing customer lists, including SNAP; No approved Square match; Square price left blank",679453,679453,,$8.40,$9.07,No,LL 2026-10-01T17:03:29.099Z; Square 2026-10-01T17:01:23.965Z
1017951,1017951,Breakfast Bundle,Full Farm CSA,Each,$67.66,$74.91,$80.90,,,None,Review,,"Common proposed price for existing customer lists, including SNAP; Local calculation differs from Local Line; No approved Square match; Square price left blank",803362,803362,,$74.91,$80.90,No,LL 2026-10-01T17:03:29.099Z; Square 2026-10-01T17:01:23.965Z
1017951,1017951,Breakfast Bundle,Full Farm CSA,NO PACKAGE,$67.66,,,,,None,Hold,,No existing customer-list price; no proposed Local Line change; No approved Square match; Square price left blank,949069,949069,,,,No,LL 2026-10-01T17:03:29.099Z; Square 2026-10-01T17:01:23.965Z
1120977,1120977,Breakfast Bundle,Full Farm CSA,NO PACKAGE,,,,,,None,Hold,,HOLD: missing package record; No approved Square match; Square price left blank,,,,,,No,LL 2026-10-01T17:03:29.099Z; Square 2026-10-01T17:01:23.965Z
805873,805873,Butternut Squash,Full Farm CSA,3-4 lbs each,$4.09,$4.09,$4.42,,,None,Review,,"Common proposed price for existing customer lists, including SNAP; No approved Square match; Square price left blank",526931,526931,,$4.09,$4.42,No,LL 2026-10-01T17:03:29.099Z; Square 2026-10-01T17:01:23.965Z
890649,890649,Chioggia Beets,Full Farm CSA,1 Lb,$1.40,$1.40,$1.51,,,None,Review,,"Common proposed price for existing customer lists, including SNAP; No approved Square match; Square price left blank",630138,630138,,$1.40,$1.51,No,LL 2026-10-01T17:03:29.099Z; Square 2026-10-01T17:01:23.965Z
958328,958328,Collard Raab,Full Farm CSA,bu,$3.50,$3.50,$3.78,,,None,Review,,"Common proposed price for existing customer lists, including SNAP; No approved Square match; Square price left blank",718070,718070,,$3.50,$3.78,No,LL 2026-10-01T17:03:29.099Z; Square 2026-10-01T17:01:23.965Z
1033698,1033698,Deck Family Farm & Full Farm CSA Hoodie,Full Farm CSA,Large,$49.00,$45.50,$49.14,,,None,Review,,"Common proposed price for existing customer lists, including SNAP; Current list prices range $45.50–$49.00; baseline is Herd Share Members; Local calculation differs from Local Line; No approved Square match; Square price left blank",829899,829899,,$45.50,$49.14,No,LL 2026-10-01T17:03:29.099Z; Square 2026-10-01T17:01:23.965Z
1033698,1033698,Deck Family Farm & Full Farm CSA Hoodie,Full Farm CSA,Medium,$49.00,$45.50,$49.14,,,None,Review,,"Common proposed price for existing customer lists, including SNAP; Current list prices range $30.00–$49.00; baseline is Herd Share Members; Local calculation differs from Local Line; No approved Square match; Square price left blank",829900,829900,,$45.50,$49.14,No,LL 2026-10-01T17:03:29.099Z; Square 2026-10-01T17:01:23.965Z
1033698,1033698,Deck Family Farm & Full Farm CSA Hoodie,Full Farm CSA,Small,$49.00,$45.50,$49.14,,,None,Review,,"Common proposed price for existing customer lists, including SNAP; Current list prices range $45.50–$49.00; baseline is Herd Share Members; Local calculation differs from Local Line; No approved Square match; Square price left blank",829901,829901,,$45.50,$49.14,No,LL 2026-10-01T17:03:29.099Z; Square 2026-10-01T17:01:23.965Z
1033698,1033698,Deck Family Farm & Full Farm CSA Hoodie,Full Farm CSA,Xtra Large,$49.00,$45.50,$49.14,,,None,Review,,"Common proposed price for existing customer lists, including SNAP; Current list prices range $45.50–$49.00; baseline is Herd Share Members; Local calculation differs from Local Line; No approved Square match; Square price left blank",829898,829898,,$45.50,$49.14,No,LL 2026-10-01T17:03:29.099Z; Square 2026-10-01T17:01:23.965Z
1033699,1033699,Deck Family Farm & Full Farm CSA T-Shirt,Full Farm CSA,Large,$23.80,$23.80,$25.70,,,None,Review,,"Common proposed price for existing customer lists, including SNAP; No approved Square match; Square price left blank",829904,829904,,$23.80,$25.70,No,LL 2026-10-01T17:03:29.099Z; Square 2026-10-01T17:01:23.965Z
1033699,1033699,Deck Family Farm & Full Farm CSA T-Shirt,Full Farm CSA,Medium,$23.80,$23.80,$25.70,,,None,Review,,"Common proposed price for existing customer lists, including SNAP; No approved Square match; Square price left blank",829903,829903,,$23.80,$25.70,No,LL 2026-10-01T17:03:29.099Z; Square 2026-10-01T17:01:23.965Z
1033699,1033699,Deck Family Farm & Full Farm CSA T-Shirt,Full Farm CSA,Xtra Small,$23.80,$23.80,$25.70,,,None,Review,,"Common proposed price for existing customer lists, including SNAP; No approved Square match; Square price left blank",829902,829902,,$23.80,$25.70,No,LL 2026-10-01T17:03:29.099Z; Square 2026-10-01T17:01:23.965Z
832559,832559,Deck Family Farm and Full Farm CSA Hat,Full Farm CSA,ea,$18.20,$18.20,$19.66,,,None,Review,,"Common proposed price for existing customer lists, including SNAP; No approved Square match; Square price left blank",558216,558216,,$18.20,$19.66,No,LL 2026-10-01T17:03:29.099Z; Square 2026-10-01T17:01:23.965Z
1010693,1010693,Deck Family Farm Insulated Bag,Full Farm CSA,Blue Bag,$24.81,$24.81,$26.79,$17.72,$19.14,None,Review,,"Common proposed price for existing customer lists, including SNAP",793235,793235,QQ6O2UWSJ7VAGMT3XHTRSLVF,$24.81,$26.79,Yes,LL 2026-10-01T17:03:29.099Z; Square 2026-10-01T17:01:23.965Z
1010693,1010693,Deck Family Farm Insulated Bag,Full Farm CSA,Green Bag,$24.81,$24.81,$26.79,$17.72,$19.14,None,Review,,"Common proposed price for existing customer lists, including SNAP",793236,952518,USUT3WAE46WL2TOQAIY4SCKL,$24.81,$26.79,Yes,LL 2026-10-01T17:03:29.099Z; Square 2026-10-01T17:01:23.965Z
1010693,1010693,Deck Family Farm Insulated Bag,Full Farm CSA,Orange Bag,$24.81,$24.81,$26.79,,,None,Review,,"Common proposed price for existing customer lists, including SNAP; No approved Square match; Square price left blank",952518,952518,,$24.81,$26.79,Yes,LL 2026-10-01T17:03:29.099Z; Square 2026-10-01T17:01:23.965Z
807909,807909,Deck Family Farm's Fall Farm-to-Table Celebration,Full Farm CSA,Adult Ticket (12 and up),$105.00,$75.00,$81.00,,,None,Review,,"Common proposed price for existing customer lists, including SNAP; Local calculation differs from Local Line; No approved Square match; Square price left blank",529295,529295,,$75.00,$81.00,No,LL 2026-10-01T17:03:29.099Z; Square 2026-10-01T17:01:23.965Z
807909,807909,Deck Family Farm's Fall Farm-to-Table Celebration,Full Farm CSA,Kid Ticket (12 and under),$0.00,$0.00,$0.00,,,None,Review,,"Common proposed price for existing customer lists, including SNAP; No approved Square match; Square price left blank",529296,529296,,$0.00,$0.00,No,LL 2026-10-01T17:03:29.099Z; Square 2026-10-01T17:01:23.965Z
805888,805888,Delicata Squash,Full Farm CSA,about 2 lbs each,$3.22,$3.22,$3.48,,,None,Review,,"Common proposed price for existing customer lists, including SNAP; No approved Square match; Square price left blank",526946,526946,,$3.22,$3.48,Yes,LL 2026-10-01T17:03:29.099Z; Square 2026-10-01T17:01:23.965Z
1105400,1105400,Dinner in a Box: Ground Lamb Bundle,Full Farm CSA,NO PACKAGE,$62.97,$64.77,$69.95,,,None,Review,,"Common proposed price for existing customer lists, including SNAP; Local calculation differs from Local Line; No approved Square match; Square price left blank",923210,923210,,$64.77,$69.95,No,LL 2026-10-01T17:03:29.099Z; Square 2026-10-01T17:01:23.965Z
1105400,1105400,Dinner in a Box: Ground Lamb Bundle,Full Farm CSA,NO PACKAGE,$67.51,,,,,None,Hold,,No existing customer-list price; no proposed Local Line change; No approved Square match; Square price left blank,929119,929119,,,,No,LL 2026-10-01T17:03:29.099Z; Square 2026-10-01T17:01:23.965Z
1109580,1109580,Dinner in a Box: Ground Lamb Bundle,Full Farm CSA,NO PACKAGE,,,,,,None,Hold,,HOLD: missing package record; No approved Square match; Square price left blank,,,,,,No,LL 2026-10-01T17:03:29.099Z; Square 2026-10-01T17:01:23.965Z
1109581,1109581,Dinner in a Box: Ground Lamb Bundle No Yogurt,Full Farm CSA,NO PACKAGE,$50.37,$51.81,$55.95,,,None,Review,,"Common proposed price for existing customer lists, including SNAP; Local calculation differs from Local Line; No approved Square match; Square price left blank",929120,929120,,$51.81,$55.95,No,LL 2026-10-01T17:03:29.099Z; Square 2026-10-01T17:01:23.965Z
1119806,1119806,Dinner in a Box: Pork Shoulder Roast,Full Farm CSA,NO PACKAGE,$98.14,$100.94,$109.02,,,None,Review,,"Common proposed price for existing customer lists, including SNAP; Local calculation differs from Local Line; No approved Square match; Square price left blank",947639,947639,,$100.94,$109.02,No,LL 2026-10-01T17:03:29.099Z; Square 2026-10-01T17:01:23.965Z
1119806,1119806,Dinner in a Box: Pork Shoulder Roast,Full Farm CSA,NO PACKAGE,$95.34,,,,,None,Hold,,No existing customer-list price; no proposed Local Line change; No approved Square match; Square price left blank,949065,949065,,,,No,LL 2026-10-01T17:03:29.099Z; Square 2026-10-01T17:01:23.965Z
1120973,1120973,Dinner in a Box: Pork Shoulder Roast,Full Farm CSA,NO PACKAGE,,,,,,None,Hold,,HOLD: missing package record; No approved Square match; Square price left blank,,,,,,No,LL 2026-10-01T17:03:29.099Z; Square 2026-10-01T17:01:23.965Z
1120974,1120974,Dinner in a Box: Pork Shoulder Roast-No Dairy,Full Farm CSA,NO PACKAGE,$84.14,$86.54,$93.46,,,None,Review,,"Common proposed price for existing customer lists, including SNAP; Local calculation differs from Local Line; No approved Square match; Square price left blank",949066,949066,,$86.54,$93.46,No,LL 2026-10-01T17:03:29.099Z; Square 2026-10-01T17:01:23.965Z
1133712,1133712,Dinner in a Box: Roasting Chicken,Full Farm CSA,NO PACKAGE,$91.21,$93.82,$101.33,,,None,Review,,"Common proposed price for existing customer lists, including SNAP; Local calculation differs from Local Line; No approved Square match; Square price left blank",969091,969091,,$93.82,$101.33,No,LL 2026-10-01T17:03:29.099Z; Square 2026-10-01T17:01:23.965Z
1133712,1133712,Dinner in a Box: Roasting Chicken,Full Farm CSA,NO PACKAGE,$70.00,,,,,None,Hold,,No existing customer-list price; no proposed Local Line change; No approved Square match; Square price left blank,969092,969092,,,,No,LL 2026-10-01T17:03:29.099Z; Square 2026-10-01T17:01:23.965Z
1133713,1133713,Dinner in a Box: Roasting Chicken,Full Farm CSA,NO PACKAGE,,,,,,None,Hold,,HOLD: missing package record; No approved Square match; Square price left blank,,,,,,No,LL 2026-10-01T17:03:29.099Z; Square 2026-10-01T17:01:23.965Z
1133714,1133714,Dinner in a Box: Roasting Chicken - No Dairy,Full Farm CSA,NO PACKAGE,$77.21,$79.42,$85.77,,,None,Review,,"Common proposed price for existing customer lists, including SNAP; Local calculation differs from Local Line; No approved Square match; Square price left blank",969093,969093,,$79.42,$85.77,No,LL 2026-10-01T17:03:29.099Z; Square 2026-10-01T17:01:23.965Z
1026121,1026121,Economy CSA Membership,Full Farm CSA,ea,$120.00,$120.00,$120.00,,,None,No change,,Membership reference only; no change; No approved Square match; Square price left blank,815756,815756,,$120.00,$120.00,Yes,LL 2026-10-01T17:03:29.099Z; Square 2026-10-01T17:01:23.965Z
892732,892732,Employee - Forager CSA Membership,Full Farm CSA,ea,$100.00,$100.00,$100.00,,,None,No change,,Membership reference only; no change; No approved Square match; Square price left blank,632658,632658,,$100.00,$100.00,Yes,LL 2026-10-01T17:03:29.099Z; Square 2026-10-01T17:01:23.965Z
892736,892736,Employee - Grazer CSA Membership,Full Farm CSA,ea,$150.00,$150.00,$150.00,,,None,No change,,Membership reference only; no change; No approved Square match; Square price left blank,632662,632662,,$150.00,$150.00,Yes,LL 2026-10-01T17:03:29.099Z; Square 2026-10-01T17:01:23.965Z
892735,892735,Employee - Harvester CSA Membership,Full Farm CSA,ea,$250.00,$250.00,$250.00,,,None,No change,,Membership reference only; no change; No approved Square match; Square price left blank,632661,632661,,$250.00,$250.00,Yes,LL 2026-10-01T17:03:29.099Z; Square 2026-10-01T17:01:23.965Z
803702,803702,Forager CSA Membership,Full Farm CSA,Forager CSA Membership,$200.00,$200.00,$200.00,,,None,No change,,Membership reference only; no change; No approved Square match; Square price left blank,524277,524277,,$200.00,$200.00,Yes,LL 2026-10-01T17:03:29.099Z; Square 2026-10-01T17:01:23.965Z
803702,803702,Forager CSA Membership,Full Farm CSA,Grazer CSA Membership,$300.00,$300.00,$300.00,,,None,No change,,Membership reference only; no change; No approved Square match; Square price left blank,568257,568257,,$300.00,$300.00,Yes,LL 2026-10-01T17:03:29.099Z; Square 2026-10-01T17:01:23.965Z
803702,803702,Forager CSA Membership,Full Farm CSA,Harvester CSA Membership,$500.00,$500.00,$500.00,,,None,No change,,Membership reference only; no change; No approved Square match; Square price left blank,568258,568258,,$500.00,$500.00,Yes,LL 2026-10-01T17:03:29.099Z; Square 2026-10-01T17:01:23.965Z
805758,805758,Frozen Blueberries,Full Farm CSA,~1.0 lbs,$6.30,$6.30,$6.80,,,None,Review,,"Common proposed price for existing customer lists, including SNAP; No approved Square match; Square price left blank",526813,526813,,$6.30,$6.80,Yes,LL 2026-10-01T17:03:29.099Z; Square 2026-10-01T17:01:23.965Z
805765,805765,Frozen Strawberries,Full Farm CSA,~1 lbs,$9.80,$9.80,$10.58,,,None,Review,,"Common proposed price for existing customer lists, including SNAP; No approved Square match; Square price left blank",526821,526821,,$9.80,$10.58,No,LL 2026-10-01T17:03:29.099Z; Square 2026-10-01T17:01:23.965Z
803701,803701,Grazer CSA Membership,Full Farm CSA,Grazer CSA Membership,$300.00,$300.00,$300.00,,,None,No change,,Membership reference only; no change; No approved Square match; Square price left blank,524276,524276,,$300.00,$300.00,Yes,LL 2026-10-01T17:03:29.099Z; Square 2026-10-01T17:01:23.965Z
1023667,1023667,Ground Meat Bundle,Full Farm CSA,Each,$46.34,$51.31,$55.41,,,None,Review,,"Common proposed price for existing customer lists, including SNAP; Local calculation differs from Local Line; No approved Square match; Square price left blank",811597,811597,,$51.31,$55.41,No,LL 2026-10-01T17:03:29.099Z; Square 2026-10-01T17:01:23.965Z
801914,801914,Harvester CSA Membership,Full Farm CSA,Harvester CSA Membership,$500.00,$500.00,$500.00,,,None,No change,,Membership reference only; no change; No approved Square match; Square price left blank,522155,522155,,$500.00,$500.00,Yes,LL 2026-10-01T17:03:29.099Z; Square 2026-10-01T17:01:23.965Z
1017942,1017942,Hyland Processing Variety Pack,Full Farm CSA,Each,$60.68,$67.18,$72.55,,,None,Review,,"Common proposed price for existing customer lists, including SNAP; Local calculation differs from Local Line; No approved Square match; Square price left blank",803346,803346,,$67.18,$72.55,No,LL 2026-10-01T17:03:29.099Z; Square 2026-10-01T17:01:23.965Z
1048444,1048444,Membership Fee,Full Farm CSA,Membership Fee and Herd Share,$50.00,$50.00,$50.00,,,None,No change,,Membership reference only; no change; No approved Square match; Square price left blank,851726,851726,,$50.00,$50.00,Yes,LL 2026-10-01T17:03:29.099Z; Square 2026-10-01T17:01:23.965Z
1049948,1049948,Mini Butternut Squash,Full Farm CSA,each,$2.80,$2.80,$3.02,,,None,Review,,"Common proposed price for existing customer lists, including SNAP; No approved Square match; Square price left blank",854210,854210,,$2.80,$3.02,Yes,LL 2026-10-01T17:03:29.099Z; Square 2026-10-01T17:01:23.965Z
1018199,1018199,Purple Top Turnip,Full Farm CSA,lb,$2.52,$2.52,$2.72,,,None,Review,,"Common proposed price for existing customer lists, including SNAP; No approved Square match; Square price left blank",803763,803763,,$2.52,$2.72,No,LL 2026-10-01T17:03:29.099Z; Square 2026-10-01T17:01:23.965Z
805764,805764,Quince,Full Farm CSA,each,$2.10,$2.10,$2.27,,,None,Review,,"Common proposed price for existing customer lists, including SNAP; No approved Square match; Square price left blank",526820,526820,,$2.10,$2.27,No,LL 2026-10-01T17:03:29.099Z; Square 2026-10-01T17:01:23.965Z
805806,805806,Rhubarb,Full Farm CSA,1 lb,$4.90,$4.90,$5.29,,,None,Review,,"Common proposed price for existing customer lists, including SNAP; Current list prices range $4.90–$5.42; baseline is Herd Share Members; No approved Square match; Square price left blank",526862,526862,,$4.90,$5.29,No,LL 2026-10-01T17:03:29.099Z; Square 2026-10-01T17:01:23.965Z
928528,928528,Tetsakabuto Winter Squash,Full Farm CSA,ea,$5.60,$5.60,$6.05,,,None,Review,,"Common proposed price for existing customer lists, including SNAP; No approved Square match; Square price left blank",676672,676672,,$5.60,$6.05,No,LL 2026-10-01T17:03:29.099Z; Square 2026-10-01T17:01:23.965Z
832550,832550,Tote Bag,Full Farm CSA,ea,$18.20,$18.20,$19.66,,,None,Review,,"Common proposed price for existing customer lists, including SNAP; No approved Square match; Square price left blank",558207,558207,,$18.20,$19.66,Yes,LL 2026-10-01T17:03:29.099Z; Square 2026-10-01T17:01:23.965Z
899373,899373,Tropea onion,Full Farm CSA,lb,$3.08,$3.08,$3.33,,,None,Review,,"Common proposed price for existing customer lists, including SNAP; No approved Square match; Square price left blank",641157,641157,,$3.08,$3.33,No,LL 2026-10-01T17:03:29.099Z; Square 2026-10-01T17:01:23.965Z
812595,812595,Wildcraft Hot Sauce,Full Farm CSA,ea,$12.60,$12.60,$13.61,,,None,Review,,"Common proposed price for existing customer lists, including SNAP; No approved Square match; Square price left blank",534463,534463,,$12.60,$13.61,No,LL 2026-10-01T17:03:29.099Z; Square 2026-10-01T17:01:23.965Z
1071880,1071880,Winter Carrots,Full Farm CSA,2# bag,$5.60,,,,,None,Hold,,Mapped Local Line product not returned by live read; Mapped Local Line package not found under mapped product; No approved Square match; Square price left blank,880836,880836,,,,No,LL 2026-10-01T17:03:29.099Z; Square 2026-10-01T17:01:23.965Z
806012,806012,Yacon Tuber,Full Farm CSA,1 lb,$3.50,$3.50,$3.78,,,None,Review,,"Common proposed price for existing customer lists, including SNAP; No approved Square match; Square price left blank",527072,527072,,$3.50,$3.78,No,LL 2026-10-01T17:03:29.099Z; Square 2026-10-01T17:01:23.965Z
1026140,1026140,"""It Really Woks!"" Deodorant- Cedarwood and Fir",Granny Smith All Natural,2.5 oz ea,$14.70,$15.00,$16.20,,,None,Review,,"Common proposed price for existing customer lists, including SNAP; Current list prices range $14.70–$15.00; baseline is Herd Share Members; Local calculation differs from Local Line; No approved Square match; Square price left blank",815788,815788,,$15.00,$16.20,Yes,LL 2026-10-01T17:03:29.099Z; Square 2026-10-01T17:01:23.965Z
1026142,1026142,"""It Really Woks!"" Deodorant- Grapefruit",Granny Smith All Natural,2.5 oz ea,$14.70,$14.70,$15.88,,,None,Review,,"Common proposed price for existing customer lists, including SNAP; No approved Square match; Square price left blank",815790,815790,,$14.70,$15.88,Yes,LL 2026-10-01T17:03:29.099Z; Square 2026-10-01T17:01:23.965Z
1026141,1026141,"""It Really Woks!"" Deodorant- Lavender",Granny Smith All Natural,2.5 oz ea,$14.70,$15.00,$16.20,,,None,Review,,"Common proposed price for existing customer lists, including SNAP; Current list prices range $14.70–$15.00; baseline is Herd Share Members; Local calculation differs from Local Line; No approved Square match; Square price left blank",815789,815789,,$15.00,$16.20,Yes,LL 2026-10-01T17:03:29.099Z; Square 2026-10-01T17:01:23.965Z
1094879,1094879,"""Sanitize Naturally"" Hand Sanitizer Spray w/ Lemongrass, Orange & Peppermint Essential Oils",Granny Smith All Natural,1 oz ea,$6.86,$6.86,$7.41,,,None,Review,,"Common proposed price for existing customer lists, including SNAP; No approved Square match; Square price left blank",909473,909473,,$6.86,$7.41,No,LL 2026-10-01T17:03:29.099Z; Square 2026-10-01T17:01:23.965Z
1026136,1026136,Gardener's Scrub Soap Bar- Lemongrass and Rosemary,Granny Smith All Natural,4.5 oz ea,$8.33,$8.00,$8.64,,,None,Review,,"Common proposed price for existing customer lists, including SNAP; Current list prices range $8.00–$8.33; baseline is Herd Share Members; Local calculation differs from Local Line; No approved Square match; Square price left blank",815781,815781,,$8.00,$8.64,No,LL 2026-10-01T17:03:29.099Z; Square 2026-10-01T17:01:23.965Z
1026134,1026134,Lavender Goodness Soap Bar,Granny Smith All Natural,4.5 oz ea,$8.33,$8.00,$8.64,,,None,Review,,"Common proposed price for existing customer lists, including SNAP; Current list prices range $8.00–$8.33; baseline is Herd Share Members; Local calculation differs from Local Line; No approved Square match; Square price left blank",815779,815779,,$8.00,$8.64,Yes,LL 2026-10-01T17:03:29.099Z; Square 2026-10-01T17:01:23.965Z
1026135,1026135,Old King Charcoal Soap Bar- Cedarwood and Fir,Granny Smith All Natural,4.5 oz ea,$8.33,$8.00,$8.64,,,None,Review,,"Common proposed price for existing customer lists, including SNAP; Current list prices range $8.00–$8.33; baseline is Herd Share Members; Local calculation differs from Local Line; No approved Square match; Square price left blank",815780,815780,,$8.00,$8.64,No,LL 2026-10-01T17:03:29.099Z; Square 2026-10-01T17:01:23.965Z
1033694,1033694,Oregon Peppermint Fields Soap Bar,Granny Smith All Natural,4.5 oz ea,$8.33,$8.00,$8.64,,,None,Review,,"Common proposed price for existing customer lists, including SNAP; Current list prices range $8.00–$8.33; baseline is Herd Share Members; Local calculation differs from Local Line; No approved Square match; Square price left blank",829893,829893,,$8.00,$8.64,No,LL 2026-10-01T17:03:29.099Z; Square 2026-10-01T17:01:23.965Z
1026139,1026139,Shampoo Bar-  Honeysuckle,Granny Smith All Natural,4.5 oz ea,$8.33,$8.00,$8.64,,,None,Review,,"Common proposed price for existing customer lists, including SNAP; Current list prices range $8.00–$8.33; baseline is Herd Share Members; Local calculation differs from Local Line; No approved Square match; Square price left blank",815785,815785,,$8.00,$8.64,No,LL 2026-10-01T17:03:29.099Z; Square 2026-10-01T17:01:23.965Z
1057489,1057489,Shampoo Bar-  Lavender,Granny Smith All Natural,4.5 oz ea,$8.33,$8.00,$8.64,,,None,Review,,"Common proposed price for existing customer lists, including SNAP; Current list prices range $8.00–$8.33; baseline is Herd Share Members; Local calculation differs from Local Line; No approved Square match; Square price left blank",863250,863250,,$8.00,$8.64,Yes,LL 2026-10-01T17:03:29.099Z; Square 2026-10-01T17:01:23.965Z
1026137,1026137,Shampoo Bar-  Lemongrass,Granny Smith All Natural,4.5 oz ea,$8.33,$8.00,$8.64,,,None,Review,,"Common proposed price for existing customer lists, including SNAP; Current list prices range $8.00–$8.33; baseline is Herd Share Members; Local calculation differs from Local Line; No approved Square match; Square price left blank",815782,815782,,$8.00,$8.64,Yes,LL 2026-10-01T17:03:29.099Z; Square 2026-10-01T17:01:23.965Z
1094108,1094108,Travel Size Bug Repellent Stick,Granny Smith All Natural,0.5 oz ea,$8.33,$8.33,$9.00,,,None,Review,,"Common proposed price for existing customer lists, including SNAP; No approved Square match; Square price left blank",908490,908490,,$8.33,$9.00,Yes,LL 2026-10-01T17:03:29.099Z; Square 2026-10-01T17:01:23.965Z
1022551,1022551,Travel Size Healing Stick,Granny Smith All Natural,0.35 oz ea,$6.86,$7.00,$7.56,,,None,Review,,"Common proposed price for existing customer lists, including SNAP; Current list prices range $6.86–$7.00; baseline is Herd Share Members; Local calculation differs from Local Line; No approved Square match; Square price left blank",810070,810070,,$7.00,$7.56,Yes,LL 2026-10-01T17:03:29.099Z; Square 2026-10-01T17:01:23.965Z
1127322,1127322,Travel Size Lotion Stick w/ Grapefruit Essential Oil,Granny Smith All Natural,0.5 oz ea,$8.33,$8.33,$9.00,,,None,Review,,"Common proposed price for existing customer lists, including SNAP; No approved Square match; Square price left blank",960324,960324,,$8.33,$9.00,Yes,LL 2026-10-01T17:03:29.099Z; Square 2026-10-01T17:01:23.965Z
1127318,1127318,Travel Size Lotion Stick w/ Honeysuckle Essential Oil,Granny Smith All Natural,0.35 oz ea,$5.88,$5.88,$6.35,,,None,Review,,"Common proposed price for existing customer lists, including SNAP; No approved Square match; Square price left blank",960320,960320,,$5.88,$6.35,No,LL 2026-10-01T17:03:29.099Z; Square 2026-10-01T17:01:23.965Z
1127319,1127319,Travel Size Lotion Stick w/ Lavender Essential Oil & Charcoal,Granny Smith All Natural,0.5 oz ea,$8.33,$8.33,$9.00,,,None,Review,,"Common proposed price for existing customer lists, including SNAP; No approved Square match; Square price left blank",960321,960321,,$8.33,$9.00,Yes,LL 2026-10-01T17:03:29.099Z; Square 2026-10-01T17:01:23.965Z
1127321,1127321,Travel Size Lotion Stick w/ Lemongrass & Orange Essential Oils & Turmeric,Granny Smith All Natural,0.35 oz ea,$5.88,$5.88,$6.35,,,None,Review,,"Common proposed price for existing customer lists, including SNAP; No approved Square match; Square price left blank",960323,960323,,$5.88,$6.35,Yes,LL 2026-10-01T17:03:29.099Z; Square 2026-10-01T17:01:23.965Z
1094107,1094107,Virtuous Lemon Soap Bar,Granny Smith All Natural,4.5 oz ea,$8.33,$8.00,$8.64,,,None,Review,,"Common proposed price for existing customer lists, including SNAP; Current list prices range $8.00–$8.33; baseline is Herd Share Members; Local calculation differs from Local Line; No approved Square match; Square price left blank",908489,908489,,$8.00,$8.64,No,LL 2026-10-01T17:03:29.099Z; Square 2026-10-01T17:01:23.965Z
1122286,1122286,Baby Green Salad Mix (1/2 lb),Grazier's Garden,bag,$5.60,$5.60,$6.05,,,None,Review,,"Common proposed price for existing customer lists, including SNAP; No approved Square match; Square price left blank",950716,950716,,$5.60,$6.05,No,LL 2026-10-01T17:03:29.099Z; Square 2026-10-01T17:01:23.965Z
1123569,1123569,Baby Kale (1/2lb),Grazier's Garden,bag,$5.60,$5.60,$6.05,,,None,Review,,"Common proposed price for existing customer lists, including SNAP; No approved Square match; Square price left blank",952531,952531,,$5.60,$6.05,No,LL 2026-10-01T17:03:29.099Z; Square 2026-10-01T17:01:23.965Z
1018696,1018696,Blue Kuri Kabocha Squash,Grazier's Garden,ea,$5.60,$5.60,$6.05,,,None,Review,,"Common proposed price for existing customer lists, including SNAP; No approved Square match; Square price left blank",804395,804395,,$5.60,$6.05,No,LL 2026-10-01T17:03:29.099Z; Square 2026-10-01T17:01:23.965Z
805858,805858,Broccoli Greens,Grazier's Garden,each,$5.95,$5.95,$6.43,,,None,Review,,"Common proposed price for existing customer lists, including SNAP; No approved Square match; Square price left blank",526916,526916,,$5.95,$6.43,No,LL 2026-10-01T17:03:29.099Z; Square 2026-10-01T17:01:23.965Z
1017975,1017975,Bulk Carrots,Grazier's Garden,pound,$3.08,$3.08,$3.33,,,None,Review,,"Common proposed price for existing customer lists, including SNAP; No approved Square match; Square price left blank",803425,803425,,$3.08,$3.33,No,LL 2026-10-01T17:03:29.099Z; Square 2026-10-01T17:01:23.965Z
1004361,1004361,Bulk Red Beets - 5lb. bag,Grazier's Garden,5lb. bag,$9.03,$9.03,$9.75,,,None,Review,,"Common proposed price for existing customer lists, including SNAP; No approved Square match; Square price left blank",784289,784289,,$9.03,$9.75,No,LL 2026-10-01T17:03:29.099Z; Square 2026-10-01T17:01:23.965Z
805847,805847,Butternut Squash,Grazier's Garden,each,$4.90,$4.90,$5.29,,,None,Review,,"Common proposed price for existing customer lists, including SNAP; No approved Square match; Square price left blank",526905,526905,,$4.90,$5.29,No,LL 2026-10-01T17:03:29.099Z; Square 2026-10-01T17:01:23.965Z
805769,805769,Cantaloupe,Grazier's Garden,each,$6.65,$6.65,$7.18,,,None,Review,,"Common proposed price for existing customer lists, including SNAP; No approved Square match; Square price left blank",526825,526825,,$6.65,$7.18,No,LL 2026-10-01T17:03:29.099Z; Square 2026-10-01T17:01:23.965Z
1012284,1012284,Carrot (Baby) Bunch,Grazier's Garden,bu,$3.78,$3.78,$4.08,,,None,Review,,"Common proposed price for existing customer lists, including SNAP; No approved Square match; Square price left blank",795617,795617,,$3.78,$4.08,No,LL 2026-10-01T17:03:29.099Z; Square 2026-10-01T17:01:23.965Z
1056158,1056158,Cauliflower,Grazier's Garden,ea,$7.00,$7.00,$7.56,,,None,Review,,"Common proposed price for existing customer lists, including SNAP; No approved Square match; Square price left blank",861540,861540,,$7.00,$7.56,No,LL 2026-10-01T17:03:29.099Z; Square 2026-10-01T17:01:23.965Z
1017030,1017030,Cornito Peppers,Grazier's Garden,pound,$5.25,$5.25,$5.67,,,None,Review,,"Common proposed price for existing customer lists, including SNAP; No approved Square match; Square price left blank",802189,802189,,$5.25,$5.67,No,LL 2026-10-01T17:03:29.099Z; Square 2026-10-01T17:01:23.965Z
993775,993775,Dried English Lavender,Grazier's Garden,ea,$4.76,$4.76,$5.14,,,None,Review,,"Common proposed price for existing customer lists, including SNAP; No approved Square match; Square price left blank",766895,766895,,$4.76,$5.14,No,LL 2026-10-01T17:03:29.099Z; Square 2026-10-01T17:01:23.965Z
805891,805891,Edible Calendula Flower,Grazier's Garden,each,$5.60,$5.60,$6.05,,,None,Review,,"Common proposed price for existing customer lists, including SNAP; No approved Square match; Square price left blank",526949,526949,,$5.60,$6.05,No,LL 2026-10-01T17:03:29.099Z; Square 2026-10-01T17:01:23.965Z
976168,976168,French Breakfast Radish,Grazier's Garden,Bunch,$2.80,$2.80,$3.02,,,None,Review,,"Common proposed price for existing customer lists, including SNAP; No approved Square match; Square price left blank",741892,741892,,$2.80,$3.02,No,LL 2026-10-01T17:03:29.099Z; Square 2026-10-01T17:01:23.965Z
981788,981788,Fresh Cherries,Grazier's Garden,1 pint,$6.30,$6.30,$6.80,,,None,Review,,"Common proposed price for existing customer lists, including SNAP; No approved Square match; Square price left blank",750321,750321,,$6.30,$6.80,No,LL 2026-10-01T17:03:29.099Z; Square 2026-10-01T17:01:23.965Z
995640,995640,Fresh Chocolate Mint,Grazier's Garden,bu,$3.50,$3.50,$3.78,,,None,Review,,"Common proposed price for existing customer lists, including SNAP; No approved Square match; Square price left blank",770068,770068,,$3.50,$3.78,No,LL 2026-10-01T17:03:29.099Z; Square 2026-10-01T17:01:23.965Z
1004523,1004523,Fresh Cilantro,Grazier's Garden,bunch,$4.20,$4.20,$4.54,,,None,Review,,"Common proposed price for existing customer lists, including SNAP; No approved Square match; Square price left blank",784559,784559,,$4.20,$4.54,No,LL 2026-10-01T17:03:29.099Z; Square 2026-10-01T17:01:23.965Z
982957,982957,Fresh Lavender,Grazier's Garden,bu,$5.25,$5.25,$5.67,,,None,Review,,"Common proposed price for existing customer lists, including SNAP; No approved Square match; Square price left blank",751661,751661,,$5.25,$5.67,No,LL 2026-10-01T17:03:29.099Z; Square 2026-10-01T17:01:23.965Z
805936,805936,Fresh Oregano,Grazier's Garden,Bunch,$2.80,$2.80,$3.02,,,None,Review,,"Common proposed price for existing customer lists, including SNAP; No approved Square match; Square price left blank",526996,526996,,$2.80,$3.02,No,LL 2026-10-01T17:03:29.099Z; Square 2026-10-01T17:01:23.965Z
805813,805813,Fresh Rosemary,Grazier's Garden,each,$2.80,$2.80,$3.02,,,None,Review,,"Common proposed price for existing customer lists, including SNAP; No approved Square match; Square price left blank",526870,526870,,$2.80,$3.02,Yes,LL 2026-10-01T17:03:29.099Z; Square 2026-10-01T17:01:23.965Z
1107077,1107077,Fresh Sage,Grazier's Garden,bu,$3.99,$3.99,$4.31,,,None,Review,,"Common proposed price for existing customer lists, including SNAP; No approved Square match; Square price left blank",925321,925321,,$3.99,$4.31,No,LL 2026-10-01T17:03:29.099Z; Square 2026-10-01T17:01:23.965Z
805809,805809,Fresh Spearmint,Grazier's Garden,Bunch,$2.80,$2.80,$3.02,,,None,Review,,"Common proposed price for existing customer lists, including SNAP; No approved Square match; Square price left blank",526867,526867,,$2.80,$3.02,No,LL 2026-10-01T17:03:29.099Z; Square 2026-10-01T17:01:23.965Z
995529,995529,Fresh Strawberries,Grazier's Garden,each,$2.45,$2.45,$2.65,,,None,Review,,"Common proposed price for existing customer lists, including SNAP; No approved Square match; Square price left blank",769872,769872,,$2.45,$2.65,No,LL 2026-10-01T17:03:29.099Z; Square 2026-10-01T17:01:23.965Z
805767,805767,Fresh Strawberries,Grazier's Garden,Pint,$5.95,$5.95,$6.43,,,None,Review,,"Common proposed price for existing customer lists, including SNAP; No approved Square match; Square price left blank",526823,526823,,$5.95,$6.43,No,LL 2026-10-01T17:03:29.099Z; Square 2026-10-01T17:01:23.965Z
964210,964210,Fresh Thyme,Grazier's Garden,each,$3.99,$3.99,$4.31,,,None,Review,,"Common proposed price for existing customer lists, including SNAP; No approved Square match; Square price left blank",725645,725645,,$3.99,$4.31,No,LL 2026-10-01T17:03:29.099Z; Square 2026-10-01T17:01:23.965Z
991582,991582,Frozen Blackberries,Grazier's Garden,lb,$14.00,$14.00,$15.12,,,None,Review,,"Common proposed price for existing customer lists, including SNAP; No approved Square match; Square price left blank",764004,764004,,$14.00,$15.12,No,LL 2026-10-01T17:03:29.099Z; Square 2026-10-01T17:01:23.965Z
972698,972698,Frozen Cherry Tomatoes,Grazier's Garden,1 lb,$5.25,$5.25,$5.67,,,None,Review,,"Common proposed price for existing customer lists, including SNAP; No approved Square match; Square price left blank",737048,737048,,$5.25,$5.67,No,LL 2026-10-01T17:03:29.099Z; Square 2026-10-01T17:01:23.965Z
975655,975655,Frozen Golden Cherry Tomatoes,Grazier's Garden,lb,$5.60,$5.60,$6.05,,,None,Review,,"Common proposed price for existing customer lists, including SNAP; No approved Square match; Square price left blank",741109,741109,,$5.60,$6.05,No,LL 2026-10-01T17:03:29.099Z; Square 2026-10-01T17:01:23.965Z
1004866,1004866,Frozen Heirloom Tomatoes,Grazier's Garden,Frozen Tomatoes,$2.10,$2.10,$2.27,,,None,Review,,"Common proposed price for existing customer lists, including SNAP; No approved Square match; Square price left blank",785038,785038,,$2.10,$2.27,Yes,LL 2026-10-01T17:03:29.099Z; Square 2026-10-01T17:01:23.965Z
988134,988134,Frozen Pitted Cherries,Grazier's Garden,lb,$14.00,$14.00,$15.12,,,None,Review,,"Common proposed price for existing customer lists, including SNAP; No approved Square match; Square price left blank",759450,759450,,$14.00,$15.12,No,LL 2026-10-01T17:03:29.099Z; Square 2026-10-01T17:01:23.965Z
1122274,1122274,Garlic Scapes,Grazier's Garden,bu,$2.80,$2.80,$3.02,,,None,Review,,"Common proposed price for existing customer lists, including SNAP; No approved Square match; Square price left blank",950702,950702,,$2.80,$3.02,No,LL 2026-10-01T17:03:29.099Z; Square 2026-10-01T17:01:23.965Z
978368,978368,Grazier's Salad Mix,Grazier's Garden,1/2 lb,$5.60,$5.60,$6.05,,,Active — retain sale; rate unavailable,Review,,"Common proposed price for existing customer lists, including SNAP; Retain active Local Line sale; local sale flag differs; Sale flag retained; regular price/discount must be checked before publication; No approved Square match; Square price left blank",745074,745074,,,,No,LL 2026-10-01T17:03:29.099Z; Square 2026-10-01T17:01:23.965Z
805922,805922,Green Tomatoes,Grazier's Garden,1 lb,$2.80,$2.80,$3.02,,,None,Review,,"Common proposed price for existing customer lists, including SNAP; No approved Square match; Square price left blank",526982,526982,,$2.80,$3.02,Yes,LL 2026-10-01T17:03:29.099Z; Square 2026-10-01T17:01:23.965Z
1000029,1000029,Heirloom Tomatoes,Grazier's Garden,pound,$4.55,$4.55,$4.91,,,24% — retained,Review,,"Common proposed price for existing customer lists, including SNAP; Retain active Local Line sale; local sale flag differs; No approved Square match; Square price left blank",777061,777061,,$5.99,$6.47,No,LL 2026-10-01T17:03:29.099Z; Square 2026-10-01T17:01:23.965Z
805757,805757,Honeydew Melon,Grazier's Garden,each,$9.31,$9.31,$10.05,,,None,Review,,"Common proposed price for existing customer lists, including SNAP; No approved Square match; Square price left blank",526812,526812,,$9.31,$10.05,No,LL 2026-10-01T17:03:29.099Z; Square 2026-10-01T17:01:23.965Z
812620,812620,Italian Eggplant,Grazier's Garden,pound,$3.92,$3.92,$4.23,,,None,Review,,"Common proposed price for existing customer lists, including SNAP; No approved Square match; Square price left blank",534488,534488,,$3.92,$4.23,Yes,LL 2026-10-01T17:03:29.099Z; Square 2026-10-01T17:01:23.965Z
1000031,1000031,Italian Sweet Frying Peppers,Grazier's Garden,1 lb,$3.50,$3.50,$3.78,,,None,Review,,"Common proposed price for existing customer lists, including SNAP; No approved Square match; Square price left blank",777063,777063,,$3.50,$3.78,No,LL 2026-10-01T17:03:29.099Z; Square 2026-10-01T17:01:23.965Z
1091600,1091600,Kale Raab,Grazier's Garden,bu,$4.90,$4.90,$5.29,,,None,Review,,"Common proposed price for existing customer lists, including SNAP; No approved Square match; Square price left blank",905262,905262,,$4.90,$5.29,No,LL 2026-10-01T17:03:29.099Z; Square 2026-10-01T17:01:23.965Z
1091602,1091602,Lacinato Kale,Grazier's Garden,bu,$4.20,$3.00,$3.24,,,None,Review,,"Common proposed price for existing customer lists, including SNAP; Current list prices range $3.00–$4.20; baseline is Herd Share Members; Local calculation differs from Local Line; No approved Square match; Square price left blank",905264,905264,,$3.00,$3.24,No,LL 2026-10-01T17:03:29.099Z; Square 2026-10-01T17:01:23.965Z
914550,914550,Mini Watermelon,Grazier's Garden,pound,$2.80,$2.80,$3.02,,,None,Review,,"Common proposed price for existing customer lists, including SNAP; No approved Square match; Square price left blank",660245,660245,,$2.80,$3.02,No,LL 2026-10-01T17:03:29.099Z; Square 2026-10-01T17:01:23.965Z
882733,882733,Mixed salad greens,Grazier's Garden,1/2 lb,$7.00,$7.00,$7.56,,,None,Review,,"Common proposed price for existing customer lists, including SNAP; No approved Square match; Square price left blank",619491,619491,,$7.00,$7.56,No,LL 2026-10-01T17:03:29.099Z; Square 2026-10-01T17:01:23.965Z
805862,805862,Oxheart Heirloom Tomatoes,Grazier's Garden,1 lb,$5.60,$5.60,$6.05,,,None,Review,,"Common proposed price for existing customer lists, including SNAP; No approved Square match; Square price left blank",526920,526920,,$5.60,$6.05,No,LL 2026-10-01T17:03:29.099Z; Square 2026-10-01T17:01:23.965Z
805855,805855,Paste Tomatoes,Grazier's Garden,1 lb,$3.50,$3.50,$3.78,,,22.57% — retained,Review,,"Common proposed price for existing customer lists, including SNAP; Retain active Local Line sale; local sale flag differs; No approved Square match; Square price left blank",526913,526913,,$4.52,$4.88,No,LL 2026-10-01T17:03:29.099Z; Square 2026-10-01T17:01:23.965Z
986031,986031,Pehoski Purple Bulb Garlic,Grazier's Garden,1/2 lb,$7.00,$7.00,$7.56,,,None,Review,,"Common proposed price for existing customer lists, including SNAP; No approved Square match; Square price left blank",756214,756214,,$7.00,$7.56,No,LL 2026-10-01T17:03:29.099Z; Square 2026-10-01T17:01:23.965Z
905272,905272,Pickled Garlic Scapes,Grazier's Garden,pt,$11.20,$11.20,$12.10,,,None,Review,,"Common proposed price for existing customer lists, including SNAP; No approved Square match; Square price left blank",648936,648936,,$11.20,$12.10,No,LL 2026-10-01T17:03:29.099Z; Square 2026-10-01T17:01:23.965Z
805933,805933,Purple Bell Peppers,Grazier's Garden,each,$2.80,$2.80,$3.02,,,None,Review,,"Common proposed price for existing customer lists, including SNAP; No approved Square match; Square price left blank",526993,526993,,$2.80,$3.02,No,LL 2026-10-01T17:03:29.099Z; Square 2026-10-01T17:01:23.965Z
1011853,1011853,Purple Bell Peppers,Grazier's Garden,each,$2.80,$2.80,$3.02,,,None,Review,,"Common proposed price for existing customer lists, including SNAP; No approved Square match; Square price left blank",794969,794969,,$2.80,$3.02,No,LL 2026-10-01T17:03:29.099Z; Square 2026-10-01T17:01:23.965Z
805951,805951,Purple Onion,Grazier's Garden,each,$6.65,$6.65,$7.18,,,None,Review,,"Common proposed price for existing customer lists, including SNAP; No approved Square match; Square price left blank",527011,527011,,$6.65,$7.18,No,LL 2026-10-01T17:03:29.099Z; Square 2026-10-01T17:01:23.965Z
805955,805955,Purple Sprouting Broccoli,Grazier's Garden,each,$3.85,$3.85,$4.16,,,None,Review,,"Common proposed price for existing customer lists, including SNAP; No approved Square match; Square price left blank",527015,527015,,$3.85,$4.16,No,LL 2026-10-01T17:03:29.099Z; Square 2026-10-01T17:01:23.965Z
805958,805958,Rainbow Chard,Grazier's Garden,each,$3.00,$3.00,$3.24,,,None,Review,,"Common proposed price for existing customer lists, including SNAP; No approved Square match; Square price left blank",527019,527019,,$3.00,$3.24,No,LL 2026-10-01T17:03:29.099Z; Square 2026-10-01T17:01:23.965Z
805965,805965,Red Slicer Tomato,Grazier's Garden,lb,$2.80,$2.80,$3.02,,,None,Review,,"Common proposed price for existing customer lists, including SNAP; No approved Square match; Square price left blank",527025,527025,,$2.80,$3.02,No,LL 2026-10-01T17:03:29.099Z; Square 2026-10-01T17:01:23.965Z
805986,805986,Red Slicer Tomatoes,Grazier's Garden,1 lb,$3.08,$3.08,$3.33,,,31.86% — retained,Review,,"Common proposed price for existing customer lists, including SNAP; Retain active Local Line sale; local sale flag differs; No approved Square match; Square price left blank",527045,527045,,$4.52,$4.88,No,LL 2026-10-01T17:03:29.099Z; Square 2026-10-01T17:01:23.965Z
1128173,1128173,Salad Turnips (Hakurei),Grazier's Garden,bu,$3.01,$3.15,$3.40,,,None,Review,,"Common proposed price for existing customer lists, including SNAP; Local calculation differs from Local Line; No approved Square match; Square price left blank",961508,961508,,$3.15,$3.40,No,LL 2026-10-01T17:03:29.099Z; Square 2026-10-01T17:01:23.965Z
910701,910701,Shishito Pepper Pint,Grazier's Garden,each,$4.20,$4.13,$4.46,,,None,Review,,"Common proposed price for existing customer lists, including SNAP; Current list prices range $3.85–$4.13; baseline is Herd Share Members; Local calculation differs from Local Line; No approved Square match; Square price left blank",655777,655777,,$4.13,$4.46,No,LL 2026-10-01T17:03:29.099Z; Square 2026-10-01T17:01:23.965Z
986027,986027,Shishito Peppers,Grazier's Garden,1/2 lb,$4.20,$4.20,$4.54,,,None,Review,,"Common proposed price for existing customer lists, including SNAP; No approved Square match; Square price left blank",756207,756207,,$4.20,$4.54,No,LL 2026-10-01T17:03:29.099Z; Square 2026-10-01T17:01:23.965Z
896390,896390,Shishito Peppers,Grazier's Garden,Lb.,$3.15,$3.15,$3.40,,,None,Review,,"Common proposed price for existing customer lists, including SNAP; No approved Square match; Square price left blank",637202,637202,,$3.15,$3.40,No,LL 2026-10-01T17:03:29.099Z; Square 2026-10-01T17:01:23.965Z
805999,805999,Sora Radish,Grazier's Garden,each,$2.80,$2.80,$3.02,,,None,Review,,"Common proposed price for existing customer lists, including SNAP; No approved Square match; Square price left blank",527059,527059,,$2.80,$3.02,No,LL 2026-10-01T17:03:29.099Z; Square 2026-10-01T17:01:23.965Z
812624,812624,Spanish Onion,Grazier's Garden,pound,$5.25,$5.25,$5.67,,,None,Review,,"Common proposed price for existing customer lists, including SNAP; No approved Square match; Square price left blank",534492,534492,,$5.25,$5.67,No,LL 2026-10-01T17:03:29.099Z; Square 2026-10-01T17:01:23.965Z
805814,805814,Speckled Roman Tomato,Grazier's Garden,1 lb,$5.95,$5.95,$6.43,,,None,Review,,"Common proposed price for existing customer lists, including SNAP; No approved Square match; Square price left blank",526871,526871,,$5.95,$6.43,No,LL 2026-10-01T17:03:29.099Z; Square 2026-10-01T17:01:23.965Z
1128174,1128174,Spinach (1/2 lb),Grazier's Garden,bag,$6.02,$6.02,$6.50,,,None,Review,,"Common proposed price for existing customer lists, including SNAP; No approved Square match; Square price left blank",961510,961510,,$6.02,$6.50,No,LL 2026-10-01T17:03:29.099Z; Square 2026-10-01T17:01:23.965Z
995638,995638,Squash Abundance,Grazier's Garden,pound,$0.00,$0.00,$0.00,,,None,Review,,"Common proposed price for existing customer lists, including SNAP; No approved Square match; Square price left blank",770066,770066,,$0.00,$0.00,No,LL 2026-10-01T17:03:29.099Z; Square 2026-10-01T17:01:23.965Z
997517,997517,Winterbor Mixed Curly Kale Bunch,Grazier's Garden,bu,$4.20,$4.20,$4.54,,,None,Review,,"Common proposed price for existing customer lists, including SNAP; No approved Square match; Square price left blank",772950,772950,,$4.20,$4.54,No,LL 2026-10-01T17:03:29.099Z; Square 2026-10-01T17:01:23.965Z
805841,805841,Yellow Summer Squash,Grazier's Garden,1 lb,$2.80,$2.80,$3.02,,,None,Review,,"Common proposed price for existing customer lists, including SNAP; No approved Square match; Square price left blank",526899,526899,,$2.80,$3.02,No,LL 2026-10-01T17:03:29.099Z; Square 2026-10-01T17:01:23.965Z
995639,995639,Zinnia Bouquet,Grazier's Garden,ea,$9.45,$9.45,$10.21,,,None,Review,,"Common proposed price for existing customer lists, including SNAP; No approved Square match; Square price left blank",770067,770067,,$9.45,$10.21,No,LL 2026-10-01T17:03:29.099Z; Square 2026-10-01T17:01:23.965Z
1004525,1004525,Zinnia Bunch,Grazier's Garden,bu,$5.60,$5.60,$6.05,,,None,Review,,"Common proposed price for existing customer lists, including SNAP; No approved Square match; Square price left blank",784561,784561,,$5.60,$6.05,No,LL 2026-10-01T17:03:29.099Z; Square 2026-10-01T17:01:23.965Z
805730,805730,The Daily Jar Tote/Jar Bag: Organic Waxed Canvas-WFTO Certified,Jar Joy Goods,each,$58.73,$58.73,$63.43,,,None,Review,,"Common proposed price for existing customer lists, including SNAP; No approved Square match; Square price left blank",526785,526785,,$58.73,$63.43,Yes,LL 2026-10-01T17:03:29.099Z; Square 2026-10-01T17:01:23.965Z
805731,805731,The Insulated Jar Tote/Jar Bag: Hemp + Natural Rubber (Yulex),Jar Joy Goods,each,$154.70,$143.65,$155.14,,,None,Review,,"Common proposed price for existing customer lists, including SNAP; Current list prices range $143.65–$154.70; baseline is Herd Share Members; Local calculation differs from Local Line; No approved Square match; Square price left blank",526786,526786,,$143.65,$155.14,Yes,LL 2026-10-01T17:03:29.099Z; Square 2026-10-01T17:01:23.965Z
1108430,1108430,Baby Bok Choi,Little Wings,Bunch,$3.15,$3.15,$3.40,,,None,Review,,"Common proposed price for existing customer lists, including SNAP; No approved Square match; Square price left blank",927191,927191,,$3.15,$3.40,No,LL 2026-10-01T17:03:29.099Z; Square 2026-10-01T17:01:23.965Z
883820,883820,Basil,Little Wings,1 bu.,$3.15,$3.15,$3.40,,,None,Review,,"Common proposed price for existing customer lists, including SNAP; No approved Square match; Square price left blank",621072,621072,,$3.15,$3.40,No,LL 2026-10-01T17:03:29.099Z; Square 2026-10-01T17:01:23.965Z
812659,812659,Cilantro,Little Wings,bu,$2.80,$2.80,$3.02,,,None,Review,,"Common proposed price for existing customer lists, including SNAP; No approved Square match; Square price left blank",534527,534527,,$2.80,$3.02,Yes,LL 2026-10-01T17:03:29.099Z; Square 2026-10-01T17:01:23.965Z
991548,991548,Cosmic Gold Potato,Little Wings,lb,$3.15,$3.15,$3.40,,,None,Review,,"Common proposed price for existing customer lists, including SNAP; No approved Square match; Square price left blank",763969,763969,,$3.15,$3.40,No,LL 2026-10-01T17:03:29.099Z; Square 2026-10-01T17:01:23.965Z
812656,812656,Dino Lacinato Kale,Little Wings,bu,$2.80,$2.80,$3.02,,,None,Review,,"Common proposed price for existing customer lists, including SNAP; No approved Square match; Square price left blank",534524,534524,,$2.80,$3.02,Yes,LL 2026-10-01T17:03:29.099Z; Square 2026-10-01T17:01:23.965Z
805893,805893,Fava Beans,Little Wings,1 lb,$3.08,$3.08,$3.33,,,None,Review,,"Common proposed price for existing customer lists, including SNAP; No approved Square match; Square price left blank",526952,526952,,$3.08,$3.33,No,LL 2026-10-01T17:03:29.099Z; Square 2026-10-01T17:01:23.965Z
805898,805898,Fennel,Little Wings,each,$3.15,$3.15,$3.40,,,None,Review,,"Common proposed price for existing customer lists, including SNAP; No approved Square match; Square price left blank",526956,526956,,$3.15,$3.40,Yes,LL 2026-10-01T17:03:29.099Z; Square 2026-10-01T17:01:23.965Z
805911,805911,Frisee Lettuce,Little Wings,each,$3.50,$3.50,$3.78,,,None,Review,,"Common proposed price for existing customer lists, including SNAP; No approved Square match; Square price left blank",526969,526969,,$3.50,$3.78,Yes,LL 2026-10-01T17:03:29.099Z; Square 2026-10-01T17:01:23.965Z
805869,805869,Green  Butterhead Lettuce,Little Wings,each,$2.80,$2.80,$3.02,,,None,Review,,"Common proposed price for existing customer lists, including SNAP; No approved Square match; Square price left blank",526927,526927,,$2.80,$3.02,No,LL 2026-10-01T17:03:29.099Z; Square 2026-10-01T17:01:23.965Z
897379,897379,Green beans,Little Wings,pound,$6.30,$6.30,$6.80,,,None,Review,,"Common proposed price for existing customer lists, including SNAP; No approved Square match; Square price left blank",638626,638626,,$6.30,$6.80,No,LL 2026-10-01T17:03:29.099Z; Square 2026-10-01T17:01:23.965Z
980329,980329,Green Broccolini,Little Wings,each,$3.85,$3.85,$4.16,,,None,Review,,"Common proposed price for existing customer lists, including SNAP; No approved Square match; Square price left blank",748244,748244,,$3.85,$4.16,No,LL 2026-10-01T17:03:29.099Z; Square 2026-10-01T17:01:23.965Z
805848,805848,Green Curly Kale,Little Wings,each,$2.80,$2.80,$3.02,,,None,Review,,"Common proposed price for existing customer lists, including SNAP; No approved Square match; Square price left blank",526906,526906,,$2.80,$3.02,Yes,LL 2026-10-01T17:03:29.099Z; Square 2026-10-01T17:01:23.965Z
982583,982583,Green Kohlrabi,Little Wings,1 bunch,$3.15,$3.15,$3.40,,,None,Review,,"Common proposed price for existing customer lists, including SNAP; No approved Square match; Square price left blank",751076,751076,,$3.15,$3.40,No,LL 2026-10-01T17:03:29.099Z; Square 2026-10-01T17:01:23.965Z
1129571,1129571,Green Kohlrabi,Little Wings,1 lb,$3.15,$3.15,$3.40,,,None,Review,,"Common proposed price for existing customer lists, including SNAP; No approved Square match; Square price left blank",963330,963330,,$3.15,$3.40,No,LL 2026-10-01T17:03:29.099Z; Square 2026-10-01T17:01:23.965Z
1006109,1006109,Green Lunchbox Peppers,Little Wings,1 lb,$5.60,$5.60,$6.05,,,None,Review,,"Common proposed price for existing customer lists, including SNAP; No approved Square match; Square price left blank",786672,786672,,$5.60,$6.05,No,LL 2026-10-01T17:03:29.099Z; Square 2026-10-01T17:01:23.965Z
805856,805856,Green Mizuna,Little Wings,each,$3.15,$3.15,$3.40,,,None,Review,,"Common proposed price for existing customer lists, including SNAP; No approved Square match; Square price left blank",526915,526915,,$3.15,$3.40,No,LL 2026-10-01T17:03:29.099Z; Square 2026-10-01T17:01:23.965Z
980311,980311,Green Zucchini,Little Wings,1 lb,$2.45,$2.45,$2.65,,,None,Review,,"Common proposed price for existing customer lists, including SNAP; No approved Square match; Square price left blank",748218,748218,,$2.45,$2.65,No,LL 2026-10-01T17:03:29.099Z; Square 2026-10-01T17:01:23.965Z
912730,912730,Hakurei Turnips,Little Wings,1 bunch,$3.50,$3.50,$3.78,,,None,Review,,"Common proposed price for existing customer lists, including SNAP; No approved Square match; Square price left blank",658104,658104,,$3.50,$3.78,No,LL 2026-10-01T17:03:29.099Z; Square 2026-10-01T17:01:23.965Z
805934,805934,"Herb Bundle: Rosemary, Thyme and Sage Combo",Little Wings,each,$2.80,$2.80,$3.02,,,None,Review,,"Common proposed price for existing customer lists, including SNAP; No approved Square match; Square price left blank",526994,526994,,$2.80,$3.02,Yes,LL 2026-10-01T17:03:29.099Z; Square 2026-10-01T17:01:23.965Z
805929,805929,Hungarian Hot Wax Pepper,Little Wings,lb.,$5.95,$5.95,$6.43,,,None,Review,,"Common proposed price for existing customer lists, including SNAP; No approved Square match; Square price left blank",526989,526989,,$5.95,$6.43,Yes,LL 2026-10-01T17:03:29.099Z; Square 2026-10-01T17:01:23.965Z
805939,805939,Jalapeño Peppers,Little Wings,Lb.,$4.90,$4.90,$5.29,,,None,Review,,"Common proposed price for existing customer lists, including SNAP; No approved Square match; Square price left blank",526999,526999,,$4.90,$5.29,No,LL 2026-10-01T17:03:29.099Z; Square 2026-10-01T17:01:23.965Z
1004981,1004981,Lunchbox Peppers,Little Wings,1 pound bag,$6.30,$6.30,$6.80,,,None,Review,,"Common proposed price for existing customer lists, including SNAP; No approved Square match; Square price left blank",785189,785189,,$6.30,$6.80,No,LL 2026-10-01T17:03:29.099Z; Square 2026-10-01T17:01:23.965Z
994208,994208,Muncher Cucumber,Little Wings,lb,$3.50,$3.50,$3.78,,,None,Review,,"Common proposed price for existing customer lists, including SNAP; No approved Square match; Square price left blank",767741,767741,,$3.50,$3.78,No,LL 2026-10-01T17:03:29.099Z; Square 2026-10-01T17:01:23.965Z
805975,805975,Orange Bell Pepper,Little Wings,1 lb,$6.16,$6.16,$6.65,,,None,Review,,"Common proposed price for existing customer lists, including SNAP; No approved Square match; Square price left blank",527035,527035,,$6.16,$6.65,No,LL 2026-10-01T17:03:29.099Z; Square 2026-10-01T17:01:23.965Z
812658,812658,Parsley,Little Wings,bu,$2.80,$2.80,$3.02,,,None,Review,,"Common proposed price for existing customer lists, including SNAP; No approved Square match; Square price left blank",534526,534526,,$2.80,$3.02,No,LL 2026-10-01T17:03:29.099Z; Square 2026-10-01T17:01:23.965Z
805940,805940,Pea Shoots,Little Wings,4 oz,$4.55,$4.55,$4.91,,,None,Review,,"Common proposed price for existing customer lists, including SNAP; No approved Square match; Square price left blank",527000,527000,,$4.55,$4.91,No,LL 2026-10-01T17:03:29.099Z; Square 2026-10-01T17:01:23.965Z
805944,805944,Poblano Peppers,Little Wings,1 lb,$6.30,$6.30,$6.80,,,None,Review,,"Common proposed price for existing customer lists, including SNAP; No approved Square match; Square price left blank",527004,527004,,$6.30,$6.80,No,LL 2026-10-01T17:03:29.099Z; Square 2026-10-01T17:01:23.965Z
805984,805984,Purple Kohlrabi,Little Wings,1 bunch,$3.15,$3.15,$3.40,,,None,Review,,"Common proposed price for existing customer lists, including SNAP; No approved Square match; Square price left blank",527048,527048,,$3.15,$3.40,No,LL 2026-10-01T17:03:29.099Z; Square 2026-10-01T17:01:23.965Z
1129572,1129572,Purple Kohlrabi,Little Wings,1 lb,$3.15,$3.15,$3.40,,,None,Review,,"Common proposed price for existing customer lists, including SNAP; No approved Square match; Square price left blank",963331,963331,,$3.15,$3.40,No,LL 2026-10-01T17:03:29.099Z; Square 2026-10-01T17:01:23.965Z
1108544,1108544,Purple Radish,Little Wings,bu,$3.15,$3.15,$3.40,,,None,Review,,"Common proposed price for existing customer lists, including SNAP; No approved Square match; Square price left blank",927365,927365,,$3.15,$3.40,No,LL 2026-10-01T17:03:29.099Z; Square 2026-10-01T17:01:23.965Z
805990,805990,Purple Scallions,Little Wings,each,$2.80,$2.80,$3.02,,,None,Review,,"Common proposed price for existing customer lists, including SNAP; No approved Square match; Square price left blank",527049,527049,,$2.80,$3.02,No,LL 2026-10-01T17:03:29.099Z; Square 2026-10-01T17:01:23.965Z
805997,805997,Red Butterhead Lettuce,Little Wings,each,$2.80,$2.80,$3.02,,,None,Review,,"Common proposed price for existing customer lists, including SNAP; No approved Square match; Square price left blank",527057,527057,,$2.80,$3.02,No,LL 2026-10-01T17:03:29.099Z; Square 2026-10-01T17:01:23.965Z
805876,805876,Red Cherry Tomatoes,Little Wings,each,$4.90,$4.90,$5.29,,,None,Review,,"Common proposed price for existing customer lists, including SNAP; No approved Square match; Square price left blank",526934,526934,,$4.90,$5.29,No,LL 2026-10-01T17:03:29.099Z; Square 2026-10-01T17:01:23.965Z
805943,805943,Red Jimmy Nardello Peppers,Little Wings,1 lb,$5.60,$5.60,$6.05,,,None,Review,,"Common proposed price for existing customer lists, including SNAP; No approved Square match; Square price left blank",527003,527003,,$5.60,$6.05,No,LL 2026-10-01T17:03:29.099Z; Square 2026-10-01T17:01:23.965Z
812532,812532,Red Russian Kale,Little Wings,bu,$3.22,$3.22,$3.48,,,None,Review,,"Common proposed price for existing customer lists, including SNAP; No approved Square match; Square price left blank",534390,534390,,$3.22,$3.48,Yes,LL 2026-10-01T17:03:29.099Z; Square 2026-10-01T17:01:23.965Z
1004980,1004980,Romaine Lettuce,Little Wings,each,$2.80,$2.80,$3.02,,,None,Review,,"Common proposed price for existing customer lists, including SNAP; No approved Square match; Square price left blank",785188,785188,,$2.80,$3.02,Yes,LL 2026-10-01T17:03:29.099Z; Square 2026-10-01T17:01:23.965Z
981427,981427,Romano Beans,Little Wings,1lb,$5.60,$5.60,$6.05,,,None,Review,,"Common proposed price for existing customer lists, including SNAP; No approved Square match; Square price left blank",749860,749860,,$5.60,$6.05,No,LL 2026-10-01T17:03:29.099Z; Square 2026-10-01T17:01:23.965Z
805902,805902,Sage,Little Wings,each,$2.80,$2.80,$3.02,,,None,Review,,"Common proposed price for existing customer lists, including SNAP; No approved Square match; Square price left blank",526960,526960,,$2.80,$3.02,No,LL 2026-10-01T17:03:29.099Z; Square 2026-10-01T17:01:23.965Z
805977,805977,Salad Mix,Little Wings,1/2 lb,$6.30,$6.30,$6.80,,,None,Review,,"Common proposed price for existing customer lists, including SNAP; No approved Square match; Square price left blank",527037,527037,,$6.30,$6.80,No,LL 2026-10-01T17:03:29.099Z; Square 2026-10-01T17:01:23.965Z
958464,958464,Spinach  1/2 Lb.,Little Wings,each,$5.46,$5.46,$5.90,,,None,Review,,"Common proposed price for existing customer lists, including SNAP; No approved Square match; Square price left blank",718323,718323,,$5.46,$5.90,No,LL 2026-10-01T17:03:29.099Z; Square 2026-10-01T17:01:23.965Z
1108429,1108429,Spinach  1/2 Lb.,Little Wings,each,$6.16,$6.16,$6.65,,,None,Review,,"Common proposed price for existing customer lists, including SNAP; No approved Square match; Square price left blank",927190,927190,,$6.16,$6.65,No,LL 2026-10-01T17:03:29.099Z; Square 2026-10-01T17:01:23.965Z
805755,805755,Striped Eggplant,Little Wings,1 lb,$4.20,$4.20,$4.54,,,None,Review,,"Common proposed price for existing customer lists, including SNAP; No approved Square match; Square price left blank",526810,526810,,$4.20,$4.54,No,LL 2026-10-01T17:03:29.099Z; Square 2026-10-01T17:01:23.965Z
805941,805941,Sugar Snap Peas,Little Wings,1 lb,$9.10,$9.10,$9.83,,,None,Review,,"Common proposed price for existing customer lists, including SNAP; No approved Square match; Square price left blank",527001,527001,,$9.10,$9.83,No,LL 2026-10-01T17:03:29.099Z; Square 2026-10-01T17:01:23.965Z
977972,977972,Sugar Snap Peas,Little Wings,1 pint,$3.78,$3.78,$4.08,,,None,Review,,"Common proposed price for existing customer lists, including SNAP; No approved Square match; Square price left blank",744552,744552,,$3.78,$4.08,No,LL 2026-10-01T17:03:29.099Z; Square 2026-10-01T17:01:23.965Z
812628,812628,Tomatillos,Little Wings,pound,$4.76,$4.76,$5.14,,,None,Review,,"Common proposed price for existing customer lists, including SNAP; No approved Square match; Square price left blank",534496,534496,,$4.76,$5.14,No,LL 2026-10-01T17:03:29.099Z; Square 2026-10-01T17:01:23.965Z
903477,903477,Toybox Cherry Tomatoes,Little Wings,1 pt,$5.88,$5.88,$6.35,,,None,Review,,"Common proposed price for existing customer lists, including SNAP; No approved Square match; Square price left blank",646322,646322,,$5.88,$6.35,No,LL 2026-10-01T17:03:29.099Z; Square 2026-10-01T17:01:23.965Z
984862,984862,Walla Walla Onions,Little Wings,ea,$1.54,$1.54,$1.66,,,None,Review,,"Common proposed price for existing customer lists, including SNAP; No approved Square match; Square price left blank",754480,754480,,$1.54,$1.66,No,LL 2026-10-01T17:03:29.099Z; Square 2026-10-01T17:01:23.965Z
805837,805837,Watermelon Radish,Little Wings,1 lb,$4.83,$4.83,$5.22,,,None,Review,,"Common proposed price for existing customer lists, including SNAP; No approved Square match; Square price left blank",526894,526894,,$4.83,$5.22,No,LL 2026-10-01T17:03:29.099Z; Square 2026-10-01T17:01:23.965Z
928741,928741,Broccoli Microgreens,Lone Wolf Ranch,1 oz. pk,$3.50,$3.50,$3.78,,,None,Review,,"Common proposed price for existing customer lists, including SNAP; No approved Square match; Square price left blank",676917,676917,,$3.50,$3.78,No,LL 2026-10-01T17:03:29.099Z; Square 2026-10-01T17:01:23.965Z
928741,928741,Broccoli Microgreens,Lone Wolf Ranch,2 oz pk,$7.00,$7.00,$7.56,,,None,Review,,"Common proposed price for existing customer lists, including SNAP; No approved Square match; Square price left blank",726764,726764,,$7.00,$7.56,No,LL 2026-10-01T17:03:29.099Z; Square 2026-10-01T17:01:23.965Z
928742,928742,Purple Radish Microgreens,Lone Wolf Ranch,1 oz. pk,$3.50,$3.50,$3.78,,,None,Review,,"Common proposed price for existing customer lists, including SNAP; No approved Square match; Square price left blank",676918,676918,,$3.50,$3.78,No,LL 2026-10-01T17:03:29.099Z; Square 2026-10-01T17:01:23.965Z
928742,928742,Purple Radish Microgreens,Lone Wolf Ranch,2 oz pk,$7.00,$7.00,$7.56,,,None,Review,,"Common proposed price for existing customer lists, including SNAP; No approved Square match; Square price left blank",726765,726765,,$7.00,$7.56,No,LL 2026-10-01T17:03:29.099Z; Square 2026-10-01T17:01:23.965Z
806080,806080,Cayenne Kettle Corn,Lonesome Whistle,0.4 lb bag,$5.60,$5.60,$6.05,,,None,Review,,"Common proposed price for existing customer lists, including SNAP; No approved Square match; Square price left blank",527144,527144,,$5.60,$6.05,Yes,LL 2026-10-01T17:03:29.099Z; Square 2026-10-01T17:01:23.965Z
806082,806082,Dakota Black Heirloom Popcorn,Lonesome Whistle,2 lbs,$14.00,$14.00,$15.12,,,None,Review,,"Common proposed price for existing customer lists, including SNAP; No approved Square match; Square price left blank",527146,527146,,$14.00,$15.12,No,LL 2026-10-01T17:03:29.099Z; Square 2026-10-01T17:01:23.965Z
806100,806100,Dakota Black Kettle Corn,Lonesome Whistle,0.4 lb bag,$5.60,$5.60,$6.05,,,None,Review,,"Common proposed price for existing customer lists, including SNAP; No approved Square match; Square price left blank",527164,527164,,$5.60,$6.05,No,LL 2026-10-01T17:03:29.099Z; Square 2026-10-01T17:01:23.965Z
897631,897631,Dark Northern Rye Flour,Lonesome Whistle,1.6 lbs,$6.30,$6.30,$6.80,,,None,Review,,"Common proposed price for existing customer lists, including SNAP; No approved Square match; Square price left blank",638990,638990,,$6.30,$6.80,Yes,LL 2026-10-01T17:03:29.099Z; Square 2026-10-01T17:01:23.965Z
806086,806086,Einkorn Fusilli,Lonesome Whistle,0.5 lb bag,$4.66,$4.66,$5.03,,,None,Review,,"Common proposed price for existing customer lists, including SNAP; No approved Square match; Square price left blank",527150,527150,,$4.66,$5.03,No,LL 2026-10-01T17:03:29.099Z; Square 2026-10-01T17:01:23.965Z
897629,897629,Emmer Farro,Lonesome Whistle,1.25 lb Bag,$6.30,$6.30,$6.80,,,None,Review,,"Common proposed price for existing customer lists, including SNAP; No approved Square match; Square price left blank",638988,638988,,$6.30,$6.80,Yes,LL 2026-10-01T17:03:29.099Z; Square 2026-10-01T17:01:23.965Z
806090,806090,Garlic Dill Popcorn,Lonesome Whistle,0.4 lb bag,$5.60,$5.60,$6.05,,,None,Review,,"Common proposed price for existing customer lists, including SNAP; No approved Square match; Square price left blank",527154,527154,,$5.60,$6.05,Yes,LL 2026-10-01T17:03:29.099Z; Square 2026-10-01T17:01:23.965Z
806093,806093,Jalapeno Cheddar Popcorn,Lonesome Whistle,0.4 lb bag,$5.60,$5.60,$6.05,,,None,Review,,"Common proposed price for existing customer lists, including SNAP; No approved Square match; Square price left blank",527157,527157,,$5.60,$6.05,Yes,LL 2026-10-01T17:03:29.099Z; Square 2026-10-01T17:01:23.965Z
806096,806096,Lemon Lavender Popcorn,Lonesome Whistle,0.4 lb bag,$5.60,$5.60,$6.05,,,None,Review,,"Common proposed price for existing customer lists, including SNAP; No approved Square match; Square price left blank",527159,527159,,$5.60,$6.05,Yes,LL 2026-10-01T17:03:29.099Z; Square 2026-10-01T17:01:23.965Z
806088,806088,Maris Widgeon Macaroni,Lonesome Whistle,0.5 lb bag,$5.60,$5.60,$6.05,,,None,Review,,"Common proposed price for existing customer lists, including SNAP; No approved Square match; Square price left blank",527152,527152,,$5.60,$6.05,Yes,LL 2026-10-01T17:03:29.099Z; Square 2026-10-01T17:01:23.965Z
806097,806097,Nutritional Yeast Popcorn,Lonesome Whistle,0.4 lb bag,$5.60,$5.60,$6.05,,,None,Review,,"Common proposed price for existing customer lists, including SNAP; No approved Square match; Square price left blank",527161,527161,,$5.60,$6.05,No,LL 2026-10-01T17:03:29.099Z; Square 2026-10-01T17:01:23.965Z
806102,806102,Rise & Shine Gluten Free Pancake Mix,Lonesome Whistle,1.6 lbs,$7.46,$7.46,$8.06,,,None,Review,,"Common proposed price for existing customer lists, including SNAP; No approved Square match; Square price left blank",527166,527166,,$7.46,$8.06,Yes,LL 2026-10-01T17:03:29.099Z; Square 2026-10-01T17:01:23.965Z
806104,806104,Up & At 'Em Pancake Mix,Lonesome Whistle,1.6 lbs,$7.46,$7.46,$8.06,,,None,Review,,"Common proposed price for existing customer lists, including SNAP; No approved Square match; Square price left blank",527168,527168,,$7.46,$8.06,Yes,LL 2026-10-01T17:03:29.099Z; Square 2026-10-01T17:01:23.965Z
1157459,1157459,Asian Pears,MISSING VENDOR,1 lb,$2.80,$2.80,,,,None,Hold,,"HOLD: missing local vendor; Common proposed price for existing customer lists, including SNAP; No approved Square match; Square price left blank",1001260,1001260,,$2.80,,Yes,LL 2026-10-01T17:03:29.099Z; Square 2026-10-01T17:01:23.965Z
805903,805903,Banana Shallots,MISSING VENDOR,1 lb,$4.90,$4.90,,,,None,Hold,,"HOLD: missing local vendor; Common proposed price for existing customer lists, including SNAP; No approved Square match; Square price left blank",526961,526961,,$4.90,,Yes,LL 2026-10-01T17:03:29.099Z; Square 2026-10-01T17:01:23.965Z
1148845,1148845,Big Beef Slicer Tomato,MISSING VENDOR,1 lb,$4.20,$4.20,,,,None,Hold,,"HOLD: missing local vendor; Common proposed price for existing customer lists, including SNAP; No approved Square match; Square price left blank",989644,989644,,$4.20,,No,LL 2026-10-01T17:03:29.099Z; Square 2026-10-01T17:01:23.965Z
1157457,1157457,Black Gravenstein Apples,MISSING VENDOR,1 lb,$2.10,$2.10,,,,None,Hold,,"HOLD: missing local vendor; Common proposed price for existing customer lists, including SNAP; No approved Square match; Square price left blank",1001258,1001258,,$2.10,,No,LL 2026-10-01T17:03:29.099Z; Square 2026-10-01T17:01:23.965Z
1140511,1140511,Brazil Minas Gerais Dark Roast Coffee Beans,MISSING VENDOR,12 oz bag,$18.20,$18.20,,,,None,Hold,,"HOLD: missing local vendor; Common proposed price for existing customer lists, including SNAP; No approved Square match; Square price left blank",978732,978732,,$18.20,,No,LL 2026-10-01T17:03:29.099Z; Square 2026-10-01T17:01:23.965Z
1140512,1140512,Brazil Minas Gerais Dark Roast Ground Coffee,MISSING VENDOR,12 oz bag,$18.20,$18.20,,,,None,Hold,,"HOLD: missing local vendor; Common proposed price for existing customer lists, including SNAP; No approved Square match; Square price left blank",978734,978734,,$18.20,,No,LL 2026-10-01T17:03:29.099Z; Square 2026-10-01T17:01:23.965Z
1157461,1157461,Brooks Plums,MISSING VENDOR,1 lb,$2.80,$2.80,,,,None,Hold,,"HOLD: missing local vendor; Common proposed price for existing customer lists, including SNAP; No approved Square match; Square price left blank",1001262,1001262,,$2.80,,No,LL 2026-10-01T17:03:29.099Z; Square 2026-10-01T17:01:23.965Z
1164989,1164989,"Bulgarian Pepper, Hot",MISSING VENDOR,1 lb,$7.00,$7.00,,,,None,Hold,,"HOLD: missing local vendor; Common proposed price for existing customer lists, including SNAP; No approved Square match; Square price left blank",1013014,1013014,,$7.00,,Yes,LL 2026-10-01T17:03:29.099Z; Square 2026-10-01T17:01:23.965Z
1163510,1163510,Bulk Mix Apples,MISSING VENDOR,10 lb bag,$23.80,$23.80,,,,None,Hold,,"HOLD: missing local vendor; Common proposed price for existing customer lists, including SNAP; No approved Square match; Square price left blank",1011060,1011060,,$23.80,,Yes,LL 2026-10-01T17:03:29.099Z; Square 2026-10-01T17:01:23.965Z
1163510,1163510,Bulk Mix Apples,MISSING VENDOR,5 lb bag,$12.60,$12.60,,,,None,Hold,,"HOLD: missing local vendor; Common proposed price for existing customer lists, including SNAP; No approved Square match; Square price left blank",1011059,1011059,,$12.60,,Yes,LL 2026-10-01T17:03:29.099Z; Square 2026-10-01T17:01:23.965Z
1163511,1163511,Bulk Mix Pears,MISSING VENDOR,10 lb bag,$23.80,$23.80,,,,None,Hold,,"HOLD: missing local vendor; Common proposed price for existing customer lists, including SNAP; No approved Square match; Square price left blank",1011062,1011062,,$23.80,,Yes,LL 2026-10-01T17:03:29.099Z; Square 2026-10-01T17:01:23.965Z
1163511,1163511,Bulk Mix Pears,MISSING VENDOR,5 lb bag,$12.60,$12.60,,,,None,Hold,,"HOLD: missing local vendor; Common proposed price for existing customer lists, including SNAP; No approved Square match; Square price left blank",1011061,1011061,,$12.60,,Yes,LL 2026-10-01T17:03:29.099Z; Square 2026-10-01T17:01:23.965Z
1161251,1161251,Burbank Red Ace Plums,MISSING VENDOR,lb,$2.80,$2.80,,,,None,Hold,,"HOLD: missing local vendor; Common proposed price for existing customer lists, including SNAP; No approved Square match; Square price left blank",1006823,1006823,,$2.80,,No,LL 2026-10-01T17:03:29.099Z; Square 2026-10-01T17:01:23.965Z
805768,805768,Canary Melon,MISSING VENDOR,each,$4.20,$4.20,,,,None,Hold,,"HOLD: missing local vendor; Common proposed price for existing customer lists, including SNAP; No approved Square match; Square price left blank",526824,526824,,$4.20,,No,LL 2026-10-01T17:03:29.099Z; Square 2026-10-01T17:01:23.965Z
805771,805771,Cathay Bell Watermelon,MISSING VENDOR,ea.,$8.88,$8.50,,,,None,Hold,,"HOLD: missing local vendor; Common proposed price for existing customer lists, including SNAP; Current list prices range $8.50–$8.88; baseline is Herd Share Members; Local calculation differs from Local Line; No approved Square match; Square price left blank",526827,526827,,$8.50,,No,LL 2026-10-01T17:03:29.099Z; Square 2026-10-01T17:01:23.965Z
805881,805881,Cayenne Pepper,MISSING VENDOR,each,$1.40,$1.33,,,,None,Hold,,"HOLD: missing local vendor; Common proposed price for existing customer lists, including SNAP; Current list prices range $1.33–$1.40; baseline is Herd Share Members; Local calculation differs from Local Line; No approved Square match; Square price left blank",526939,526939,,$1.33,,No,LL 2026-10-01T17:03:29.099Z; Square 2026-10-01T17:01:23.965Z
805819,805819,Celeriac,MISSING VENDOR,each,$2.80,$2.80,,,,None,Hold,,"HOLD: missing local vendor; Common proposed price for existing customer lists, including SNAP; No approved Square match; Square price left blank",526876,526876,,$2.80,,Yes,LL 2026-10-01T17:03:29.099Z; Square 2026-10-01T17:01:23.965Z
825306,825306,Chanterelle mushrooms,MISSING VENDOR,1/2 lb,$11.90,$11.30,,,,None,Hold,,"HOLD: missing local vendor; Common proposed price for existing customer lists, including SNAP; Current list prices range $11.30–$11.90; baseline is Herd Share Members; Local calculation differs from Local Line; No approved Square match; Square price left blank",549220,549220,,$11.30,,No,LL 2026-10-01T17:03:29.099Z; Square 2026-10-01T17:01:23.965Z
1149428,1149428,Chesnok Red Garlic (Dried and Cured),MISSING VENDOR,1/2 lb,$5.60,$5.60,,,,None,Hold,,"HOLD: missing local vendor; Common proposed price for existing customer lists, including SNAP; No approved Square match; Square price left blank",990475,990475,,$5.60,,Yes,LL 2026-10-01T17:03:29.099Z; Square 2026-10-01T17:01:23.965Z
1154526,1154526,Colombia Finca La Suiza Cafe De Mujer Light Roast Coffee Beans,MISSING VENDOR,12 oz bag,$19.60,$19.60,,,,None,Hold,,"HOLD: missing local vendor; Common proposed price for existing customer lists, including SNAP; No approved Square match; Square price left blank",997783,997783,,$19.60,,Yes,LL 2026-10-01T17:03:29.099Z; Square 2026-10-01T17:01:23.965Z
1154528,1154528,Colombia Finca La Suiza Cafe De Mujer Light Roast Ground Coffee,MISSING VENDOR,12 oz bag,$19.60,$19.60,,,,None,Hold,,"HOLD: missing local vendor; Common proposed price for existing customer lists, including SNAP; No approved Square match; Square price left blank",997785,997785,,$19.60,,Yes,LL 2026-10-01T17:03:29.099Z; Square 2026-10-01T17:01:23.965Z
805885,805885,Crisphead Lettuce,MISSING VENDOR,each,$4.90,$3.00,,,,Active — retain sale; rate unavailable,Hold,,"HOLD: missing local vendor; Common proposed price for existing customer lists, including SNAP; Local calculation differs from Local Line; Retain active Local Line sale; local sale flag differs; Sale flag retained; regular price/discount must be checked before publication; No approved Square match; Square price left blank",526943,526943,,,,No,LL 2026-10-01T17:03:29.099Z; Square 2026-10-01T17:01:23.965Z
805785,805785,d'Anjou Pear,MISSING VENDOR,each,$2.10,$1.25,,,,Active — retain sale; rate unavailable,Hold,,"HOLD: missing local vendor; Common proposed price for existing customer lists, including SNAP; Current list prices range $1.25–$2.10; baseline is Herd Share Members; Local calculation differs from Local Line; Retain active Local Line sale; local sale flag differs; Sale flag retained; regular price/discount must be checked before publication; No approved Square match; Square price left blank",526841,526841,,,,No,LL 2026-10-01T17:03:29.099Z; Square 2026-10-01T17:01:23.965Z
805797,805797,"Flat, Strawberries",MISSING VENDOR,each,$81.55,$48.50,,,,Active — retain sale; rate unavailable,Hold,,"HOLD: missing local vendor; Common proposed price for existing customer lists, including SNAP; Local calculation differs from Local Line; Retain active Local Line sale; local sale flag differs; Sale flag retained; regular price/discount must be checked before publication; No approved Square match; Square price left blank",526853,526853,,,,No,LL 2026-10-01T17:03:29.099Z; Square 2026-10-01T17:01:23.965Z
1157469,1157469,Fresh Frozen Elderberries,MISSING VENDOR,3 lb bag,$63.00,$63.00,,,,None,Hold,,"HOLD: missing local vendor; Common proposed price for existing customer lists, including SNAP; No approved Square match; Square price left blank",1001274,1001274,,$63.00,,Yes,LL 2026-10-01T17:03:29.099Z; Square 2026-10-01T17:01:23.965Z
1159145,1159145,Frozen Raspberries,MISSING VENDOR,1 lb,$11.20,$11.20,,,,None,Hold,,"HOLD: missing local vendor; Common proposed price for existing customer lists, including SNAP; No approved Square match; Square price left blank",1003819,1003819,,$11.20,,No,LL 2026-10-01T17:03:29.099Z; Square 2026-10-01T17:01:23.965Z
805770,805770,Fuzzy Kiwis,MISSING VENDOR,each,$2.45,$1.50,,,,Active — retain sale; rate unavailable,Hold,,"HOLD: missing local vendor; Common proposed price for existing customer lists, including SNAP; Local calculation differs from Local Line; Retain active Local Line sale; local sale flag differs; Sale flag retained; regular price/discount must be checked before publication; No approved Square match; Square price left blank",526826,526826,,,,No,LL 2026-10-01T17:03:29.099Z; Square 2026-10-01T17:01:23.965Z
1162541,1162541,Gold Beets,MISSING VENDOR,bunch,$1.89,$1.89,,,,None,Hold,,"HOLD: missing local vendor; Common proposed price for existing customer lists, including SNAP; No approved Square match; Square price left blank",1009634,1009634,,$1.89,,No,LL 2026-10-01T17:03:29.099Z; Square 2026-10-01T17:01:23.965Z
1163727,1163727,Gold Beets,MISSING VENDOR,bunch,$3.29,$3.29,,,,None,Hold,,"HOLD: missing local vendor; Common proposed price for existing customer lists, including SNAP; No approved Square match; Square price left blank",1011353,1011353,,$3.29,,Yes,LL 2026-10-01T17:03:29.099Z; Square 2026-10-01T17:01:23.965Z
812652,812652,Green and Red Mixed Grapes,MISSING VENDOR,pt,$4.20,$4.00,,,,None,Hold,,"HOLD: missing local vendor; Common proposed price for existing customer lists, including SNAP; Current list prices range $4.00–$4.20; baseline is Herd Share Members; Local calculation differs from Local Line; No approved Square match; Square price left blank",534520,534520,,$4.00,,No,LL 2026-10-01T17:03:29.099Z; Square 2026-10-01T17:01:23.965Z
1146326,1146326,Green Cabbage,MISSING VENDOR,each,$3.50,$3.50,,,,None,Hold,,"HOLD: missing local vendor; Common proposed price for existing customer lists, including SNAP; No approved Square match; Square price left blank",986082,986082,,$3.50,,No,LL 2026-10-01T17:03:29.099Z; Square 2026-10-01T17:01:23.965Z
1157464,1157464,Green Gage Plums,MISSING VENDOR,1 lb,$2.80,$2.80,,,,None,Hold,,"HOLD: missing local vendor; Common proposed price for existing customer lists, including SNAP; No approved Square match; Square price left blank",1001265,1001265,,$2.80,,No,LL 2026-10-01T17:03:29.099Z; Square 2026-10-01T17:01:23.965Z
805788,805788,Green Grapes,MISSING VENDOR,each,$5.95,$3.50,,,,Active — retain sale; rate unavailable,Hold,,"HOLD: missing local vendor; Common proposed price for existing customer lists, including SNAP; Local calculation differs from Local Line; Retain active Local Line sale; local sale flag differs; Sale flag retained; regular price/discount must be checked before publication; No approved Square match; Square price left blank",526844,526844,,,,No,LL 2026-10-01T17:03:29.099Z; Square 2026-10-01T17:01:23.965Z
1161320,1161320,Green Italian Frying Pepper,MISSING VENDOR,each,$3.50,$3.50,,,,None,Hold,,"HOLD: missing local vendor; Common proposed price for existing customer lists, including SNAP; No approved Square match; Square price left blank",1006916,1006916,,$3.50,,Yes,LL 2026-10-01T17:03:29.099Z; Square 2026-10-01T17:01:23.965Z
1152204,1152204,Green Patty Pan Squash,MISSING VENDOR,lb,$2.45,$2.45,,,,None,Hold,,"HOLD: missing local vendor; Common proposed price for existing customer lists, including SNAP; No approved Square match; Square price left blank",994284,994284,,$2.45,,No,LL 2026-10-01T17:03:29.099Z; Square 2026-10-01T17:01:23.965Z
805964,805964,Green Pole Beans,MISSING VENDOR,1 lb,$6.30,$6.08,,,,None,Hold,,"HOLD: missing local vendor; Common proposed price for existing customer lists, including SNAP; Current list prices range $6.08–$6.30; baseline is Herd Share Members; Local calculation differs from Local Line; No approved Square match; Square price left blank",527024,527024,,$6.08,,No,LL 2026-10-01T17:03:29.099Z; Square 2026-10-01T17:01:23.965Z
805921,805921,Green Romaine Lettuce,MISSING VENDOR,each,$2.45,$2.50,,,,None,Hold,,"HOLD: missing local vendor; Common proposed price for existing customer lists, including SNAP; Current list prices range $2.45–$2.50; baseline is Herd Share Members; Local calculation differs from Local Line; No approved Square match; Square price left blank",526981,526981,,$2.50,,No,LL 2026-10-01T17:03:29.099Z; Square 2026-10-01T17:01:23.965Z
1160556,1160556,Ground Beef & Pork Bundle,MISSING VENDOR,NO PACKAGE,$37.42,$41.43,,,,None,Hold,,"HOLD: missing local vendor; Common proposed price for existing customer lists, including SNAP; Local calculation differs from Local Line; No approved Square match; Square price left blank",1005875,1005875,,$41.43,,Yes,LL 2026-10-01T17:03:29.099Z; Square 2026-10-01T17:01:23.965Z
1154521,1154521,Guatemala Cafe Feminino Light Roast Coffee Beans,MISSING VENDOR,12 oz bag,$19.60,$19.60,,,,None,Hold,,"HOLD: missing local vendor; Common proposed price for existing customer lists, including SNAP; No approved Square match; Square price left blank",997778,997778,,$19.60,,Yes,LL 2026-10-01T17:03:29.099Z; Square 2026-10-01T17:01:23.965Z
1154522,1154522,Guatemala Cafe Feminino Light Roast Ground Coffee,MISSING VENDOR,12 oz bag,$19.60,$19.60,,,,None,Hold,,"HOLD: missing local vendor; Common proposed price for existing customer lists, including SNAP; No approved Square match; Square price left blank",997779,997779,,$19.60,,Yes,LL 2026-10-01T17:03:29.099Z; Square 2026-10-01T17:01:23.965Z
1140514,1140514,Guatemala Xuj Kape Light Roast Coffee Beans,MISSING VENDOR,12 oz bag,$16.80,$16.80,,,,None,Hold,,"HOLD: missing local vendor; Common proposed price for existing customer lists, including SNAP; No approved Square match; Square price left blank",978736,978736,,$16.80,,No,LL 2026-10-01T17:03:29.099Z; Square 2026-10-01T17:01:23.965Z
805735,805735,Handcrafted  Wooden Bowls Large 20 Oz,MISSING VENDOR,each,$49.00,,,,,None,Hold,,HOLD: missing local vendor; Mapped Local Line product not returned by live read; Mapped Local Line package not found under mapped product; No approved Square match; Square price left blank,526790,526790,,,,No,LL 2026-10-01T17:03:29.099Z; Square 2026-10-01T17:01:23.965Z
805733,805733,Handcrafted Egg Pushers,MISSING VENDOR,each,$11.20,,,,,None,Hold,,HOLD: missing local vendor; Mapped Local Line product not returned by live read; Mapped Local Line package not found under mapped product; No approved Square match; Square price left blank,526788,526788,,,,No,LL 2026-10-01T17:03:29.099Z; Square 2026-10-01T17:01:23.965Z
805746,805746,Handcrafted Fancy Wooden Eating Spoons,MISSING VENDOR,each,$28.00,,,,,None,Hold,,HOLD: missing local vendor; Mapped Local Line product not returned by live read; Mapped Local Line package not found under mapped product; No approved Square match; Square price left blank,526801,526801,,,,No,LL 2026-10-01T17:03:29.099Z; Square 2026-10-01T17:01:23.965Z
825842,825842,Handcrafted Maple Candle Holder,MISSING VENDOR,ea,$21.00,,,,,None,Hold,,HOLD: missing local vendor; Mapped Local Line product not returned by live read; Mapped Local Line package not found under mapped product; No approved Square match; Square price left blank,549821,549821,,,,No,LL 2026-10-01T17:03:29.099Z; Square 2026-10-01T17:01:23.965Z
805732,805732,Handcrafted Whisk Brooms,MISSING VENDOR,each,$28.00,,,,,None,Hold,,HOLD: missing local vendor; Mapped Local Line product not returned by live read; Mapped Local Line package not found under mapped product; No approved Square match; Square price left blank,526787,526787,,,,No,LL 2026-10-01T17:03:29.099Z; Square 2026-10-01T17:01:23.965Z
805737,805737,Handcrafted Wood & Metal Dustpan,MISSING VENDOR,each,$56.70,,,,,None,Hold,,HOLD: missing local vendor; Mapped Local Line product not returned by live read; Mapped Local Line package not found under mapped product; No approved Square match; Square price left blank,526792,526792,,,,No,LL 2026-10-01T17:03:29.099Z; Square 2026-10-01T17:01:23.965Z
805736,805736,"Handcrafted Wooden Bowls, Small 14 oz",MISSING VENDOR,each,$42.00,,,,,None,Hold,,HOLD: missing local vendor; Mapped Local Line product not returned by live read; Mapped Local Line package not found under mapped product; No approved Square match; Square price left blank,526791,526791,,,,No,LL 2026-10-01T17:03:29.099Z; Square 2026-10-01T17:01:23.965Z
805739,805739,Handcrafted Wooden Chopsticks,MISSING VENDOR,each,$12.60,,,,,None,Hold,,HOLD: missing local vendor; Mapped Local Line product not returned by live read; Mapped Local Line package not found under mapped product; No approved Square match; Square price left blank,526794,526794,,,,No,LL 2026-10-01T17:03:29.099Z; Square 2026-10-01T17:01:23.965Z
825841,825841,Handcrafted Wooden Fancy Egg Pushers,MISSING VENDOR,ea,$16.80,,,,,None,Hold,,HOLD: missing local vendor; Mapped Local Line product not returned by live read; Mapped Local Line package not found under mapped product; No approved Square match; Square price left blank,549820,549820,,,,No,LL 2026-10-01T17:03:29.099Z; Square 2026-10-01T17:01:23.965Z
805740,805740,Handcrafted Wooden Fancy Kitchen Spoons,MISSING VENDOR,each,$28.00,,,,,None,Hold,,HOLD: missing local vendor; Mapped Local Line product not returned by live read; Mapped Local Line package not found under mapped product; No approved Square match; Square price left blank,526795,526795,,,,No,LL 2026-10-01T17:03:29.099Z; Square 2026-10-01T17:01:23.965Z
805741,805741,Handcrafted Wooden Plain Kitchen Stir Stix,MISSING VENDOR,each,$12.60,,,,,None,Hold,,HOLD: missing local vendor; Mapped Local Line product not returned by live read; Mapped Local Line package not found under mapped product; No approved Square match; Square price left blank,526796,526796,,,,No,LL 2026-10-01T17:03:29.099Z; Square 2026-10-01T17:01:23.965Z
805742,805742,Handcrafted Wooden Plates,MISSING VENDOR,each,$56.70,,,,,None,Hold,,HOLD: missing local vendor; Mapped Local Line product not returned by live read; Mapped Local Line package not found under mapped product; No approved Square match; Square price left blank,526797,526797,,,,No,LL 2026-10-01T17:03:29.099Z; Square 2026-10-01T17:01:23.965Z
805744,805744,Handcrafted Wooden Serving Spoons,MISSING VENDOR,each,$67.90,,,,,None,Hold,,HOLD: missing local vendor; Mapped Local Line product not returned by live read; Mapped Local Line package not found under mapped product; No approved Square match; Square price left blank,526799,526799,,,,No,LL 2026-10-01T17:03:29.099Z; Square 2026-10-01T17:01:23.965Z
805745,805745,Handcrafted Wooden Spatulas,MISSING VENDOR,each,$29.40,,,,,None,Hold,,HOLD: missing local vendor; Mapped Local Line product not returned by live read; Mapped Local Line package not found under mapped product; No approved Square match; Square price left blank,526800,526800,,,,No,LL 2026-10-01T17:03:29.099Z; Square 2026-10-01T17:01:23.965Z
805747,805747,Handcrafted Wooden Teaspoons,MISSING VENDOR,each,$33.95,,,,,None,Hold,,HOLD: missing local vendor; Mapped Local Line product not returned by live read; Mapped Local Line package not found under mapped product; No approved Square match; Square price left blank,526802,526802,,,,No,LL 2026-10-01T17:03:29.099Z; Square 2026-10-01T17:01:23.965Z
1157463,1157463,Italian Plum,MISSING VENDOR,lb,$2.80,$2.80,,,,None,Hold,,"HOLD: missing local vendor; Common proposed price for existing customer lists, including SNAP; No approved Square match; Square price left blank",1001264,1001264,,$2.80,,No,LL 2026-10-01T17:03:29.099Z; Square 2026-10-01T17:01:23.965Z
1143177,1143177,Jeff's Rolled Oats,MISSING VENDOR,1.5 lb bag,$6.30,$6.30,,,,None,Hold,,"HOLD: missing local vendor; Common proposed price for existing customer lists, including SNAP; No approved Square match; Square price left blank",982383,982383,,$6.30,,Yes,LL 2026-10-01T17:03:29.099Z; Square 2026-10-01T17:01:23.965Z
1163512,1163512,Kiwi Berries,MISSING VENDOR,1/2 pt,$7.00,$7.00,,,,None,Hold,,"HOLD: missing local vendor; Common proposed price for existing customer lists, including SNAP; No approved Square match; Square price left blank",1011063,1011063,,$7.00,,Yes,LL 2026-10-01T17:03:29.099Z; Square 2026-10-01T17:01:23.965Z
805952,805952,Kohlrabi Purple or Green,MISSING VENDOR,1 bunch,$3.15,,,,,None,Hold,,HOLD: missing local vendor; Mapped Local Line product not returned by live read; Mapped Local Line package not found under mapped product; No approved Square match; Square price left blank,527012,527012,,,,No,LL 2026-10-01T17:03:29.099Z; Square 2026-10-01T17:01:23.965Z
1151478,1151478,Levitate Elixirs-Spiced Cranberry Orange & Vanilla,MISSING VENDOR,750 ml / 25.4 fl oz ea,$35.00,$40.00,,,,None,Hold,,"HOLD: missing local vendor; Common proposed price for existing customer lists, including SNAP; Local calculation differs from Local Line; No approved Square match; Square price left blank",993255,993255,,$40.00,,Yes,LL 2026-10-01T17:03:29.099Z; Square 2026-10-01T17:01:23.965Z
1151475,1151475,Levitate Elixirs-Spiced Pineapple & Coconut,MISSING VENDOR,750 ml / 25.4 fl oz ea,$35.00,$40.00,,,,None,Hold,,"HOLD: missing local vendor; Common proposed price for existing customer lists, including SNAP; Local calculation differs from Local Line; No approved Square match; Square price left blank",993252,993252,,$40.00,,Yes,LL 2026-10-01T17:03:29.099Z; Square 2026-10-01T17:01:23.965Z
1151473,1151473,"Levitate Elixirs-Strawberry, Hops & Rose",MISSING VENDOR,750 ml / 25.4 fl oz ea,$35.00,$40.00,,,,None,Hold,,"HOLD: missing local vendor; Common proposed price for existing customer lists, including SNAP; Local calculation differs from Local Line; No approved Square match; Square price left blank",993250,993250,,$40.00,,Yes,LL 2026-10-01T17:03:29.099Z; Square 2026-10-01T17:01:23.965Z
1151477,1151477,"Levitate Elixirs-Wild Blueberry, Lemon & Rosemary",MISSING VENDOR,750 ml / 25.4 fl oz ea,$35.00,$40.00,,,,None,Hold,,"HOLD: missing local vendor; Common proposed price for existing customer lists, including SNAP; Local calculation differs from Local Line; No approved Square match; Square price left blank",993254,993254,,$40.00,,Yes,LL 2026-10-01T17:03:29.099Z; Square 2026-10-01T17:01:23.965Z
1139026,1139026,Marionberry,MISSING VENDOR,1/2 pt,$4.76,$4.76,,,,None,Hold,,"HOLD: missing local vendor; Common proposed price for existing customer lists, including SNAP; No approved Square match; Square price left blank",976775,976775,,$4.76,,No,LL 2026-10-01T17:03:29.099Z; Square 2026-10-01T17:01:23.965Z
825305,825305,Matsutake mushrooms,MISSING VENDOR,1/2 lb,$15.75,$14.96,,,,None,Hold,,"HOLD: missing local vendor; Common proposed price for existing customer lists, including SNAP; Current list prices range $14.96–$15.75; baseline is Herd Share Members; Local calculation differs from Local Line; No approved Square match; Square price left blank",549219,549219,,$14.96,,No,LL 2026-10-01T17:03:29.099Z; Square 2026-10-01T17:01:23.965Z
1141557,1141557,Medium Mixed Flower Bouquet,MISSING VENDOR,ea,$16.80,$16.80,,,,None,Hold,,"HOLD: missing local vendor; Common proposed price for existing customer lists, including SNAP; No approved Square match; Square price left blank",980230,980230,,$16.80,,No,LL 2026-10-01T17:03:29.099Z; Square 2026-10-01T17:01:23.965Z
1163513,1163513,Mix of Pears,MISSING VENDOR,ea,$1.40,$1.40,,,,None,Hold,,"HOLD: missing local vendor; Common proposed price for existing customer lists, including SNAP; No approved Square match; Square price left blank",1011064,1011064,,$1.40,,Yes,LL 2026-10-01T17:03:29.099Z; Square 2026-10-01T17:01:23.965Z
1153445,1153445,Mixed Red and Yellow Peppers,MISSING VENDOR,lb,$5.60,$5.60,,,,None,Hold,,"HOLD: missing local vendor; Common proposed price for existing customer lists, including SNAP; No approved Square match; Square price left blank",996042,996042,,$5.60,,No,LL 2026-10-01T17:03:29.099Z; Square 2026-10-01T17:01:23.965Z
1149432,1149432,Music Garlic (Dried and Cured),MISSING VENDOR,1/2 lb,$5.60,$5.60,,,,None,Hold,,"HOLD: missing local vendor; Common proposed price for existing customer lists, including SNAP; No approved Square match; Square price left blank",990479,990479,,$5.60,,Yes,LL 2026-10-01T17:03:29.099Z; Square 2026-10-01T17:01:23.965Z
1161243,1161243,Naravilla and Laturilla Figs,MISSING VENDOR,pack,$8.40,$8.40,,,,None,Hold,,"HOLD: missing local vendor; Common proposed price for existing customer lists, including SNAP; No approved Square match; Square price left blank",1006816,1006816,,$8.40,,Yes,LL 2026-10-01T17:03:29.099Z; Square 2026-10-01T17:01:23.965Z
1162016,1162016,Organic Spelt Flour,MISSING VENDOR,4 lb. Bag,$16.80,$16.80,,,,None,Hold,,"HOLD: missing local vendor; Common proposed price for existing customer lists, including SNAP; No approved Square match; Square price left blank",1008808,1008808,,$16.80,,Yes,LL 2026-10-01T17:03:29.099Z; Square 2026-10-01T17:01:23.965Z
870774,870774,Pea Shoots,MISSING VENDOR,1/2 Lb.,$7.00,$6.75,,,,None,Hold,,"HOLD: missing local vendor; Common proposed price for existing customer lists, including SNAP; Current list prices range $6.75–$7.00; baseline is Herd Share Members; Local calculation differs from Local Line; No approved Square match; Square price left blank",603300,603300,,$6.75,,No,LL 2026-10-01T17:03:29.099Z; Square 2026-10-01T17:01:23.965Z
805982,805982,Peppermint,MISSING VENDOR,each,$4.90,$3.00,,,,Active — retain sale; rate unavailable,Hold,,"HOLD: missing local vendor; Common proposed price for existing customer lists, including SNAP; Local calculation differs from Local Line; Retain active Local Line sale; local sale flag differs; Sale flag retained; regular price/discount must be checked before publication; No approved Square match; Square price left blank",527042,527042,,,,No,LL 2026-10-01T17:03:29.099Z; Square 2026-10-01T17:01:23.965Z
883821,883821,Persian Cucumber,MISSING VENDOR,1 lb,$3.36,$3.22,,,,None,Hold,,"HOLD: missing local vendor; Common proposed price for existing customer lists, including SNAP; Current list prices range $3.22–$3.36; baseline is Herd Share Members; Local calculation differs from Local Line; No approved Square match; Square price left blank",621073,621073,,$3.22,,No,LL 2026-10-01T17:03:29.099Z; Square 2026-10-01T17:01:23.965Z
1149424,1149424,Polish White Garlic (Dried and Cured),MISSING VENDOR,1/2 lb,$5.60,$5.60,,,,None,Hold,,"HOLD: missing local vendor; Common proposed price for existing customer lists, including SNAP; No approved Square match; Square price left blank",990469,990469,,$5.60,,Yes,LL 2026-10-01T17:03:29.099Z; Square 2026-10-01T17:01:23.965Z
805962,805962,Red Butter-head Little Gem Lettuce,MISSING VENDOR,each,$1.96,$1.88,,,,None,Hold,,"HOLD: missing local vendor; Common proposed price for existing customer lists, including SNAP; Current list prices range $1.88–$1.96; baseline is Herd Share Members; Local calculation differs from Local Line; No approved Square match; Square price left blank",527022,527022,,$1.88,,No,LL 2026-10-01T17:03:29.099Z; Square 2026-10-01T17:01:23.965Z
1144340,1144340,Red Butterhead Lettuce,MISSING VENDOR,each,$3.15,$3.15,,,,None,Hold,,"HOLD: missing local vendor; Common proposed price for existing customer lists, including SNAP; No approved Square match; Square price left blank",983565,983565,,$3.15,,No,LL 2026-10-01T17:03:29.099Z; Square 2026-10-01T17:01:23.965Z
1161247,1161247,Satsuma plums,MISSING VENDOR,lb,$2.80,$2.80,,,,None,Hold,,"HOLD: missing local vendor; Common proposed price for existing customer lists, including SNAP; No approved Square match; Square price left blank",1006819,1006819,,$2.80,,No,LL 2026-10-01T17:03:29.099Z; Square 2026-10-01T17:01:23.965Z
1161246,1161246,Seckel Pears,MISSING VENDOR,lb,$4.20,$4.20,,,,None,Hold,,"HOLD: missing local vendor; Common proposed price for existing customer lists, including SNAP; No approved Square match; Square price left blank",1006818,1006818,,$4.20,,Yes,LL 2026-10-01T17:03:29.099Z; Square 2026-10-01T17:01:23.965Z
1139025,1139025,Spring Onion,MISSING VENDOR,Ea,$1.89,$1.89,,,,None,Hold,,"HOLD: missing local vendor; Common proposed price for existing customer lists, including SNAP; No approved Square match; Square price left blank",976774,976774,,$1.89,,No,LL 2026-10-01T17:03:29.099Z; Square 2026-10-01T17:01:23.965Z
1161250,1161250,Stanley Plums,MISSING VENDOR,lb,$2.80,$2.80,,,,None,Hold,,"HOLD: missing local vendor; Common proposed price for existing customer lists, including SNAP; No approved Square match; Square price left blank",1006822,1006822,,$2.80,,No,LL 2026-10-01T17:03:29.099Z; Square 2026-10-01T17:01:23.965Z
1157456,1157456,Stark Yellow Peaches,MISSING VENDOR,lb,$4.20,$4.20,,,,None,Hold,,"HOLD: missing local vendor; Common proposed price for existing customer lists, including SNAP; No approved Square match; Square price left blank",1001257,1001257,,$4.20,,No,LL 2026-10-01T17:03:29.099Z; Square 2026-10-01T17:01:23.965Z
1140518,1140518,Stripped Zucchini,MISSING VENDOR,1 lb,$3.50,$3.50,,,,None,Hold,,"HOLD: missing local vendor; Common proposed price for existing customer lists, including SNAP; No approved Square match; Square price left blank",978740,978740,,$3.50,,No,LL 2026-10-01T17:03:29.099Z; Square 2026-10-01T17:01:23.965Z
1157446,1157446,Suncrest Peach,MISSING VENDOR,1 lb,$4.20,$4.20,,,,None,Hold,,"HOLD: missing local vendor; Common proposed price for existing customer lists, including SNAP; No approved Square match; Square price left blank",1001247,1001247,,$4.20,,No,LL 2026-10-01T17:03:29.099Z; Square 2026-10-01T17:01:23.965Z
805839,805839,Sweet Potato “Seconds”,MISSING VENDOR,1 lb,$4.55,$2.75,,,,Active — retain sale; rate unavailable,Hold,,"HOLD: missing local vendor; Common proposed price for existing customer lists, including SNAP; Local calculation differs from Local Line; Retain active Local Line sale; local sale flag differs; Sale flag retained; regular price/discount must be checked before publication; No approved Square match; Square price left blank",526897,526897,,,,No,LL 2026-10-01T17:03:29.099Z; Square 2026-10-01T17:01:23.965Z
1148272,1148272,Travel Size Healing Stick,MISSING VENDOR,0.5 oz ea,$8.33,$8.33,,,,None,Hold,,"HOLD: missing local vendor; Common proposed price for existing customer lists, including SNAP; Current list prices range $7.00–$8.33; baseline is Herd Share Members; No approved Square match; Square price left blank",988901,988901,,$8.33,,No,LL 2026-10-01T17:03:29.099Z; Square 2026-10-01T17:01:23.965Z
1148268,1148268,Travel Size Lotion Stick w/ Honeysuckle Essential Oil,MISSING VENDOR,0.5 oz ea,$8.33,$8.33,,,,None,Hold,,"HOLD: missing local vendor; Common proposed price for existing customer lists, including SNAP; No approved Square match; Square price left blank",988897,988897,,$8.33,,Yes,LL 2026-10-01T17:03:29.099Z; Square 2026-10-01T17:01:23.965Z
1148269,1148269,Travel Size Lotion Stick w/ Lemongrass & Orange Essential Oils & Turmeric,MISSING VENDOR,0.5 oz ea,$8.33,$8.33,,,,None,Hold,,"HOLD: missing local vendor; Common proposed price for existing customer lists, including SNAP; No approved Square match; Square price left blank",988898,988898,,$8.33,,Yes,LL 2026-10-01T17:03:29.099Z; Square 2026-10-01T17:01:23.965Z
1164992,1164992,Turkish Long Eggplant,MISSING VENDOR,1 lb,$3.92,$3.92,,,,None,Hold,,"HOLD: missing local vendor; Common proposed price for existing customer lists, including SNAP; No approved Square match; Square price left blank",1013033,1013033,,$3.92,,Yes,LL 2026-10-01T17:03:29.099Z; Square 2026-10-01T17:01:23.965Z
805846,805846,Walla Walla Onions,MISSING VENDOR,1 lb,$2.80,$1.75,,,,Active — retain sale; rate unavailable,Hold,,"HOLD: missing local vendor; Common proposed price for existing customer lists, including SNAP; Local calculation differs from Local Line; Retain active Local Line sale; local sale flag differs; Sale flag retained; regular price/discount must be checked before publication; No approved Square match; Square price left blank",526904,526904,,,,No,LL 2026-10-01T17:03:29.099Z; Square 2026-10-01T17:01:23.965Z
1164990,1164990,Yellow Italian Frying Pepper,MISSING VENDOR,1 lb,$3.85,$3.85,,,,None,Hold,,"HOLD: missing local vendor; Common proposed price for existing customer lists, including SNAP; No approved Square match; Square price left blank",1013017,1013017,,$3.85,,Yes,LL 2026-10-01T17:03:29.099Z; Square 2026-10-01T17:01:23.965Z
1162012,1162012,Yellow Potatoes (Vista Gold),MISSING VENDOR,1 lb,$2.10,$2.10,,,,None,Hold,,"HOLD: missing local vendor; Common proposed price for existing customer lists, including SNAP; No approved Square match; Square price left blank",1008804,1008804,,$2.10,,Yes,LL 2026-10-01T17:03:29.099Z; Square 2026-10-01T17:01:23.965Z
1133725,1133725,Anaheim Pepper,Organically Grown Company,1 lb,$8.19,$8.19,$8.85,,,None,Review,,"Common proposed price for existing customer lists, including SNAP; No approved Square match; Square price left blank",969104,969104,,$8.19,$8.85,No,LL 2026-10-01T17:03:29.099Z; Square 2026-10-01T17:01:23.965Z
805850,,Asparagus,Organically Grown Company,1 lb,$7.00,,,,,None,Hold,,No Local Line product mapping; No Local Line package mapping; No approved Square match; Square price left blank,526908,,,,,No,LL 2026-10-01T17:03:29.099Z; Square 2026-10-01T17:01:23.965Z
981428,981428,Baby Red Onion,Organically Grown Company,bu,$3.50,$3.50,$3.78,,,None,Review,,"Common proposed price for existing customer lists, including SNAP; No approved Square match; Square price left blank",749861,749861,,$3.50,$3.78,No,LL 2026-10-01T17:03:29.099Z; Square 2026-10-01T17:01:23.965Z
1028363,,Black Garlic,Organically Grown Company,3.75 oz  bag,$9.28,,,,,None,Hold,,No Local Line product mapping; No Local Line package mapping; No approved Square match; Square price left blank,818331,,,,,No,LL 2026-10-01T17:03:29.099Z; Square 2026-10-01T17:01:23.965Z
805772,805772,Blackberries,Organically Grown Company,1/2  pt,$6.65,$6.65,$7.18,,,None,Review,,"Common proposed price for existing customer lists, including SNAP; No approved Square match; Square price left blank",526828,526828,,$6.65,$7.18,No,LL 2026-10-01T17:03:29.099Z; Square 2026-10-01T17:01:23.965Z
890302,890302,Blueberries,Organically Grown Company,1 pint,$5.60,$5.60,$6.05,,,None,Review,,"Common proposed price for existing customer lists, including SNAP; No approved Square match; Square price left blank",629769,629769,,$5.60,$6.05,No,LL 2026-10-01T17:03:29.099Z; Square 2026-10-01T17:01:23.965Z
927368,927368,Broccoli Rapini,Organically Grown Company,bu,$3.50,$3.50,$3.78,,,None,Review,,"Common proposed price for existing customer lists, including SNAP; No approved Square match; Square price left blank",675355,675355,,$3.50,$3.78,No,LL 2026-10-01T17:03:29.099Z; Square 2026-10-01T17:01:23.965Z
1058761,1058761,Calcot Onion Bunch,Organically Grown Company,bu,$4.24,$4.24,$4.58,,,None,Review,,"Common proposed price for existing customer lists, including SNAP; No approved Square match; Square price left blank",865053,865053,,$4.24,$4.58,No,LL 2026-10-01T17:03:29.099Z; Square 2026-10-01T17:01:23.965Z
911653,911653,Celeriac,Organically Grown Company,1 lb,$2.52,$2.52,$2.72,,,None,Review,,"Common proposed price for existing customer lists, including SNAP; No approved Square match; Square price left blank",656880,656880,,$2.52,$2.72,No,LL 2026-10-01T17:03:29.099Z; Square 2026-10-01T17:01:23.965Z
883831,883831,Cherries (WA),Organically Grown Company,1.5 lb. bag,$9.66,$9.66,$10.43,,,None,Review,,"Common proposed price for existing customer lists, including SNAP; No approved Square match; Square price left blank",621083,621083,,$9.66,$10.43,No,LL 2026-10-01T17:03:29.099Z; Square 2026-10-01T17:01:23.965Z
805831,805831,Collard Greens,Organically Grown Company,each,$2.31,$2.31,$2.49,,,None,Review,,"Common proposed price for existing customer lists, including SNAP; No approved Square match; Square price left blank",526888,526888,,$2.31,$2.49,No,LL 2026-10-01T17:03:29.099Z; Square 2026-10-01T17:01:23.965Z
805875,805875,Crimini Mushrooms,Organically Grown Company,1 lb,$5.53,$5.53,$5.97,,,None,Review,,"Common proposed price for existing customer lists, including SNAP; No approved Square match; Square price left blank",526933,526933,,$5.53,$5.97,Yes,LL 2026-10-01T17:03:29.099Z; Square 2026-10-01T17:01:23.965Z
926707,926707,Daikon Radish (WA),Organically Grown Company,1 Lb,$5.39,$5.39,$5.82,,,None,Review,,"Common proposed price for existing customer lists, including SNAP; No approved Square match; Square price left blank",674541,674541,,$5.39,$5.82,No,LL 2026-10-01T17:03:29.099Z; Square 2026-10-01T17:01:23.965Z
1133719,1133719,Eggplant,Organically Grown Company,each,$4.19,$4.19,$4.53,,,None,Review,,"Common proposed price for existing customer lists, including SNAP; No approved Square match; Square price left blank",969098,969098,,$4.19,$4.53,No,LL 2026-10-01T17:03:29.099Z; Square 2026-10-01T17:01:23.965Z
1117018,1117018,Fresh Strawberries,Organically Grown Company,each,$7.42,$7.42,$8.01,,,None,Review,,"Common proposed price for existing customer lists, including SNAP; No approved Square match; Square price left blank",943643,943643,,$7.42,$8.01,No,LL 2026-10-01T17:03:29.099Z; Square 2026-10-01T17:01:23.965Z
1058709,1058709,Fuji Apple (WA),Organically Grown Company,ea,$1.26,$1.35,$1.46,,,None,Review,,"Common proposed price for existing customer lists, including SNAP; Current list prices range $1.26–$1.35; baseline is Herd Share Members; Local calculation differs from Local Line; No approved Square match; Square price left blank",864990,864990,,$1.35,$1.46,No,LL 2026-10-01T17:03:29.099Z; Square 2026-10-01T17:01:23.965Z
944271,944271,Gala Apple,Organically Grown Company,ea,$0.70,$0.70,$0.76,,,None,Review,,"Common proposed price for existing customer lists, including SNAP; No approved Square match; Square price left blank",699021,699021,,$0.70,$0.76,No,LL 2026-10-01T17:03:29.099Z; Square 2026-10-01T17:01:23.965Z
928530,928530,Gold Beets,Organically Grown Company,lb,$2.24,$2.24,$2.42,,,None,Review,,"Common proposed price for existing customer lists, including SNAP; No approved Square match; Square price left blank",676674,676674,,$2.24,$2.42,No,LL 2026-10-01T17:03:29.099Z; Square 2026-10-01T17:01:23.965Z
987076,987076,Gold Raspberries,Organically Grown Company,1/2 pt,$6.05,$6.05,$6.53,,,None,Review,,"Common proposed price for existing customer lists, including SNAP; No approved Square match; Square price left blank",757754,757754,,$6.05,$6.53,No,LL 2026-10-01T17:03:29.099Z; Square 2026-10-01T17:01:23.965Z
899377,899377,Granny Smith Apple (WA),Organically Grown Company,ea,$1.26,$1.35,$1.46,,,None,Review,,"Common proposed price for existing customer lists, including SNAP; Current list prices range $1.26–$1.35; baseline is Herd Share Members; Local calculation differs from Local Line; No approved Square match; Square price left blank",641182,641182,,$1.35,$1.46,No,LL 2026-10-01T17:03:29.099Z; Square 2026-10-01T17:01:23.965Z
983715,983715,Green garlic,Organically Grown Company,1 lb,$10.15,$10.15,$10.96,,,None,Review,,"Common proposed price for existing customer lists, including SNAP; No approved Square match; Square price left blank",752788,752788,,$10.15,$10.96,No,LL 2026-10-01T17:03:29.099Z; Square 2026-10-01T17:01:23.965Z
983715,983715,Green garlic,Organically Grown Company,1/2 lb,$5.08,$5.08,$5.49,,,None,Review,,"Common proposed price for existing customer lists, including SNAP; No approved Square match; Square price left blank",919343,919343,,$5.08,$5.49,No,LL 2026-10-01T17:03:29.099Z; Square 2026-10-01T17:01:23.965Z
899379,899379,Honey Crisp Apple (WA),Organically Grown Company,ea,$2.45,$2.63,$2.84,,,None,Review,,"Common proposed price for existing customer lists, including SNAP; Current list prices range $2.45–$2.63; baseline is Herd Share Members; Local calculation differs from Local Line; No approved Square match; Square price left blank",641205,641205,,$2.63,$2.84,No,LL 2026-10-01T17:03:29.099Z; Square 2026-10-01T17:01:23.965Z
862903,862903,Italian Kale Raab,Organically Grown Company,bu,$3.22,$3.22,$3.48,,,None,Review,,"Common proposed price for existing customer lists, including SNAP; No approved Square match; Square price left blank",592913,592913,,$3.22,$3.48,No,LL 2026-10-01T17:03:29.099Z; Square 2026-10-01T17:01:23.965Z
901488,901488,Jalapeno,Organically Grown Company,lb,$7.00,$5.60,$6.05,,,None,Review,,"Common proposed price for existing customer lists, including SNAP; Local calculation differs from Local Line; No approved Square match; Square price left blank",643774,643774,,$5.60,$6.05,No,LL 2026-10-01T17:03:29.099Z; Square 2026-10-01T17:01:23.965Z
1133722,1133722,"Kaiware, Green Microgreens",Organically Grown Company,2 oz ea,$7.63,$7.63,$8.24,,,None,Review,,"Common proposed price for existing customer lists, including SNAP; No approved Square match; Square price left blank",969101,969101,,$7.63,$8.24,No,LL 2026-10-01T17:03:29.099Z; Square 2026-10-01T17:01:23.965Z
1133723,1133723,"Kaiware, Purple Microgreens",Organically Grown Company,2 oz ea,$7.63,$7.63,$8.24,,,None,Review,,"Common proposed price for existing customer lists, including SNAP; No approved Square match; Square price left blank",969102,969102,,$7.63,$8.24,No,LL 2026-10-01T17:03:29.099Z; Square 2026-10-01T17:01:23.965Z
1017922,1017922,Leeks,Organically Grown Company,1 ct.,$2.80,$2.80,$3.02,,,None,Review,,"Common proposed price for existing customer lists, including SNAP; No approved Square match; Square price left blank",803319,803319,,$2.80,$3.02,No,LL 2026-10-01T17:03:29.099Z; Square 2026-10-01T17:01:23.965Z
859074,859074,Leeks,Organically Grown Company,1 lb,$2.80,$2.80,$3.02,,,None,Review,,"Common proposed price for existing customer lists, including SNAP; No approved Square match; Square price left blank",588665,588665,,$2.80,$3.02,No,LL 2026-10-01T17:03:29.099Z; Square 2026-10-01T17:01:23.965Z
805890,805890,Lions Mane Mushrooms,Organically Grown Company,1/2 lb,$6.93,$6.93,$7.48,,,None,Review,,"Common proposed price for existing customer lists, including SNAP; No approved Square match; Square price left blank",526948,526948,,$6.93,$7.48,No,LL 2026-10-01T17:03:29.099Z; Square 2026-10-01T17:01:23.965Z
899390,899390,Mini Sweet Mix Bell Peppers,Organically Grown Company,1 lb bag,$6.43,$6.43,$6.94,,,None,Review,,"Common proposed price for existing customer lists, including SNAP; No approved Square match; Square price left blank",641285,641285,,$6.43,$6.94,No,LL 2026-10-01T17:03:29.099Z; Square 2026-10-01T17:01:23.965Z
812655,812655,Mix of  Comice/D'Anjou,Organically Grown Company,ea,$1.40,$1.40,$1.51,,,None,Review,,"Common proposed price for existing customer lists, including SNAP; No approved Square match; Square price left blank",534523,534523,,$1.40,$1.51,No,LL 2026-10-01T17:03:29.099Z; Square 2026-10-01T17:01:23.965Z
881653,881653,Nantes Carrots,Organically Grown Company,bunch,$3.54,$3.54,$3.82,,,None,Review,,"Common proposed price for existing customer lists, including SNAP; No approved Square match; Square price left blank",618132,618132,,$3.54,$3.82,No,LL 2026-10-01T17:03:29.099Z; Square 2026-10-01T17:01:23.965Z
899388,899388,Oyster Mushrooms,Organically Grown Company,1/2 lb,$5.25,$5.25,$5.67,,,None,Review,,"Common proposed price for existing customer lists, including SNAP; No approved Square match; Square price left blank",641283,641283,,$5.25,$5.67,No,LL 2026-10-01T17:03:29.099Z; Square 2026-10-01T17:01:23.965Z
805900,805900,Parsnips,Organically Grown Company,1 lb,$3.50,$3.50,$3.78,,,None,Review,,"Common proposed price for existing customer lists, including SNAP; No approved Square match; Square price left blank",526958,526958,,$3.50,$3.78,No,LL 2026-10-01T17:03:29.099Z; Square 2026-10-01T17:01:23.965Z
1058760,1058760,Pea Shoot Microgreens,Organically Grown Company,2.5 oz ea,$7.63,$7.63,$8.24,,,None,Review,,"Common proposed price for existing customer lists, including SNAP; No approved Square match; Square price left blank",865052,865052,,$7.63,$8.24,No,LL 2026-10-01T17:03:29.099Z; Square 2026-10-01T17:01:23.965Z
927371,,Pink Lady Apple,Organically Grown Company,ea,$0.98,,,,,None,Hold,,No Local Line product mapping; No Local Line package mapping; No approved Square match; Square price left blank,675358,,,,,No,LL 2026-10-01T17:03:29.099Z; Square 2026-10-01T17:01:23.965Z
1131456,1131456,Pink Raspberries,Organically Grown Company,1/2 pt,$6.44,$6.44,$6.96,,,None,Review,,"Common proposed price for existing customer lists, including SNAP; No approved Square match; Square price left blank",965788,965788,,$6.44,$6.96,No,LL 2026-10-01T17:03:29.099Z; Square 2026-10-01T17:01:23.965Z
805904,805904,Portabella Mushrooms,Organically Grown Company,each,$10.15,$10.15,$10.96,,,None,Review,,"Common proposed price for existing customer lists, including SNAP; No approved Square match; Square price left blank",526962,526962,,$10.15,$10.96,No,LL 2026-10-01T17:03:29.099Z; Square 2026-10-01T17:01:23.965Z
824480,824480,Purple potatoes,Organically Grown Company,pound,$1.46,$1.46,$1.58,,,None,Review,,"Common proposed price for existing customer lists, including SNAP; No approved Square match; Square price left blank",548053,548053,,$1.46,$1.58,No,LL 2026-10-01T17:03:29.099Z; Square 2026-10-01T17:01:23.965Z
1131458,1131458,Rainer Cherries (WA),Organically Grown Company,1.5 lb. bag,$17.99,$17.99,$19.43,,,None,Review,,"Common proposed price for existing customer lists, including SNAP; No approved Square match; Square price left blank",965791,965791,,$17.99,$19.43,No,LL 2026-10-01T17:03:29.099Z; Square 2026-10-01T17:01:23.965Z
1003371,1003371,Red Bartlett Pears,Organically Grown Company,ea,$1.40,$1.40,$1.51,,,None,Review,,"Common proposed price for existing customer lists, including SNAP; No approved Square match; Square price left blank",782715,782715,,$1.40,$1.51,No,LL 2026-10-01T17:03:29.099Z; Square 2026-10-01T17:01:23.965Z
1038287,1038287,Red Beets,Organically Grown Company,1 lb,$1.90,$1.90,$2.05,,,None,Review,,"Common proposed price for existing customer lists, including SNAP; No approved Square match; Square price left blank",836559,836559,,$1.90,$2.05,No,LL 2026-10-01T17:03:29.099Z; Square 2026-10-01T17:01:23.965Z
912736,912736,Red Cabbage,Organically Grown Company,each,$5.53,$5.53,$5.97,,,None,Review,,"Common proposed price for existing customer lists, including SNAP; No approved Square match; Square price left blank",658110,658110,,$5.53,$5.97,No,LL 2026-10-01T17:03:29.099Z; Square 2026-10-01T17:01:23.965Z
987077,987077,Red Currant Berries,Organically Grown Company,1/2 pt,$6.43,$6.43,$6.94,,,None,Review,,"Common proposed price for existing customer lists, including SNAP; No approved Square match; Square price left blank",757755,757755,,$6.43,$6.94,No,LL 2026-10-01T17:03:29.099Z; Square 2026-10-01T17:01:23.965Z
805781,805781,Red D'Anjou Pears,Organically Grown Company,each,$1.40,$1.40,$1.51,,,None,Review,,"Common proposed price for existing customer lists, including SNAP; No approved Square match; Square price left blank",526837,526837,,$1.40,$1.51,No,LL 2026-10-01T17:03:29.099Z; Square 2026-10-01T17:01:23.965Z
1058758,1058758,Red Mustard Mizuna,Organically Grown Company,ea,$3.22,$3.22,$3.48,,,None,Review,,"Common proposed price for existing customer lists, including SNAP; No approved Square match; Square price left blank",865050,865050,,$3.22,$3.48,No,LL 2026-10-01T17:03:29.099Z; Square 2026-10-01T17:01:23.965Z
812626,812626,Red Potatoes (Idaho),Organically Grown Company,1 lb,$1.40,$1.40,$1.51,,,None,Review,,"Common proposed price for existing customer lists, including SNAP; No approved Square match; Square price left blank",534494,534494,,$1.40,$1.51,No,LL 2026-10-01T17:03:29.099Z; Square 2026-10-01T17:01:23.965Z
805782,805782,Red Raspberries,Organically Grown Company,1/2 pt,$6.65,$6.65,$7.18,,,None,Review,,"Common proposed price for existing customer lists, including SNAP; No approved Square match; Square price left blank",526838,526838,,$6.65,$7.18,No,LL 2026-10-01T17:03:29.099Z; Square 2026-10-01T17:01:23.965Z
824478,824478,Russet potatoes (CA),Organically Grown Company,1 lb,$1.40,$1.40,$1.51,,,None,Review,,"Common proposed price for existing customer lists, including SNAP; No approved Square match; Square price left blank",548051,548051,,$1.40,$1.51,No,LL 2026-10-01T17:03:29.099Z; Square 2026-10-01T17:01:23.965Z
805816,805816,Rutabega,Organically Grown Company,1 lb,$2.66,$2.66,$2.87,,,None,Review,,"Common proposed price for existing customer lists, including SNAP; No approved Square match; Square price left blank",526873,526873,,$2.66,$2.87,No,LL 2026-10-01T17:03:29.099Z; Square 2026-10-01T17:01:23.965Z
805981,805981,Savoy Cabbage,Organically Grown Company,each,$3.15,$3.15,$3.40,,,None,Review,,"Common proposed price for existing customer lists, including SNAP; No approved Square match; Square price left blank",527041,527041,,$3.15,$3.40,No,LL 2026-10-01T17:03:29.099Z; Square 2026-10-01T17:01:23.965Z
812617,812617,Serrano pepper,Organically Grown Company,1/2 lb,$3.50,$3.50,$3.78,,,None,Review,,"Common proposed price for existing customer lists, including SNAP; No approved Square match; Square price left blank",534485,534485,,$3.50,$3.78,No,LL 2026-10-01T17:03:29.099Z; Square 2026-10-01T17:01:23.965Z
1048411,1048411,Shallots,Organically Grown Company,1 lb,$4.90,$4.90,$5.29,,,None,Review,,"Common proposed price for existing customer lists, including SNAP; No approved Square match; Square price left blank",851691,851691,,$4.90,$5.29,Yes,LL 2026-10-01T17:03:29.099Z; Square 2026-10-01T17:01:23.965Z
805927,805927,Shiitake Mushrooms,Organically Grown Company,1/2 lb,$5.71,$5.71,$6.17,,,None,Review,,"Common proposed price for existing customer lists, including SNAP; No approved Square match; Square price left blank",526987,526987,,$5.71,$6.17,Yes,LL 2026-10-01T17:03:29.099Z; Square 2026-10-01T17:01:23.965Z
1028364,1028364,Soft-neck Garlic ( CA ),Organically Grown Company,1/2 lb,$3.72,$3.72,$4.02,,,None,Review,,"Common proposed price for existing customer lists, including SNAP; No approved Square match; Square price left blank",818332,818332,,$3.72,$4.02,No,LL 2026-10-01T17:03:29.099Z; Square 2026-10-01T17:01:23.965Z
805945,805945,Sugarloaf Chicory,Organically Grown Company,each,$4.49,$4.49,$4.85,,,None,Review,,"Common proposed price for existing customer lists, including SNAP; No approved Square match; Square price left blank",527005,527005,,$4.49,$4.85,No,LL 2026-10-01T17:03:29.099Z; Square 2026-10-01T17:01:23.965Z
805938,805938,Sunchokes,Organically Grown Company,1 lb,$5.74,$5.74,$6.20,,,None,Review,,"Common proposed price for existing customer lists, including SNAP; No approved Square match; Square price left blank",526998,526998,,$5.74,$6.20,No,LL 2026-10-01T17:03:29.099Z; Square 2026-10-01T17:01:23.965Z
805827,805827,Sungold Cherry Tomato Pint,Organically Grown Company,each,$4.90,$4.90,$5.29,,,None,Review,,"Common proposed price for existing customer lists, including SNAP; No approved Square match; Square price left blank",526885,526885,,$4.90,$5.29,No,LL 2026-10-01T17:03:29.099Z; Square 2026-10-01T17:01:23.965Z
871793,871793,Sweet Onion,Organically Grown Company,1lb,$1.47,$1.47,$1.59,,,None,Review,,"Common proposed price for existing customer lists, including SNAP; No approved Square match; Square price left blank",605504,605504,,$1.47,$1.59,No,LL 2026-10-01T17:03:29.099Z; Square 2026-10-01T17:01:23.965Z
927363,927363,Tatsoi,Organically Grown Company,each,$2.95,$2.95,$3.19,,,None,Review,,"Common proposed price for existing customer lists, including SNAP; No approved Square match; Square price left blank",675350,675350,,$2.95,$3.19,No,LL 2026-10-01T17:03:29.099Z; Square 2026-10-01T17:01:23.965Z
1058759,1058759,Watercress,Organically Grown Company,bu,$3.60,$3.60,$3.89,,,None,Review,,"Common proposed price for existing customer lists, including SNAP; No approved Square match; Square price left blank",865051,865051,,$3.60,$3.89,No,LL 2026-10-01T17:03:29.099Z; Square 2026-10-01T17:01:23.965Z
940149,940149,White Onion,Organically Grown Company,2# bag,$4.34,$4.34,$4.69,,,None,Review,,"Common proposed price for existing customer lists, including SNAP; No approved Square match; Square price left blank",693996,693996,,$4.34,$4.69,No,LL 2026-10-01T17:03:29.099Z; Square 2026-10-01T17:01:23.965Z
806124,806124,Brazil Cerrado Miniero - Dark Roast Coffee Beans,Radiant Coffee Roasters,12 oz,$16.80,,,,,None,Hold,,Mapped Local Line product not returned by live read; Mapped Local Line package not found under mapped product; No approved Square match; Square price left blank,527189,527189,,,,No,LL 2026-10-01T17:03:29.099Z; Square 2026-10-01T17:01:23.965Z
919071,919071,Brazil Cerrado Miniero - Dark Roast Ground Coffee,Radiant Coffee Roasters,12 oz,$16.80,,,,,None,Hold,,Mapped Local Line product not returned by live read; Mapped Local Line package not found under mapped product; No approved Square match; Square price left blank,664925,664925,,,,No,LL 2026-10-01T17:03:29.099Z; Square 2026-10-01T17:01:23.965Z
806127,806127,Radiant Balanced Blend - Medium Roast Coffee Beans,Radiant Coffee Roasters,12 oz,$16.80,$16.80,$18.14,,,None,Review,,"Common proposed price for existing customer lists, including SNAP; No approved Square match; Square price left blank",527192,527192,,$16.80,$18.14,Yes,LL 2026-10-01T17:03:29.099Z; Square 2026-10-01T17:01:23.965Z
919070,919070,Radiant Balanced Blend - Medium Roast Ground Coffee,Radiant Coffee Roasters,12 oz,$16.80,$16.80,$18.14,,,None,Review,,"Common proposed price for existing customer lists, including SNAP; No approved Square match; Square price left blank",664924,664924,,$16.80,$18.14,Yes,LL 2026-10-01T17:03:29.099Z; Square 2026-10-01T17:01:23.965Z
925430,925430,Radiant Breakfast Blend - Light Roast Coffee Beans,Radiant Coffee Roasters,12 oz,$16.80,$16.80,$18.14,,,None,Review,,"Common proposed price for existing customer lists, including SNAP; No approved Square match; Square price left blank",672999,672999,,$16.80,$18.14,Yes,LL 2026-10-01T17:03:29.099Z; Square 2026-10-01T17:01:23.965Z
925432,925432,Radiant Breakfast Blend - Light Roast Ground Coffee,Radiant Coffee Roasters,12 oz,$16.80,$16.80,$18.14,,,None,Review,,"Common proposed price for existing customer lists, including SNAP; No approved Square match; Square price left blank",673001,673001,,$16.80,$18.14,Yes,LL 2026-10-01T17:03:29.099Z; Square 2026-10-01T17:01:23.965Z
806131,806131,Radiant Decaf Columbia Coffee Beans,Radiant Coffee Roasters,12 oz,$18.20,$18.20,$19.66,,,None,Review,,"Common proposed price for existing customer lists, including SNAP; No approved Square match; Square price left blank",527196,527196,,$18.20,$19.66,Yes,LL 2026-10-01T17:03:29.099Z; Square 2026-10-01T17:01:23.965Z
925431,925431,Radiant Decaf Columbia Ground Coffee,Radiant Coffee Roasters,12 oz,$18.20,$18.20,$19.66,,,None,Review,,"Common proposed price for existing customer lists, including SNAP; No approved Square match; Square price left blank",673000,673000,,$18.20,$19.66,Yes,LL 2026-10-01T17:03:29.099Z; Square 2026-10-01T17:01:23.965Z
806133,806133,Radiant Midnight Blend - Dark Roast Coffee Beans,Radiant Coffee Roasters,12 oz,$16.80,$16.80,$18.14,,,None,Review,,"Common proposed price for existing customer lists, including SNAP; No approved Square match; Square price left blank",527198,527198,,$16.80,$18.14,Yes,LL 2026-10-01T17:03:29.099Z; Square 2026-10-01T17:01:23.965Z
925433,925433,Radiant Midnight Blend - Dark Roast Ground Coffee,Radiant Coffee Roasters,12 oz,$16.80,$16.80,$18.14,,,None,Review,,"Common proposed price for existing customer lists, including SNAP; No approved Square match; Square price left blank",673002,673002,,$16.80,$18.14,Yes,LL 2026-10-01T17:03:29.099Z; Square 2026-10-01T17:01:23.965Z
1018719,1018719,Radiant Roasters Chiapas Mexico Light Roast Coffee Beans,Radiant Coffee Roasters,12 oz bag,$16.80,$16.80,$18.14,,,None,Review,,"Common proposed price for existing customer lists, including SNAP; No approved Square match; Square price left blank",804433,804433,,$16.80,$18.14,No,LL 2026-10-01T17:03:29.099Z; Square 2026-10-01T17:01:23.965Z
1018720,1018720,Radiant Roasters Chiapas Mexico Light Roast Ground Coffee,Radiant Coffee Roasters,12 oz bag,$16.80,$16.80,$18.14,,,None,Review,,"Common proposed price for existing customer lists, including SNAP; No approved Square match; Square price left blank",804434,804434,,$16.80,$18.14,No,LL 2026-10-01T17:03:29.099Z; Square 2026-10-01T17:01:23.965Z
806024,806024,Braided Challah (plain),Reality Kitchen Nonprofit,each,$9.10,$9.10,$9.83,,,None,Review,,"Common proposed price for existing customer lists, including SNAP; No approved Square match; Square price left blank",527086,527086,,$9.10,$9.83,Yes,LL 2026-10-01T17:03:29.099Z; Square 2026-10-01T17:01:23.965Z
806026,806026,Braided Challah (seeded),Reality Kitchen Nonprofit,each,$9.10,$9.10,$9.83,,,None,Review,,"Common proposed price for existing customer lists, including SNAP; No approved Square match; Square price left blank",527088,527088,,$9.10,$9.83,Yes,LL 2026-10-01T17:03:29.099Z; Square 2026-10-01T17:01:23.965Z
806029,806029,Challah Sandwich Loaf,Reality Kitchen Nonprofit,each,$9.10,$9.10,$9.83,,,None,Review,,"Common proposed price for existing customer lists, including SNAP; No approved Square match; Square price left blank",527091,527091,,$9.10,$9.83,Yes,LL 2026-10-01T17:03:29.099Z; Square 2026-10-01T17:01:23.965Z
806033,806033,Sourdough Rye Sandwich Loaf,Reality Kitchen Nonprofit,each,$8.75,$8.75,$9.45,,,None,Review,,"Common proposed price for existing customer lists, including SNAP; No approved Square match; Square price left blank",527095,527095,,$8.75,$9.45,Yes,LL 2026-10-01T17:03:29.099Z; Square 2026-10-01T17:01:23.965Z
806037,806037,Wholewheat Multigrain Sandwich Loaf,Reality Kitchen Nonprofit,each,$8.75,$8.75,$9.45,,,None,Review,,"Common proposed price for existing customer lists, including SNAP; No approved Square match; Square price left blank",527099,527099,,$8.75,$9.45,Yes,LL 2026-10-01T17:03:29.099Z; Square 2026-10-01T17:01:23.965Z
901489,901489,Ambition Shallots,Red Tail Growers,1 lb,$4.90,$4.90,$5.29,,,None,Review,,"Common proposed price for existing customer lists, including SNAP; No approved Square match; Square price left blank",643775,643775,,$4.90,$5.29,No,LL 2026-10-01T17:03:29.099Z; Square 2026-10-01T17:01:23.965Z
973114,973114,Arugula,Red Tail Growers,1/2 lb bag,$5.95,$5.95,$6.43,,,None,Review,,"Common proposed price for existing customer lists, including SNAP; No approved Square match; Square price left blank",737954,737954,,$5.95,$6.43,Yes,LL 2026-10-01T17:03:29.099Z; Square 2026-10-01T17:01:23.965Z
879550,879550,Baby Bok Choi,Red Tail Growers,Bunch,$2.80,$2.80,$3.02,,,None,Review,,"Common proposed price for existing customer lists, including SNAP; No approved Square match; Square price left blank",615271,615271,,$2.80,$3.02,No,LL 2026-10-01T17:03:29.099Z; Square 2026-10-01T17:01:23.965Z
879549,879549,Baby Mustard Salad Mix,Red Tail Growers,1/2 lb,$5.60,$5.60,$6.05,,,None,Review,,"Common proposed price for existing customer lists, including SNAP; No approved Square match; Square price left blank",615270,615270,,$5.60,$6.05,No,LL 2026-10-01T17:03:29.099Z; Square 2026-10-01T17:01:23.965Z
906535,906535,Bietola,Red Tail Growers,ea,$2.80,$2.80,$3.02,,,None,Review,,"Common proposed price for existing customer lists, including SNAP; No approved Square match; Square price left blank",650561,650561,,$2.80,$3.02,No,LL 2026-10-01T17:03:29.099Z; Square 2026-10-01T17:01:23.965Z
906534,906534,Bietola/chard mix,Red Tail Growers,1/2 lb bag,$4.90,$4.90,$5.29,,,None,Review,,"Common proposed price for existing customer lists, including SNAP; No approved Square match; Square price left blank",650560,650560,,$4.90,$5.29,No,LL 2026-10-01T17:03:29.099Z; Square 2026-10-01T17:01:23.965Z
805956,805956,Braising Chicories,Red Tail Growers,1/2 lb,$5.60,$5.60,$6.05,,,None,Review,,"Common proposed price for existing customer lists, including SNAP; No approved Square match; Square price left blank",527016,527016,,$5.60,$6.05,No,LL 2026-10-01T17:03:29.099Z; Square 2026-10-01T17:01:23.965Z
906533,906533,Braising mix (chard and kale),Red Tail Growers,1/2 lb,$5.95,$5.95,$6.43,,,None,Review,,"Common proposed price for existing customer lists, including SNAP; No approved Square match; Square price left blank",650559,650559,,$5.95,$6.43,Yes,LL 2026-10-01T17:03:29.099Z; Square 2026-10-01T17:01:23.965Z
805942,805942,Candy Sweet Onion,Red Tail Growers,1 lb,$2.10,$2.10,$2.27,,,None,Review,,"Common proposed price for existing customer lists, including SNAP; No approved Square match; Square price left blank",527002,527002,,$2.10,$2.27,No,LL 2026-10-01T17:03:29.099Z; Square 2026-10-01T17:01:23.965Z
805993,805993,Castelfranco Radicchio,Red Tail Growers,each,$2.80,$2.80,$3.02,,,None,Review,,"Common proposed price for existing customer lists, including SNAP; No approved Square match; Square price left blank",527053,527053,,$2.80,$3.02,No,LL 2026-10-01T17:03:29.099Z; Square 2026-10-01T17:01:23.965Z
805877,805877,Castlefranco Chicory Head,Red Tail Growers,each,$2.59,$2.59,$2.80,,,None,Review,,"Common proposed price for existing customer lists, including SNAP; No approved Square match; Square price left blank",526935,526935,,$2.59,$2.80,No,LL 2026-10-01T17:03:29.099Z; Square 2026-10-01T17:01:23.965Z
964208,964208,Chive Flower,Red Tail Growers,bu,$2.80,$2.80,$3.02,,,None,Review,,"Common proposed price for existing customer lists, including SNAP; No approved Square match; Square price left blank",725643,725643,,$2.80,$3.02,No,LL 2026-10-01T17:03:29.099Z; Square 2026-10-01T17:01:23.965Z
812613,812613,Curly Endive,Red Tail Growers,ea,$2.10,$2.10,$2.27,,,None,Review,,"Common proposed price for existing customer lists, including SNAP; No approved Square match; Square price left blank",534481,534481,,$2.10,$2.27,No,LL 2026-10-01T17:03:29.099Z; Square 2026-10-01T17:01:23.965Z
812611,812611,Dandelion,Red Tail Growers,bu,$2.80,$2.80,$3.02,,,None,Review,,"Common proposed price for existing customer lists, including SNAP; No approved Square match; Square price left blank",534479,534479,,$2.80,$3.02,No,LL 2026-10-01T17:03:29.099Z; Square 2026-10-01T17:01:23.965Z
812612,812612,"Dandelion, Red",Red Tail Growers,bu,$3.29,$3.29,$3.55,,,None,Review,,"Common proposed price for existing customer lists, including SNAP; No approved Square match; Square price left blank",534480,534480,,$3.29,$3.55,Yes,LL 2026-10-01T17:03:29.099Z; Square 2026-10-01T17:01:23.965Z
805884,805884,Delfino Cilantro,Red Tail Growers,each,$2.80,$2.80,$3.02,,,None,Review,,"Common proposed price for existing customer lists, including SNAP; No approved Square match; Square price left blank",526942,526942,,$2.80,$3.02,No,LL 2026-10-01T17:03:29.099Z; Square 2026-10-01T17:01:23.965Z
805840,805840,Escarole,Red Tail Growers,each,$3.29,$3.29,$3.55,,,None,Review,,"Common proposed price for existing customer lists, including SNAP; No approved Square match; Square price left blank",526898,526898,,$3.29,$3.55,Yes,LL 2026-10-01T17:03:29.099Z; Square 2026-10-01T17:01:23.965Z
964211,964211,Flowering Chervil,Red Tail Growers,bu,$2.80,$2.80,$3.02,,,None,Review,,"Common proposed price for existing customer lists, including SNAP; No approved Square match; Square price left blank",725646,725646,,$2.80,$3.02,No,LL 2026-10-01T17:03:29.099Z; Square 2026-10-01T17:01:23.965Z
805899,805899,French Breakfast Radish,Red Tail Growers,each,$2.59,$2.59,$2.80,,,None,Review,,"Common proposed price for existing customer lists, including SNAP; No approved Square match; Square price left blank",526957,526957,,$2.59,$2.80,No,LL 2026-10-01T17:03:29.099Z; Square 2026-10-01T17:01:23.965Z
805880,805880,Fresh Chives,Red Tail Growers,each,$2.80,$2.80,$3.02,,,None,Review,,"Common proposed price for existing customer lists, including SNAP; No approved Square match; Square price left blank",526938,526938,,$2.80,$3.02,Yes,LL 2026-10-01T17:03:29.099Z; Square 2026-10-01T17:01:23.965Z
964209,964209,Fresh Sage,Red Tail Growers,each,$2.80,$2.80,$3.02,,,None,Review,,"Common proposed price for existing customer lists, including SNAP; No approved Square match; Square price left blank",725644,725644,,$2.80,$3.02,Yes,LL 2026-10-01T17:03:29.099Z; Square 2026-10-01T17:01:23.965Z
805906,805906,Fresh Thyme,Red Tail Growers,each,$2.80,$2.80,$3.02,,,None,Review,,"Common proposed price for existing customer lists, including SNAP; No approved Square match; Square price left blank",526964,526964,,$2.80,$3.02,Yes,LL 2026-10-01T17:03:29.099Z; Square 2026-10-01T17:01:23.965Z
964229,964229,Green  Leaf Lettuce,Red Tail Growers,each,$2.80,$2.80,$3.02,,,None,Review,,"Common proposed price for existing customer lists, including SNAP; No approved Square match; Square price left blank",725669,725669,,$2.80,$3.02,No,LL 2026-10-01T17:03:29.099Z; Square 2026-10-01T17:01:23.965Z
805882,805882,Green Cabbage,Red Tail Growers,each,$5.60,$5.60,$6.05,,,None,Review,,"Common proposed price for existing customer lists, including SNAP; No approved Square match; Square price left blank",526940,526940,,$5.60,$6.05,Yes,LL 2026-10-01T17:03:29.099Z; Square 2026-10-01T17:01:23.965Z
879552,879552,Green Garlic,Red Tail Growers,bu,$2.80,$2.80,$3.02,,,None,Review,,"Common proposed price for existing customer lists, including SNAP; No approved Square match; Square price left blank",615273,615273,,$2.80,$3.02,No,LL 2026-10-01T17:03:29.099Z; Square 2026-10-01T17:01:23.965Z
805919,805919,Green Romaine Little Gem,Red Tail Growers,each,$1.89,$1.89,$2.04,,,None,Review,,"Common proposed price for existing customer lists, including SNAP; No approved Square match; Square price left blank",526978,526978,,$1.89,$2.04,No,LL 2026-10-01T17:03:29.099Z; Square 2026-10-01T17:01:23.965Z
988808,988808,Hakurei Turnips,Red Tail Growers,1 Lb.,$2.52,$2.52,$2.72,,,None,Review,,"Common proposed price for existing customer lists, including SNAP; No approved Square match; Square price left blank",760366,760366,,$2.52,$2.72,No,LL 2026-10-01T17:03:29.099Z; Square 2026-10-01T17:01:23.965Z
999641,999641,Heirloom Tomatoes,Red Tail Growers,pound,$4.48,$4.48,$4.84,,,None,Review,,"Common proposed price for existing customer lists, including SNAP; No approved Square match; Square price left blank",776519,776519,,$4.48,$4.84,Yes,LL 2026-10-01T17:03:29.099Z; Square 2026-10-01T17:01:23.965Z
977884,977884,Iceberg Lettuce,Red Tail Growers,ea,$2.59,$2.59,$2.80,,,None,Review,,"Common proposed price for existing customer lists, including SNAP; No approved Square match; Square price left blank",744416,744416,,$2.59,$2.80,No,LL 2026-10-01T17:03:29.099Z; Square 2026-10-01T17:01:23.965Z
1006108,1006108,Italian Frying Pepper,Red Tail Growers,each,$3.50,$3.50,$3.78,,,None,Review,,"Common proposed price for existing customer lists, including SNAP; No approved Square match; Square price left blank",786671,786671,,$3.50,$3.78,No,LL 2026-10-01T17:03:29.099Z; Square 2026-10-01T17:01:23.965Z
805874,805874,Kale Mix,Red Tail Growers,1/2 lb,$5.95,$5.95,$6.43,,,None,Review,,"Common proposed price for existing customer lists, including SNAP; No approved Square match; Square price left blank",526932,526932,,$5.95,$6.43,Yes,LL 2026-10-01T17:03:29.099Z; Square 2026-10-01T17:01:23.965Z
948077,948077,Kale Sprouts Half Stalk,Red Tail Growers,ea,$5.60,$5.60,$6.05,,,None,Review,,"Common proposed price for existing customer lists, including SNAP; Current list prices range $5.60–$6.20; baseline is Herd Share Members; No approved Square match; Square price left blank",703358,703358,,$5.60,$6.05,No,LL 2026-10-01T17:03:29.099Z; Square 2026-10-01T17:01:23.965Z
879551,879551,Leek Scapes,Red Tail Growers,bu,$2.80,$2.80,$3.02,,,None,Review,,"Common proposed price for existing customer lists, including SNAP; Current list prices range $2.80–$3.10; baseline is Herd Share Members; No approved Square match; Square price left blank",615272,615272,,$2.80,$3.02,No,LL 2026-10-01T17:03:29.099Z; Square 2026-10-01T17:01:23.965Z
912554,912554,Leeks,Red Tail Growers,1 bunch,$2.80,$2.80,$3.02,,,None,Review,,"Common proposed price for existing customer lists, including SNAP; No approved Square match; Square price left blank",657841,657841,,$2.80,$3.02,No,LL 2026-10-01T17:03:29.099Z; Square 2026-10-01T17:01:23.965Z
884968,884968,Little Gem Mix,Red Tail Growers,1/2 lb bag,$5.95,$5.95,$6.43,,,None,Review,,"Common proposed price for existing customer lists, including SNAP; No approved Square match; Square price left blank",622470,622470,,$5.95,$6.43,No,LL 2026-10-01T17:03:29.099Z; Square 2026-10-01T17:01:23.965Z
890651,890651,Marjoram,Red Tail Growers,bu,$2.10,$2.10,$2.27,,,None,Review,,"Common proposed price for existing customer lists, including SNAP; No approved Square match; Square price left blank",630140,630140,,$2.10,$2.27,No,LL 2026-10-01T17:03:29.099Z; Square 2026-10-01T17:01:23.965Z
815018,815018,Mini  kubuchas,Red Tail Growers,ea,$1.40,$1.40,$1.51,,,None,Review,,"Common proposed price for existing customer lists, including SNAP; No approved Square match; Square price left blank",537155,537155,,$1.40,$1.51,No,LL 2026-10-01T17:03:29.099Z; Square 2026-10-01T17:01:23.965Z
980313,980313,Mini Salanova Lettuce Heads (mixed colors and types),Red Tail Growers,ea,$1.40,$1.40,$1.51,,,None,Review,,"Common proposed price for existing customer lists, including SNAP; No approved Square match; Square price left blank",748220,748220,,$1.40,$1.51,No,LL 2026-10-01T17:03:29.099Z; Square 2026-10-01T17:01:23.965Z
950208,950208,Mixed Bok Choi and Mustard Raab,Red Tail Growers,bu,$3.50,$3.50,$3.78,,,None,Review,,"Common proposed price for existing customer lists, including SNAP; No approved Square match; Square price left blank",706698,706698,,$3.50,$3.78,No,LL 2026-10-01T17:03:29.099Z; Square 2026-10-01T17:01:23.965Z
975957,975957,Napa Cabbage,Red Tail Growers,ea,$3.85,$3.85,$4.16,,,None,Review,,"Common proposed price for existing customer lists, including SNAP; No approved Square match; Square price left blank",741595,741595,,$3.85,$4.16,No,LL 2026-10-01T17:03:29.099Z; Square 2026-10-01T17:01:23.965Z
805948,805948,Orange Kabocha Squash,Red Tail Growers,each,$5.60,$5.60,$6.05,,,None,Review,,"Common proposed price for existing customer lists, including SNAP; No approved Square match; Square price left blank",527008,527008,,$5.60,$6.05,No,LL 2026-10-01T17:03:29.099Z; Square 2026-10-01T17:01:23.965Z
805861,805861,Purple and Green Broccolini,Red Tail Growers,each,$3.85,$3.85,$4.16,,,None,Review,,"Common proposed price for existing customer lists, including SNAP; No approved Square match; Square price left blank",526919,526919,,$3.85,$4.16,No,LL 2026-10-01T17:03:29.099Z; Square 2026-10-01T17:01:23.965Z
805995,805995,Radicchio Treviso,Red Tail Growers,each,$2.80,$2.80,$3.02,,,None,Review,,"Common proposed price for existing customer lists, including SNAP; No approved Square match; Square price left blank",527055,527055,,$2.80,$3.02,No,LL 2026-10-01T17:03:29.099Z; Square 2026-10-01T17:01:23.965Z
1005219,1005219,Rainbow Carrots,Red Tail Growers,1 lb,$2.10,$2.10,$2.27,,,None,Review,,"Common proposed price for existing customer lists, including SNAP; No approved Square match; Square price left blank",785523,785523,,$2.10,$2.27,No,LL 2026-10-01T17:03:29.099Z; Square 2026-10-01T17:01:23.965Z
912556,912556,Red Chard,Red Tail Growers,ea,$2.80,$2.80,$3.02,,,None,Review,,"Common proposed price for existing customer lists, including SNAP; No approved Square match; Square price left blank",657843,657843,,$2.80,$3.02,No,LL 2026-10-01T17:03:29.099Z; Square 2026-10-01T17:01:23.965Z
976636,976636,Red Leaf Lettuce,Red Tail Growers,ea,$2.80,$2.80,$3.02,,,None,Review,,"Common proposed price for existing customer lists, including SNAP; No approved Square match; Square price left blank",742475,742475,,$2.80,$3.02,Yes,LL 2026-10-01T17:03:29.099Z; Square 2026-10-01T17:01:23.965Z
874466,874466,Red Little Gem Lettuce,Red Tail Growers,ea,$2.45,$2.45,$2.65,,,None,Review,,"Common proposed price for existing customer lists, including SNAP; No approved Square match; Square price left blank",608582,608582,,$2.45,$2.65,No,LL 2026-10-01T17:03:29.099Z; Square 2026-10-01T17:01:23.965Z
805991,805991,Red Radicchio,Red Tail Growers,each,$3.29,$3.29,$3.55,,,None,Review,,"Common proposed price for existing customer lists, including SNAP; No approved Square match; Square price left blank",527051,527051,,$3.29,$3.55,Yes,LL 2026-10-01T17:03:29.099Z; Square 2026-10-01T17:01:23.965Z
1091676,1091676,Red Radish,Red Tail Growers,each,$2.80,$2.80,$3.02,,,None,Review,,"Common proposed price for existing customer lists, including SNAP; No approved Square match; Square price left blank",905380,905380,,$2.80,$3.02,No,LL 2026-10-01T17:03:29.099Z; Square 2026-10-01T17:01:23.965Z
874465,874465,Red Tail Fall Salad  Mix,Red Tail Growers,1/2 lb. bag,$5.95,$5.95,$6.43,,,None,Review,,"Common proposed price for existing customer lists, including SNAP; No approved Square match; Square price left blank",608581,608581,,$5.95,$6.43,Yes,LL 2026-10-01T17:03:29.099Z; Square 2026-10-01T17:01:23.965Z
890655,890655,Salad Chicory Mix,Red Tail Growers,1/2 lb bag,$5.25,$5.25,$5.67,,,None,Review,,"Common proposed price for existing customer lists, including SNAP; No approved Square match; Square price left blank",630144,630144,,$5.25,$5.67,No,LL 2026-10-01T17:03:29.099Z; Square 2026-10-01T17:01:23.965Z
805932,805932,Shallots,Red Tail Growers,1 lb,$5.60,$5.60,$6.05,,,None,Review,,"Common proposed price for existing customer lists, including SNAP; No approved Square match; Square price left blank",526992,526992,,$5.60,$6.05,No,LL 2026-10-01T17:03:29.099Z; Square 2026-10-01T17:01:23.965Z
890653,890653,Siberian Kale,Red Tail Growers,bu,$2.80,$2.80,$3.02,,,None,Review,,"Common proposed price for existing customer lists, including SNAP; No approved Square match; Square price left blank",630142,630142,,$2.80,$3.02,No,LL 2026-10-01T17:03:29.099Z; Square 2026-10-01T17:01:23.965Z
805928,805928,Sweet Salad Turnips,Red Tail Growers,bu,$3.50,$3.50,$3.78,,,None,Review,,"Common proposed price for existing customer lists, including SNAP; No approved Square match; Square price left blank",526988,526988,,$3.50,$3.78,No,LL 2026-10-01T17:03:29.099Z; Square 2026-10-01T17:01:23.965Z
890650,890650,Taragon,Red Tail Growers,bu,$2.80,$2.80,$3.02,,,None,Review,,"Common proposed price for existing customer lists, including SNAP; No approved Square match; Square price left blank",630139,630139,,$2.80,$3.02,No,LL 2026-10-01T17:03:29.099Z; Square 2026-10-01T17:01:23.965Z
805842,805842,Tatsoi,Red Tail Growers,1/2 lb bag,$4.90,$4.90,$5.29,,,None,Review,,"Common proposed price for existing customer lists, including SNAP; No approved Square match; Square price left blank",526900,526900,,$4.90,$5.29,No,LL 2026-10-01T17:03:29.099Z; Square 2026-10-01T17:01:23.965Z
891642,891642,Walla Walla Onions,Red Tail Growers,1 bunch,$3.78,$3.78,$4.08,,,None,Review,,"Common proposed price for existing customer lists, including SNAP; No approved Square match; Square price left blank",631359,631359,,$3.78,$4.08,No,LL 2026-10-01T17:03:29.099Z; Square 2026-10-01T17:01:23.965Z
906536,906536,White Russian Kale,Red Tail Growers,bu,$2.80,$2.80,$3.02,,,None,Review,,"Common proposed price for existing customer lists, including SNAP; No approved Square match; Square price left blank",650562,650562,,$2.80,$3.02,No,LL 2026-10-01T17:03:29.099Z; Square 2026-10-01T17:01:23.965Z
812623,812623,Young Chicory,Red Tail Growers,ea,$2.10,$2.10,$2.27,,,None,Review,,"Common proposed price for existing customer lists, including SNAP; No approved Square match; Square price left blank",534491,534491,,$2.10,$2.27,No,LL 2026-10-01T17:03:29.099Z; Square 2026-10-01T17:01:23.965Z
893267,893267,2025 Arbequina  Olive Oil 100mL,River Ranch Oregon Olive OIl,Ea.,$12.53,$12.53,$13.53,,,None,Review,,"Common proposed price for existing customer lists, including SNAP; No approved Square match; Square price left blank",633209,633209,,$12.53,$13.53,Yes,LL 2026-10-01T17:03:29.099Z; Square 2026-10-01T17:01:23.965Z
894790,894790,2025 Arbequina  Olive Oil 250mL,River Ranch Oregon Olive OIl,Ea.,$23.45,$23.45,$25.33,,,None,Review,,"Common proposed price for existing customer lists, including SNAP; No approved Square match; Square price left blank",635197,635197,,$23.45,$25.33,Yes,LL 2026-10-01T17:03:29.099Z; Square 2026-10-01T17:01:23.965Z
897027,897027,Colliding Rivers Olive Oil Sugar Scrub,River Ranch Oregon Olive OIl,ea 4 oz jar,$7.00,$7.00,$7.56,,,None,Review,,"Common proposed price for existing customer lists, including SNAP; No approved Square match; Square price left blank",638097,638097,,$7.00,$7.56,Yes,LL 2026-10-01T17:03:29.099Z; Square 2026-10-01T17:01:23.965Z
897010,897010,Dry Herb Mix,River Ranch Oregon Olive OIl,ea 1 ounce jar,$9.80,$9.80,$10.58,,,None,Review,,"Common proposed price for existing customer lists, including SNAP; No approved Square match; Square price left blank",638080,638080,,$9.80,$10.58,Yes,LL 2026-10-01T17:03:29.099Z; Square 2026-10-01T17:01:23.965Z
806043,806043,Flavor Infused Olive Oil- Garlic 100mL,River Ranch Oregon Olive OIl,3.38 oz. 100mL,$15.33,$15.33,$16.56,,,None,Review,,"Common proposed price for existing customer lists, including SNAP; No approved Square match; Square price left blank",527107,527107,,$15.33,$16.56,Yes,LL 2026-10-01T17:03:29.099Z; Square 2026-10-01T17:01:23.965Z
894793,894793,Flavor Infused Olive Oil- Garlic 250mL,River Ranch Oregon Olive OIl,250mL,$30.73,$30.73,$33.19,,,None,Review,,"Common proposed price for existing customer lists, including SNAP; No approved Square match; Square price left blank",635200,635200,,$30.73,$33.19,No,LL 2026-10-01T17:03:29.099Z; Square 2026-10-01T17:01:23.965Z
806051,806051,Flavor Infused Olive Oil- Rosemary and Basil 100mL,River Ranch Oregon Olive OIl,3.38oz (100mL),$15.33,$15.33,$16.56,,,None,Review,,"Common proposed price for existing customer lists, including SNAP; No approved Square match; Square price left blank",527115,527115,,$15.33,$16.56,Yes,LL 2026-10-01T17:03:29.099Z; Square 2026-10-01T17:01:23.965Z
894792,894792,Flavor Infused Olive Oil- Rosemary and Basil 250mL,River Ranch Oregon Olive OIl,250mL,$30.73,$30.73,$33.19,,,None,Review,,"Common proposed price for existing customer lists, including SNAP; No approved Square match; Square price left blank",635199,635199,,$30.73,$33.19,Yes,LL 2026-10-01T17:03:29.099Z; Square 2026-10-01T17:01:23.965Z
897018,897018,Lavender Olive Oil Sugar Scrub,River Ranch Oregon Olive OIl,ea  4oz. jar,$7.00,$7.00,$7.56,,,None,Review,,"Common proposed price for existing customer lists, including SNAP; No approved Square match; Square price left blank",638088,638088,,$7.00,$7.56,Yes,LL 2026-10-01T17:03:29.099Z; Square 2026-10-01T17:01:23.965Z
897022,897022,Morning Mist Olive Oil Sugar Scrub,River Ranch Oregon Olive OIl,ea 4 oz jar,$7.00,$7.00,$7.56,,,None,Review,,"Common proposed price for existing customer lists, including SNAP; No approved Square match; Square price left blank",638092,638092,,$7.00,$7.56,Yes,LL 2026-10-01T17:03:29.099Z; Square 2026-10-01T17:01:23.965Z
897026,897026,Summer Day Olive Oil Sugar Scrub,River Ranch Oregon Olive OIl,ea 4 oz jar,$7.00,$7.00,$7.56,,,None,Review,,"Common proposed price for existing customer lists, including SNAP; No approved Square match; Square price left blank",638096,638096,,$7.00,$7.56,Yes,LL 2026-10-01T17:03:29.099Z; Square 2026-10-01T17:01:23.965Z
975222,975222,Breaking Point Iris Rhizome,RL Plants & Home Goods,ea,$9.80,$9.80,$10.58,,,None,Review,,"Common proposed price for existing customer lists, including SNAP; No approved Square match; Square price left blank",740640,740640,,$9.80,$10.58,No,LL 2026-10-01T17:03:29.099Z; Square 2026-10-01T17:01:23.965Z
805748,805748,Dark Purple Iris Rhizome,RL Plants & Home Goods,each,$5.60,$5.60,$6.05,,,None,Review,,"Common proposed price for existing customer lists, including SNAP; No approved Square match; Square price left blank",526803,526803,,$5.60,$6.05,Yes,LL 2026-10-01T17:03:29.099Z; Square 2026-10-01T17:01:23.965Z
975217,975217,Desert Trails Iris Rhizome,RL Plants & Home Goods,ea,$11.20,$11.20,$12.10,,,None,Review,,"Common proposed price for existing customer lists, including SNAP; No approved Square match; Square price left blank",740628,740628,,$11.20,$12.10,No,LL 2026-10-01T17:03:29.099Z; Square 2026-10-01T17:01:23.965Z
897406,897406,DOXIE DOODLES - 2011 Standard Dwarf Bearded Iris - Fragrant (rhizome),RL Plants & Home Goods,ea,$8.40,$8.40,$9.07,,,None,Review,,"Common proposed price for existing customer lists, including SNAP; No approved Square match; Square price left blank",638663,638663,,$8.40,$9.07,No,LL 2026-10-01T17:03:29.099Z; Square 2026-10-01T17:01:23.965Z
901386,901386,Fall Decor- Iris Rhizome,RL Plants & Home Goods,ea,$11.20,$11.20,$12.10,,,None,Review,,"Common proposed price for existing customer lists, including SNAP; No approved Square match; Square price left blank",643634,643634,,$11.20,$12.10,No,LL 2026-10-01T17:03:29.099Z; Square 2026-10-01T17:01:23.965Z
975212,975212,Giddy Iris Rhizome (Standard Dwarf Bearded),RL Plants & Home Goods,ea,$8.40,$8.40,$9.07,,,None,Review,,"Common proposed price for existing customer lists, including SNAP; No approved Square match; Square price left blank",740622,740622,,$8.40,$9.07,Yes,LL 2026-10-01T17:03:29.099Z; Square 2026-10-01T17:01:23.965Z
1090814,1090814,Handcrafted 4x4 Rustic Wood Double Tea Candle Holder,RL Plants & Home Goods,ea,$14.00,$14.00,$15.12,,,None,Review,,"Common proposed price for existing customer lists, including SNAP; No approved Square match; Square price left blank",904110,904110,,$14.00,$15.12,No,LL 2026-10-01T17:03:29.099Z; Square 2026-10-01T17:01:23.965Z
1090811,1090811,Handcrafted 4x4 Rustic Wood Tea Candle Holder,RL Plants & Home Goods,ea,$14.00,$14.00,$15.12,,,None,Review,,"Common proposed price for existing customer lists, including SNAP; No approved Square match; Square price left blank",904107,904107,,$14.00,$15.12,Yes,LL 2026-10-01T17:03:29.099Z; Square 2026-10-01T17:01:23.965Z
1017978,1017978,Handcrafted Birch Holder,RL Plants & Home Goods,ea,$21.00,$21.00,$22.68,,,None,Review,,"Common proposed price for existing customer lists, including SNAP; No approved Square match; Square price left blank",803428,803428,,$21.00,$22.68,No,LL 2026-10-01T17:03:29.099Z; Square 2026-10-01T17:01:23.965Z
1012966,1012966,Handcrafted Cedar Coasters,RL Plants & Home Goods,2 pack,$4.20,$4.20,$4.54,,,None,Review,,"Common proposed price for existing customer lists, including SNAP; No approved Square match; Square price left blank",796544,796544,,$4.20,$4.54,Yes,LL 2026-10-01T17:03:29.099Z; Square 2026-10-01T17:01:23.965Z
1012966,1012966,Handcrafted Cedar Coasters,RL Plants & Home Goods,5 pack,$7.00,$7.00,$7.56,,,None,Review,,"Common proposed price for existing customer lists, including SNAP; No approved Square match; Square price left blank",926994,926994,,$7.00,$7.56,Yes,LL 2026-10-01T17:03:29.099Z; Square 2026-10-01T17:01:23.965Z
1012965,1012965,Handcrafted Rustic Cedar Coasters,RL Plants & Home Goods,2 Pack,$4.20,$4.20,$4.54,,,None,Review,,"Common proposed price for existing customer lists, including SNAP; No approved Square match; Square price left blank",796543,796543,,$4.20,$4.54,Yes,LL 2026-10-01T17:03:29.099Z; Square 2026-10-01T17:01:23.965Z
1012965,1012965,Handcrafted Rustic Cedar Coasters,RL Plants & Home Goods,5 Pack,$7.00,$7.00,$7.56,,,None,Review,,"Common proposed price for existing customer lists, including SNAP; No approved Square match; Square price left blank",994309,994309,,$7.00,$7.56,Yes,LL 2026-10-01T17:03:29.099Z; Square 2026-10-01T17:01:23.965Z
881823,881823,Handmade Birch Wood Coasters –Set of 2,RL Plants & Home Goods,2 pack,$7.00,$7.00,$7.56,,,None,Review,,"Common proposed price for existing customer lists, including SNAP; No approved Square match; Square price left blank",618344,618344,,$7.00,$7.56,Yes,LL 2026-10-01T17:03:29.099Z; Square 2026-10-01T17:01:23.965Z
1026272,1026272,Handmade Cedar Catch-All Tray – Rustic Ring Dish & Coin Holder,RL Plants & Home Goods,ea,$14.00,$14.00,$15.12,,,None,Review,,"Common proposed price for existing customer lists, including SNAP; No approved Square match; Square price left blank",816045,816045,,$14.00,$15.12,Yes,LL 2026-10-01T17:03:29.099Z; Square 2026-10-01T17:01:23.965Z
1119870,1119870,"Handmade Wooden Industrial Style 4""x6"" Catch-all Tray",RL Plants & Home Goods,ea,$14.00,$14.00,$15.12,,,None,Review,,"Common proposed price for existing customer lists, including SNAP; No approved Square match; Square price left blank",947706,947706,,$14.00,$15.12,Yes,LL 2026-10-01T17:03:29.099Z; Square 2026-10-01T17:01:23.965Z
805749,805749,Hen and Chicks Succulents,RL Plants & Home Goods,each,$4.20,$4.20,$4.54,,,None,Review,,"Common proposed price for existing customer lists, including SNAP; No approved Square match; Square price left blank",526804,526804,,$4.20,$4.54,Yes,LL 2026-10-01T17:03:29.099Z; Square 2026-10-01T17:01:23.965Z
975215,975215,I'm Back Iris Rhizome,RL Plants & Home Goods,ea,$11.20,$11.20,$12.10,,,None,Review,,"Common proposed price for existing customer lists, including SNAP; No approved Square match; Square price left blank",740626,740626,,$11.20,$12.10,No,LL 2026-10-01T17:03:29.099Z; Square 2026-10-01T17:01:23.965Z
914549,914549,Lemon Balm,RL Plants & Home Goods,bu,$3.50,$3.50,$3.78,,,None,Review,,"Common proposed price for existing customer lists, including SNAP; No approved Square match; Square price left blank",660244,660244,,$3.50,$3.78,No,LL 2026-10-01T17:03:29.099Z; Square 2026-10-01T17:01:23.965Z
975218,975218,Local Color Iris Rhizome,RL Plants & Home Goods,ea,$11.20,$11.20,$12.10,,,None,Review,,"Common proposed price for existing customer lists, including SNAP; No approved Square match; Square price left blank",740629,740629,,$11.20,$12.10,Yes,LL 2026-10-01T17:03:29.099Z; Square 2026-10-01T17:01:23.965Z
901383,901383,Open Your Eyes- Iris Rhizome,RL Plants & Home Goods,ea,$11.20,$11.20,$12.10,,,None,Review,,"Common proposed price for existing customer lists, including SNAP; No approved Square match; Square price left blank",643631,643631,,$11.20,$12.10,No,LL 2026-10-01T17:03:29.099Z; Square 2026-10-01T17:01:23.965Z
897404,897404,Pepi Dwarf Iris Rhizome,RL Plants & Home Goods,ea,$8.40,$8.40,$9.07,,,None,Review,,"Common proposed price for existing customer lists, including SNAP; No approved Square match; Square price left blank",638661,638661,,$8.40,$9.07,No,LL 2026-10-01T17:03:29.099Z; Square 2026-10-01T17:01:23.965Z
975220,975220,Radiant Garb Iris Rhizome,RL Plants & Home Goods,ea,$11.20,$11.20,$12.10,,,None,Review,,"Common proposed price for existing customer lists, including SNAP; No approved Square match; Square price left blank",740631,740631,,$11.20,$12.10,No,LL 2026-10-01T17:03:29.099Z; Square 2026-10-01T17:01:23.965Z
897403,897403,Raspberry Swirl - 2009 Tall Bearded Iris - Stunning Award Winner (Rhizome),RL Plants & Home Goods,ea,$9.80,$9.80,$10.58,,,None,Review,,"Common proposed price for existing customer lists, including SNAP; No approved Square match; Square price left blank",638660,638660,,$9.80,$10.58,No,LL 2026-10-01T17:03:29.099Z; Square 2026-10-01T17:01:23.965Z
805750,805750,Sedum Palmeri Succulents,RL Plants & Home Goods,each,$5.60,$5.60,$6.05,,,None,Review,,"Common proposed price for existing customer lists, including SNAP; No approved Square match; Square price left blank",526805,526805,,$5.60,$6.05,Yes,LL 2026-10-01T17:03:29.099Z; Square 2026-10-01T17:01:23.965Z
805751,805751,"Sedum Rupestre ""Blue Spruce""",RL Plants & Home Goods,each,$5.60,$5.60,$6.05,,,None,Review,,"Common proposed price for existing customer lists, including SNAP; No approved Square match; Square price left blank",526806,526806,,$5.60,$6.05,Yes,LL 2026-10-01T17:03:29.099Z; Square 2026-10-01T17:01:23.965Z
1004526,1004526,Spice Lord Iris Rhizome (Bulb),RL Plants & Home Goods,ea,$9.80,$9.80,$10.58,,,None,Review,,"Common proposed price for existing customer lists, including SNAP; No approved Square match; Square price left blank",784562,784562,,$9.80,$10.58,No,LL 2026-10-01T17:03:29.099Z; Square 2026-10-01T17:01:23.965Z
1004531,1004531,Tanzanian Tangerine Iris Rhizome (Bulb),RL Plants & Home Goods,ea,$9.80,$9.80,$10.58,,,None,Review,,"Common proposed price for existing customer lists, including SNAP; No approved Square match; Square price left blank",784571,784571,,$9.80,$10.58,No,LL 2026-10-01T17:03:29.099Z; Square 2026-10-01T17:01:23.965Z
1004529,1004529,Trumped Iris Rhizome (Bulb),RL Plants & Home Goods,ea,$9.80,$9.80,$10.58,,,None,Review,,"Common proposed price for existing customer lists, including SNAP; No approved Square match; Square price left blank",784568,784568,,$9.80,$10.58,No,LL 2026-10-01T17:03:29.099Z; Square 2026-10-01T17:01:23.965Z
948123,948123,Vintage Vibe Award Winner Iris Rhizome,RL Plants & Home Goods,ea,$11.20,$11.20,$12.10,,,None,Review,,"Common proposed price for existing customer lists, including SNAP; No approved Square match; Square price left blank",703445,703445,,$11.20,$12.10,No,LL 2026-10-01T17:03:29.099Z; Square 2026-10-01T17:01:23.965Z
805752,805752,Yellow Iris Rhizome,RL Plants & Home Goods,each,$5.60,$5.60,$6.05,,,None,Review,,"Common proposed price for existing customer lists, including SNAP; No approved Square match; Square price left blank",526807,526807,,$5.60,$6.05,Yes,LL 2026-10-01T17:03:29.099Z; Square 2026-10-01T17:01:23.965Z
948124,948124,Ziggy Award Winner Iris Rhizome,RL Plants & Home Goods,ea,$11.20,$11.20,$12.10,,,None,Review,,"Common proposed price for existing customer lists, including SNAP; No approved Square match; Square price left blank",703446,703446,,$11.20,$12.10,No,LL 2026-10-01T17:03:29.099Z; Square 2026-10-01T17:01:23.965Z
1130495,1130495,VIRGO GLOW (Whipped Tallow - skin care) 9 oz glass jar,Sabrooxel's Alchemy,9 oz. ea,$70.00,$70.00,$75.60,,,None,Review,,"Common proposed price for existing customer lists, including SNAP; No approved Square match; Square price left blank",964562,964562,,$70.00,$75.60,No,LL 2026-10-01T17:03:29.099Z; Square 2026-10-01T17:01:23.965Z
1012261,1012261,VIRGO GLOW (WhippedTallow - skin care) 4 oz glass jar,Sabrooxel's Alchemy,ea,$32.87,$32.87,$35.50,,,None,Review,,"Common proposed price for existing customer lists, including SNAP; No approved Square match; Square price left blank",795587,795587,,$32.87,$35.50,Yes,LL 2026-10-01T17:03:29.099Z; Square 2026-10-01T17:01:23.965Z
805838,805838,Arugula,Small is Beautiful Farm,1 bunch,$3.50,$3.50,$3.78,,,None,Review,,"Common proposed price for existing customer lists, including SNAP; No approved Square match; Square price left blank",526896,526896,,$3.50,$3.78,No,LL 2026-10-01T17:03:29.099Z; Square 2026-10-01T17:01:23.965Z
901471,901471,Bartlett Pears,Small is Beautiful Farm,ea,$1.40,$1.40,$1.51,,,None,Review,,"Common proposed price for existing customer lists, including SNAP; No approved Square match; Square price left blank",643754,643754,,$1.40,$1.51,No,LL 2026-10-01T17:03:29.099Z; Square 2026-10-01T17:01:23.965Z
1014310,1014310,Braising Green Bundle,Small is Beautiful Farm,bu,$3.50,$3.50,$3.78,,,None,Review,,"Common proposed price for existing customer lists, including SNAP; No approved Square match; Square price left blank",798441,798441,,$3.50,$3.78,No,LL 2026-10-01T17:03:29.099Z; Square 2026-10-01T17:01:23.965Z
1106688,1106688,Chunks of Sweetmeat Squash,Small is Beautiful Farm,bag,$5.60,$5.60,$6.05,,,None,Review,,"Common proposed price for existing customer lists, including SNAP; No approved Square match; Square price left blank",924741,924741,,$5.60,$6.05,No,LL 2026-10-01T17:03:29.099Z; Square 2026-10-01T17:01:23.965Z
805753,805753,Cut Flower Bouquet,Small is Beautiful Farm,each,$14.00,$14.00,$15.12,,,None,Review,,"Common proposed price for existing customer lists, including SNAP; No approved Square match; Square price left blank",526808,526808,,$14.00,$15.12,Yes,LL 2026-10-01T17:03:29.099Z; Square 2026-10-01T17:01:23.965Z
994762,994762,Desert King Fig,Small is Beautiful Farm,pt,$3.50,$3.50,$3.78,,,None,Review,,"Common proposed price for existing customer lists, including SNAP; No approved Square match; Square price left blank",768673,768673,,$3.50,$3.78,No,LL 2026-10-01T17:03:29.099Z; Square 2026-10-01T17:01:23.965Z
1072323,1072323,Dried Heirloom Tomatoes,Small is Beautiful Farm,2 oz bag,$9.10,$9.10,$9.83,,,None,Review,,"Common proposed price for existing customer lists, including SNAP; No approved Square match; Square price left blank",881484,881484,,$9.10,$9.83,No,LL 2026-10-01T17:03:29.099Z; Square 2026-10-01T17:01:23.965Z
956222,956222,German Butterball Potatoes,Small is Beautiful Farm,lb,$2.80,$2.80,$3.02,,,None,Review,,"Common proposed price for existing customer lists, including SNAP; No approved Square match; Square price left blank",714932,714932,,$2.80,$3.02,No,LL 2026-10-01T17:03:29.099Z; Square 2026-10-01T17:01:23.965Z
983730,983730,Green Scallions,Small is Beautiful Farm,each,$3.50,$3.50,$3.78,,,None,Review,,"Common proposed price for existing customer lists, including SNAP; No approved Square match; Square price left blank",752815,752815,,$3.50,$3.78,No,LL 2026-10-01T17:03:29.099Z; Square 2026-10-01T17:01:23.965Z
904032,904032,Green Seedless Table Grapes,Small is Beautiful Farm,pt,$4.90,$4.90,$5.29,,,None,Review,,"Common proposed price for existing customer lists, including SNAP; No approved Square match; Square price left blank",647015,647015,,$4.90,$5.29,No,LL 2026-10-01T17:03:29.099Z; Square 2026-10-01T17:01:23.965Z
991384,991384,Honey Plum,Small is Beautiful Farm,pt,$4.20,$4.20,$4.54,,,None,Review,,"Common proposed price for existing customer lists, including SNAP; No approved Square match; Square price left blank",763756,763756,,$4.20,$4.54,No,LL 2026-10-01T17:03:29.099Z; Square 2026-10-01T17:01:23.965Z
942518,942518,Leek,Small is Beautiful Farm,1,$1.40,$1.40,$1.51,,,None,Review,,"Common proposed price for existing customer lists, including SNAP; No approved Square match; Square price left blank",696810,696810,,$1.40,$1.51,No,LL 2026-10-01T17:03:29.099Z; Square 2026-10-01T17:01:23.965Z
998191,998191,Mix Apples,Small is Beautiful Farm,ea,$1.40,$1.40,$1.51,,,None,Review,,"Common proposed price for existing customer lists, including SNAP; No approved Square match; Square price left blank",774076,774076,,$1.40,$1.51,Yes,LL 2026-10-01T17:03:29.099Z; Square 2026-10-01T17:01:23.965Z
805790,805790,"Mixed Apple ""Seconds""",Small is Beautiful Farm,each,$0.70,$0.70,$0.76,,,None,Review,,"Common proposed price for existing customer lists, including SNAP; No approved Square match; Square price left blank",526846,526846,,$0.70,$0.76,Yes,LL 2026-10-01T17:03:29.099Z; Square 2026-10-01T17:01:23.965Z
836368,836368,Mixed Dried Fruit,Small is Beautiful Farm,1/2 Lb. bag,$9.80,$9.80,$10.58,,,None,Review,,"Common proposed price for existing customer lists, including SNAP; No approved Square match; Square price left blank",562955,562955,,$9.80,$10.58,No,LL 2026-10-01T17:03:29.099Z; Square 2026-10-01T17:01:23.965Z
821118,821118,Persimmon,Small is Beautiful Farm,ea,$2.10,$2.10,$2.27,,,None,Review,,"Common proposed price for existing customer lists, including SNAP; No approved Square match; Square price left blank",544095,544095,,$2.10,$2.27,No,LL 2026-10-01T17:03:29.099Z; Square 2026-10-01T17:01:23.965Z
1042575,1042575,Popping Corn,Small is Beautiful Farm,1 lb bag,$8.40,$8.40,$9.07,,,None,Review,,"Common proposed price for existing customer lists, including SNAP; No approved Square match; Square price left blank",844561,844561,,$8.40,$9.07,No,LL 2026-10-01T17:03:29.099Z; Square 2026-10-01T17:01:23.965Z
805793,805793,Prune Plum,Small is Beautiful Farm,each,$4.20,$4.20,$4.54,,,None,Review,,"Common proposed price for existing customer lists, including SNAP; No approved Square match; Square price left blank",526849,526849,,$4.20,$4.54,No,LL 2026-10-01T17:03:29.099Z; Square 2026-10-01T17:01:23.965Z
805918,805918,Red Onion,Small is Beautiful Farm,lb,$2.10,$2.10,$2.27,,,None,Review,,"Common proposed price for existing customer lists, including SNAP; No approved Square match; Square price left blank",526979,526979,,$2.10,$2.27,Yes,LL 2026-10-01T17:03:29.099Z; Square 2026-10-01T17:01:23.965Z
1005221,1005221,Red Onion,Small is Beautiful Farm,lb,$2.80,$2.80,$3.02,,,None,Review,,"Common proposed price for existing customer lists, including SNAP; No approved Square match; Square price left blank",785525,785525,,$2.80,$3.02,No,LL 2026-10-01T17:03:29.099Z; Square 2026-10-01T17:01:23.965Z
998896,998896,Satsuma plums,Small is Beautiful Farm,pt,$5.60,$5.60,$6.05,,,None,Review,,"Common proposed price for existing customer lists, including SNAP; No approved Square match; Square price left blank",775170,775170,,$5.60,$6.05,No,LL 2026-10-01T17:03:29.099Z; Square 2026-10-01T17:01:23.965Z
999637,999637,Satsuma plums,Small is Beautiful Farm,pt,$4.20,$4.20,$4.54,,,None,Review,,"Common proposed price for existing customer lists, including SNAP; No approved Square match; Square price left blank",776515,776515,,$4.20,$4.54,No,LL 2026-10-01T17:03:29.099Z; Square 2026-10-01T17:01:23.965Z
897016,897016,Shiro plums,Small is Beautiful Farm,dozen,$4.90,$4.90,$5.29,,,None,Review,,"Common proposed price for existing customer lists, including SNAP; No approved Square match; Square price left blank",638086,638086,,$4.90,$5.29,No,LL 2026-10-01T17:03:29.099Z; Square 2026-10-01T17:01:23.965Z
805832,805832,Spinach  1/2 Lb.,Small is Beautiful Farm,each,$5.60,$5.60,$6.05,,,None,Review,,"Common proposed price for existing customer lists, including SNAP; No approved Square match; Square price left blank",526889,526889,,$5.60,$6.05,No,LL 2026-10-01T17:03:29.099Z; Square 2026-10-01T17:01:23.965Z
899381,899381,Suncrest Peach,Small is Beautiful Farm,ea,$1.75,$1.75,$1.89,,,None,Review,,"Common proposed price for existing customer lists, including SNAP; No approved Square match; Square price left blank",641228,641228,,$1.75,$1.89,No,LL 2026-10-01T17:03:29.099Z; Square 2026-10-01T17:01:23.965Z
805967,805967,Sweet Gypsy Red Peppers,Small is Beautiful Farm,each,$1.40,$1.40,$1.51,,,None,Review,,"Common proposed price for existing customer lists, including SNAP; No approved Square match; Square price left blank",527027,527027,,$1.40,$1.51,No,LL 2026-10-01T17:03:29.099Z; Square 2026-10-01T17:01:23.965Z
1042571,1042571,Winter Beets,Small is Beautiful Farm,2 lb bag,$5.60,$5.60,$6.05,,,None,Review,,"Common proposed price for existing customer lists, including SNAP; No approved Square match; Square price left blank",844557,844557,,$5.60,$6.05,No,LL 2026-10-01T17:03:29.099Z; Square 2026-10-01T17:01:23.965Z
929322,929322,Winter Carrots,Small is Beautiful Farm,2# bag,$5.60,$5.60,$6.05,,,None,Review,,"Common proposed price for existing customer lists, including SNAP; No approved Square match; Square price left blank",677788,677788,,$5.60,$6.05,No,LL 2026-10-01T17:03:29.099Z; Square 2026-10-01T17:01:23.965Z
1082291,1082291,Winter Salad Mix,Small is Beautiful Farm,1/2 lb,$5.60,$5.60,$6.05,,,None,Review,,"Common proposed price for existing customer lists, including SNAP; No approved Square match; Square price left blank",894785,894785,,$5.60,$6.05,No,LL 2026-10-01T17:03:29.099Z; Square 2026-10-01T17:01:23.965Z
1018192,1018192,Yellow Onion,Small is Beautiful Farm,1lb,$2.10,$2.10,$2.27,,,None,Review,,"Common proposed price for existing customer lists, including SNAP; No approved Square match; Square price left blank",803748,803748,,$2.10,$2.27,Yes,LL 2026-10-01T17:03:29.099Z; Square 2026-10-01T17:01:23.965Z
806076,806076,Apricot Fruit Spread,Sweet Creek,10 oz,$7.87,$7.87,$8.50,,,None,Review,,"Common proposed price for existing customer lists, including SNAP; No approved Square match; Square price left blank",527140,527140,,$7.87,$8.50,Yes,LL 2026-10-01T17:03:29.099Z; Square 2026-10-01T17:01:23.965Z
806148,806148,Basil Tomato Sauce,Sweet Creek,16 oz,$7.38,$7.38,$7.97,,,None,Review,,"Common proposed price for existing customer lists, including SNAP; No approved Square match; Square price left blank",527213,527213,,$7.38,$7.97,No,LL 2026-10-01T17:03:29.099Z; Square 2026-10-01T17:01:23.965Z
806081,806081,Blackberry Fruit Spread,Sweet Creek,10 oz,$6.27,$6.27,$6.77,,,None,Review,,"Common proposed price for existing customer lists, including SNAP; No approved Square match; Square price left blank",527145,527145,,$6.27,$6.77,Yes,LL 2026-10-01T17:03:29.099Z; Square 2026-10-01T17:01:23.965Z
806085,806085,Blueberry Apple Sauce,Sweet Creek,each,$8.96,$8.96,$9.68,,,None,Review,,"Common proposed price for existing customer lists, including SNAP; No approved Square match; Square price left blank",527149,527149,,$8.96,$9.68,Yes,LL 2026-10-01T17:03:29.099Z; Square 2026-10-01T17:01:23.965Z
806089,806089,Blueberry Fruit Spread,Sweet Creek,10 oz,$6.27,$6.27,$6.77,,,None,Review,,"Common proposed price for existing customer lists, including SNAP; No approved Square match; Square price left blank",527153,527153,,$6.27,$6.77,Yes,LL 2026-10-01T17:03:29.099Z; Square 2026-10-01T17:01:23.965Z
1061158,1061158,Chipotle Enchilada Sauce,Sweet Creek,16 oz ea,$7.64,$7.64,$8.25,,,None,Review,,"Common proposed price for existing customer lists, including SNAP; No approved Square match; Square price left blank",868144,868144,,$7.64,$8.25,Yes,LL 2026-10-01T17:03:29.099Z; Square 2026-10-01T17:01:23.965Z
806092,806092,Cinnamon Apple Sauce,Sweet Creek,32 oz,$8.43,$8.43,$9.10,,,None,Review,,"Common proposed price for existing customer lists, including SNAP; No approved Square match; Square price left blank",527156,527156,,$8.43,$9.10,Yes,LL 2026-10-01T17:03:29.099Z; Square 2026-10-01T17:01:23.965Z
806095,806095,Dill Relish,Sweet Creek,16 oz,$7.76,$7.76,$8.38,,,None,Review,,"Common proposed price for existing customer lists, including SNAP; No approved Square match; Square price left blank",527160,527160,,$7.76,$8.38,Yes,LL 2026-10-01T17:03:29.099Z; Square 2026-10-01T17:01:23.965Z
806099,806099,"Enchilada Red Sauce, Medium",Sweet Creek,16 oz,$6.89,$6.89,$7.44,,,None,Review,,"Common proposed price for existing customer lists, including SNAP; No approved Square match; Square price left blank",527163,527163,,$6.89,$7.44,Yes,LL 2026-10-01T17:03:29.099Z; Square 2026-10-01T17:01:23.965Z
806106,806106,Green Enchilada Sauce,Sweet Creek,each,$7.70,$7.70,$8.32,,,None,Review,,"Common proposed price for existing customer lists, including SNAP; No approved Square match; Square price left blank",527170,527170,,$7.70,$8.32,Yes,LL 2026-10-01T17:03:29.099Z; Square 2026-10-01T17:01:23.965Z
1061159,1061159,Hot Red Enchilada Sauce,Sweet Creek,16 oz ea,$7.66,$7.66,$8.27,,,None,Review,,"Common proposed price for existing customer lists, including SNAP; No approved Square match; Square price left blank",868145,868145,,$7.66,$8.27,Yes,LL 2026-10-01T17:03:29.099Z; Square 2026-10-01T17:01:23.965Z
806109,806109,Jalapeno Relish,Sweet Creek,each,$14.70,$14.70,$15.88,,,None,Review,,"Common proposed price for existing customer lists, including SNAP; No approved Square match; Square price left blank",527174,527174,,$14.70,$15.88,Yes,LL 2026-10-01T17:03:29.099Z; Square 2026-10-01T17:01:23.965Z
806113,806113,Just Apple Apple Sauce,Sweet Creek,32 oz,$8.43,$8.43,$9.10,,,None,Review,,"Common proposed price for existing customer lists, including SNAP; No approved Square match; Square price left blank",527178,527178,,$8.43,$9.10,Yes,LL 2026-10-01T17:03:29.099Z; Square 2026-10-01T17:01:23.965Z
806119,806119,Mushroom Tomato Sauce,Sweet Creek,16 oz,$7.90,$7.90,$8.53,,,None,Review,,"Common proposed price for existing customer lists, including SNAP; No approved Square match; Square price left blank",527184,527184,,$7.90,$8.53,No,LL 2026-10-01T17:03:29.099Z; Square 2026-10-01T17:01:23.965Z
806123,806123,Paul's Dill Pickles,Sweet Creek,32 oz,$10.11,$10.11,$10.92,,,None,Review,,"Common proposed price for existing customer lists, including SNAP; No approved Square match; Square price left blank",527188,527188,,$10.11,$10.92,Yes,LL 2026-10-01T17:03:29.099Z; Square 2026-10-01T17:01:23.965Z
806126,806126,Pickled Beets,Sweet Creek,16 oz,$7.83,$7.83,$8.46,,,None,Review,,"Common proposed price for existing customer lists, including SNAP; No approved Square match; Square price left blank",527191,527191,,$7.83,$8.46,Yes,LL 2026-10-01T17:03:29.099Z; Square 2026-10-01T17:01:23.965Z
806130,806130,Pickled Jalapenos,Sweet Creek,16 oz,$8.83,$8.83,$9.54,,,None,Review,,"Common proposed price for existing customer lists, including SNAP; No approved Square match; Square price left blank",527195,527195,,$8.83,$9.54,Yes,LL 2026-10-01T17:03:29.099Z; Square 2026-10-01T17:01:23.965Z
806134,806134,Raspberry Fruit Spread,Sweet Creek,10 oz,$6.27,$6.27,$6.77,,,None,Review,,"Common proposed price for existing customer lists, including SNAP; No approved Square match; Square price left blank",527199,527199,,$6.27,$6.77,No,LL 2026-10-01T17:03:29.099Z; Square 2026-10-01T17:01:23.965Z
806136,806136,Roasted Garlic Tomato Sauce,Sweet Creek,16 oz,$7.38,$7.38,$7.97,,,None,Review,,"Common proposed price for existing customer lists, including SNAP; No approved Square match; Square price left blank",527201,527201,,$7.38,$7.97,No,LL 2026-10-01T17:03:29.099Z; Square 2026-10-01T17:01:23.965Z
806138,806138,"Salsa, Hot",Sweet Creek,16 oz,$5.18,$5.18,$5.59,,,None,Review,,"Common proposed price for existing customer lists, including SNAP; No approved Square match; Square price left blank",527203,527203,,$5.18,$5.59,Yes,LL 2026-10-01T17:03:29.099Z; Square 2026-10-01T17:01:23.965Z
806140,806140,"Salsa, Medium",Sweet Creek,16 oz,$7.21,$7.21,$7.79,,,None,Review,,"Common proposed price for existing customer lists, including SNAP; No approved Square match; Square price left blank",527205,527205,,$7.21,$7.79,No,LL 2026-10-01T17:03:29.099Z; Square 2026-10-01T17:01:23.965Z
806142,806142,Strawberry Fruit Spread,Sweet Creek,10 oz,$7.35,$7.35,$7.94,,,None,Review,,"Common proposed price for existing customer lists, including SNAP; No approved Square match; Square price left blank",527207,527207,,$7.35,$7.94,No,LL 2026-10-01T17:03:29.099Z; Square 2026-10-01T17:01:23.965Z
806144,806144,Sweet Relish,Sweet Creek,16 oz,$7.84,$7.84,$8.47,,,None,Review,,"Common proposed price for existing customer lists, including SNAP; No approved Square match; Square price left blank",527209,527209,,$7.84,$8.47,No,LL 2026-10-01T17:03:29.099Z; Square 2026-10-01T17:01:23.965Z
806146,806146,Tomatillo Salsa,Sweet Creek,16 oz,$7.67,$7.67,$8.28,,,None,Review,,"Common proposed price for existing customer lists, including SNAP; No approved Square match; Square price left blank",527211,527211,,$7.67,$8.28,Yes,LL 2026-10-01T17:03:29.099Z; Square 2026-10-01T17:01:23.965Z
1111541,1111541,Green Onion/Scallions,Winter Green Farm,bu,$2.59,$2.59,$2.80,,,None,Review,,"Common proposed price for existing customer lists, including SNAP; No approved Square match; Square price left blank",931419,931419,,$2.59,$2.80,Yes,LL 2026-10-01T17:03:29.099Z; Square 2026-10-01T17:01:23.965Z
1106676,1106676,Leeks,Winter Green Farm,1 lb,$2.80,$2.80,$3.02,,,None,Review,,"Common proposed price for existing customer lists, including SNAP; No approved Square match; Square price left blank",924713,924713,,$2.80,$3.02,Yes,LL 2026-10-01T17:03:29.099Z; Square 2026-10-01T17:01:23.965Z
1130087,1130087,Orange Carrots,Winter Green Farm,1 bunch,$3.22,$3.22,$3.48,,,None,Review,,"Common proposed price for existing customer lists, including SNAP; No approved Square match; Square price left blank",963998,963998,,$3.22,$3.48,No,LL 2026-10-01T17:03:29.099Z; Square 2026-10-01T17:01:23.965Z
806007,806007,Pink Beauty Radish,Winter Green Farm,each,$2.45,$2.45,$2.65,,,None,Review,,"Common proposed price for existing customer lists, including SNAP; No approved Square match; Square price left blank",527067,527067,,$2.45,$2.65,No,LL 2026-10-01T17:03:29.099Z; Square 2026-10-01T17:01:23.965Z
921713,921713,Purple Daikon Radish,Winter Green Farm,1 pound,$4.48,$4.48,$4.84,,,None,Review,,"Common proposed price for existing customer lists, including SNAP; No approved Square match; Square price left blank",668239,668239,,$4.48,$4.84,Yes,LL 2026-10-01T17:03:29.099Z; Square 2026-10-01T17:01:23.965Z
1132419,1132419,Red Baltic Rose Potatoes,Winter Green Farm,1 lb,$1.82,$1.82,$1.97,,,None,Review,,"Common proposed price for existing customer lists, including SNAP; No approved Square match; Square price left blank",967065,967065,,$1.82,$1.97,Yes,LL 2026-10-01T17:03:29.099Z; Square 2026-10-01T17:01:23.965Z
960551,960551,Red Radish,Winter Green Farm,each,$2.31,$2.31,$2.49,,,None,Review,,"Common proposed price for existing customer lists, including SNAP; No approved Square match; Square price left blank",720783,720783,,$2.31,$2.49,Yes,LL 2026-10-01T17:03:29.099Z; Square 2026-10-01T17:01:23.965Z
928531,928531,Red Skinned Daikon Radish,Winter Green Farm,lb,$4.48,$4.48,$4.84,,,None,Review,,"Common proposed price for existing customer lists, including SNAP; No approved Square match; Square price left blank",676675,676675,,$4.48,$4.84,Yes,LL 2026-10-01T17:03:29.099Z; Square 2026-10-01T17:01:23.965Z
805822,805822,Spring Onion Bunch,Winter Green Farm,1 bunch,$4.20,$4.20,$4.54,,,None,Review,,"Common proposed price for existing customer lists, including SNAP; No approved Square match; Square price left blank",526879,526879,,$4.20,$4.54,No,LL 2026-10-01T17:03:29.099Z; Square 2026-10-01T17:01:23.965Z
805845,805845,Yellow Potatoes (Canada Gold),Winter Green Farm,1 lb,$3.01,$3.01,$3.25,,,None,Review,,"Common proposed price for existing customer lists, including SNAP; No approved Square match; Square price left blank",526903,526903,,$3.01,$3.25,No,LL 2026-10-01T17:03:29.099Z; Square 2026-10-01T17:01:23.965Z