productId,product,vendor,packageId,package,priceList,currentLocalMarkup,currentLocalPrice,currentLocalLinePrice,proposedPrice8Percent,requiredLocalRegularMarkup,hold,note,checked
805474,"Raw Fresh Whole Milk, 1/2 gallon","Creamy Cow, LLC",526481,1/2 gallon,Herd Share Members,0.4,14,15,16.2,0.62,FALSE,Review local/Local Line price difference before publishing,2026-10-01T16:20:38.924Z
941005,"Organic Pasture Raised Chicken Eggs, 1 dozen",Deck Family Farm,695001,1 dozen,Herd Share Members,0.6574,10.76,10.76,11.62,0.7904,FALSE,Review before publishing,2026-10-01T16:20:38.683Z
805689,Organic Ground Beef,Deck Family Farm,526742,1 lbs,Herd Share Members,0.6574,12.56,12.56,13.56,0.7889,FALSE,Review before publishing,2026-10-01T16:20:38.572Z
805461,Raw A2/A2 Milk,"Creamy Cow, LLC",526465,1/2 gallon,Herd Share Members,0.4,21,21,22.68,0.512,FALSE,Review before publishing,2026-10-01T16:20:39.336Z
805669,"Chicken Part, Breast, Bone-In",Deck Family Farm,526722,1.30 - 1.70 lbs,Herd Share Members,0.6574,16.14,16.14,17.43,0.7895,FALSE,Review before publishing,2026-10-01T16:20:38.654Z
805465,"Live Culture Yogurt, 1 quart","Creamy Cow, LLC",526469,1 quart,Herd Share Members,0.4,14,14,15.12,0.512,FALSE,Review before publishing,2026-10-01T16:20:39.683Z
805473,Raw Fresh Sweet Cream,"Creamy Cow, LLC",526479,1 pint,Herd Share Members,0.4,14,14,15.12,0.512,FALSE,Review before publishing,2026-10-01T16:20:39.589Z
1117018,Fresh Strawberries,Organically Grown Company,943643,each,Herd Share Members,0.4,7.42,7.42,8.01,0.5113,FALSE,Review before publishing,2026-10-01T16:20:39.580Z
805724,"Bacon, Pork",Deck Family Farm,526778,8 oz,Herd Share Members,0.6574,11.67,11.67,12.6,0.7898,FALSE,Review before publishing,2026-10-01T16:20:39.266Z
805475,Raw Sweet Cream Butter,"Creamy Cow, LLC",526482,0.5 lbs,Herd Share Members,0.4,16.8,16.8,18.14,0.5117,FALSE,Review before publishing,2026-10-01T16:20:40.004Z
805658,Chuck roast,Deck Family Farm,526711,2.30 - 2.90 lbs,Herd Share Members,0.6574,37.31,37.31,40.29,0.7899,FALSE,Review before publishing,2026-10-01T16:20:39.691Z
805668,Ribeye Steak,Deck Family Farm,526721,0.80 - 1.10 lbs,Herd Share Members,0.6574,34.51,34.51,37.27,0.7901,FALSE,Review before publishing,2026-10-01T16:20:39.167Z
832792,"Pork Chop, Boneless",Deck Family Farm,558509,1.20 - 1.50 lbs,Herd Share Members,0.6574,21.79,21.79,23.53,0.7894,FALSE,Review before publishing,2026-10-01T16:20:39.949Z
805688,Natural Ground Beef,Deck Family Farm,526741,1 lbs,Herd Share Members,0.6574,10.76,10.76,11.62,0.7904,FALSE,Review before publishing,2026-10-01T16:20:40.005Z
805716,New York Steak,Deck Family Farm,526769,0.50 - 0.90 lbs,Herd Share Members,0.6574,23.24,23.24,25.1,0.7903,FALSE,Review before publishing,2026-10-01T16:20:39.977Z
813067,Beef Tenderloin,Deck Family Farm,535097,0.40 - 0.70 lbs,Herd Share Members,0.6574,21.21,21.21,22.91,0.7898,FALSE,Review before publishing,2026-10-01T16:20:40.304Z
805676,"Chicken Part, Hindquarter",Deck Family Farm,526729,1.00 - 1.50 lbs,Herd Share Members,0.6574,13.46,13.46,14.54,0.7906,FALSE,Review before publishing,2026-10-01T16:20:40.324Z
940995,"Pork Shoulder Roast, Large",Deck Family Farm,694991,"Large, 2.80 - 3.50 lbs",Herd Share Members,0.6574,50.87,50.87,54.94,0.7902,FALSE,Review before publishing,2026-10-01T16:20:40.247Z
805875,Crimini Mushrooms,Organically Grown Company,526933,1 lb,Herd Share Members,0.4,5.53,5.53,5.97,0.5114,FALSE,Review before publishing,2026-10-01T16:20:40.259Z
922133,"Lamb Chops, 2 pack",Deck Family Farm,669028,"2 pack, 0.70 - 1.10 lbs",Herd Share Members,0.6574,16.96,16.96,18.32,0.7908,FALSE,Review before publishing,2026-10-01T16:20:40.571Z
990712,"Raw Fresh Whole Milk, 1/4 gallon","Creamy Cow, LLC",762988,1/4 gallon,Herd Share Members,0.4,8.4,8.4,9.07,0.5117,FALSE,Review before publishing,2026-10-01T16:20:40.599Z
805691,Ground Pork,Deck Family Farm,526744,1.00 lbs,Herd Share Members,0.6574,8.61,8.61,9.3,0.7912,FALSE,Retain existing sale discount,2026-10-01T16:20:40.644Z
805927,Shiitake Mushrooms,Organically Grown Company,526987,1/2 lb,Herd Share Members,0.4,5.71,5.71,6.17,0.5123,FALSE,Review before publishing,2026-10-01T16:20:40.672Z
953035,"Cornish Roasting Chicken, Large",Deck Family Farm,710619,"Large, 4.21 - 4.99 lbs",Herd Share Members,0.6574,35.07,31.56,34.08,0.6106,FALSE,Review local/Local Line price difference before publishing,2026-10-01 10:41:27 UTC
814845,Top Sirloin Steak,Deck Family Farm,536948,1.30 - 1.60 lbs,Herd Share Members,0.6574,32.52,32.52,35.12,0.79,FALSE,Review before publishing,2026-10-01T16:20:40.928Z
805678,Sage & Sea Salt Sausage,Deck Family Farm,526731,8 oz,Herd Share Members,0.6574,13.32,13.32,14.39,0.7905,FALSE,Retain existing sale discount,2026-10-01 10:41:27 UTC
805758,Frozen Blueberries,Full Farm CSA,526813,~1.0 lbs,Herd Share Members,0.4,6.3,6.3,6.8,0.5111,FALSE,Review before publishing,2026-10-01 10:41:27 UTC
941000,"Raw Honey, 1 quart",Deck Family Farm,694996,1 quart,Herd Share Members,0.6574,42.61,42.61,46.02,0.79,FALSE,Review before publishing,2026-10-01 10:41:27 UTC
1004599,"Red Ranger Roasting Chicken, Medium",Deck Family Farm,784655,"Medium, 4.01 - 5.00 lbs",Herd Share Members,0.6574,40.41,40.41,43.64,0.79,FALSE,Review before publishing,2026-10-01 10:41:27 UTC
813080,"Pet Food, Organ Blend",Deck Family Farm,535111,1.00 lbs,Herd Share Members,0.6574,10.76,10.76,11.62,0.7904,FALSE,Review before publishing,2026-10-01 10:41:27 UTC
805477,Sour Cream,"Creamy Cow, LLC",526484,package,Herd Share Members,0.4,16.8,16.8,18.14,0.5117,FALSE,Review before publishing,2026-10-01 10:41:27 UTC
840823,Bulk English Breakfast Sausage,Deck Family Farm's Hyland Artisinal Meats,568237,12 oz,Herd Share Members,0.6574,14.8,14.8,15.98,0.7895,FALSE,Review before publishing,2026-10-01 10:41:27 UTC
953036,"Cornish Roasting Chicken, Medium",Deck Family Farm,710620,"Medium, 3.20 - 4.20 lbs",Herd Share Members,0.6574,26.88,26.88,29.03,0.79,FALSE,Retain existing sale discount,2026-10-01 10:41:27 UTC
805654,"Pork Shoulder Roast, Small",Deck Family Farm,526707,"Small, 2.00 - 2.79 lbs",Herd Share Members,0.6574,38.67,38.67,41.76,0.79,FALSE,Review before publishing,2026-10-01 10:41:27 UTC
805470,Raw Cultured Butter,"Creamy Cow, LLC",526476,0.5 lbs,Herd Share Members,0.4,19.6,19.6,21.17,0.5121,FALSE,Review before publishing,2026-10-01 10:41:27 UTC
813092,Ground Lamb,Deck Family Farm,535123,1.00 lbs,Herd Share Members,0.6574,15.25,15.25,16.47,0.7902,FALSE,Review before publishing,2026-10-01 10:41:27 UTC
805686,Fresh Garlic Sausage Links,Deck Family Farm,526739,12 oz,Herd Share Members,0.6574,17.49,17.49,18.89,0.7905,FALSE,Review before publishing,2026-10-01 10:41:27 UTC
805692,Sweet Italian Sausage Links,Deck Family Farm,526745,12 oz,Herd Share Members,0.6574,17.49,17.49,18.89,0.7905,FALSE,Review before publishing,2026-10-01 10:41:27 UTC
805472,Raw Farmer's Cheese,"Creamy Cow, LLC",526478,12 oz,Herd Share Members,0.4,14,14,15.12,0.512,FALSE,Review before publishing,2026-10-01 10:41:27 UTC
805827,Sungold Cherry Tomato Pint,Organically Grown Company,526885,each,Herd Share Members,0.4,4.9,4.9,5.29,0.5114,FALSE,Review before publishing,2026-10-01 10:41:27 UTC
913652,Bulk Farm Made Chorizo Sausage,Deck Family Farm's Hyland Artisinal Meats,659188,12 oz,Herd Share Members,0.6574,16.14,16.14,17.43,0.7895,FALSE,Review before publishing,2026-10-01 10:41:27 UTC
805673,"Cornish Roasting Chicken, Extra Large",Deck Family Farm,608372,"Extra Large, 5.00 - 6.00 lbs",Herd Share Members,0.6574,39.46,35.52,38.36,0.6111,FALSE,Review local/Local Line price difference before publishing,2026-10-01 10:41:27 UTC
941002,"Brisket, Small",Deck Family Farm,694998,"Small, 2.30 - 2.99 lbs",Herd Share Members,0.6574,42.71,42.71,46.13,0.7901,FALSE,Review before publishing,2026-10-01 10:41:27 UTC
871793,Sweet Onion,Organically Grown Company,605504,1lb,Herd Share Members,0.4,1.47,1.47,1.59,0.5143,FALSE,Review before publishing,2026-10-01 10:41:27 UTC
940998,"Raw Honey, 1/2 pint",Deck Family Farm,694994,1/2 pint,Herd Share Members,0.6574,15.25,15.25,16.47,0.7902,FALSE,Review before publishing,2026-10-01 10:41:27 UTC
894281,Beef Short Rib,Deck Family Farm,634544,1.30 - 2.10 lbs,Herd Share Members,0.6574,29.73,29.73,32.11,0.7899,FALSE,Review before publishing,2026-10-01 10:41:27 UTC
941005,"Organic Pasture Raised Chicken Eggs, 1 dozen",Deck Family Farm,695001,1 dozen,CSA Members,0.6574,10.76,10.76,11.62,0.7904,FALSE,Review before publishing,2026-10-01T16:20:38.683Z
1125866,Orange Carrots,Camas Swale Farm,958135,1 bunch,Herd Share Members,0.4,3.5,3.5,3.78,0.512,FALSE,Review before publishing,2026-10-01 10:41:27 UTC
871143,Hot Italian Sausage Links,Deck Family Farm's Hyland Artisinal Meats,604158,4 links/ pack 14 oz pack,Herd Share Members,0.6574,17.93,17.93,19.36,0.7893,FALSE,Review before publishing,2026-10-01 10:41:27 UTC
805679,"Chicken Part, Wings",Deck Family Farm,526732,1.50 - 2.00,Herd Share Members,0.6574,18.84,18.84,20.35,0.7898,FALSE,Review before publishing,2026-10-01 10:41:27 UTC
805687,Summer Sausage,Deck Family Farm,526740,8 oz,Herd Share Members,0.6574,15.25,15.25,16.47,0.7902,FALSE,Review before publishing,2026-10-01 10:41:27 UTC
941005,"Organic Pasture Raised Chicken Eggs, 1 dozen",Deck Family Farm,695001,1 dozen,Guest Basket,0.6574,10.76,10.76,11.62,0.7904,FALSE,Review before publishing,2026-10-01T16:20:38.683Z
813075,Beef Flat Iron Steak,Deck Family Farm,535105,0.70 - 1.10 lbs,Herd Share Members,0.6574,20.98,20.98,22.66,0.7899,FALSE,Review before publishing,2026-10-01 10:41:27 UTC
836368,Mixed Dried Fruit,Small is Beautiful Farm,562955,1/2 Lb. bag,Herd Share Members,0.4,9.8,9.8,10.58,0.5114,FALSE,Review before publishing,2026-10-01 10:41:27 UTC
806161,"Raw Honey, 1 pint",Deck Family Farm,527228,1 pint,Herd Share Members,0.6574,23.32,23.32,25.19,0.7903,FALSE,Review before publishing,2026-10-01 10:41:27 UTC
805471,Raw Cultured Buttermilk,"Creamy Cow, LLC",526477,1 quart,Herd Share Members,0.4,15.4,15,16.2,0.4727,FALSE,Review local/Local Line price difference before publishing,2026-10-01 10:41:27 UTC
805950,Bi-Color Corn,Camas Swale Farm,527010,each,Herd Share Members,0.4,1.54,1.54,1.66,0.5091,FALSE,Review before publishing,2026-10-01 10:41:27 UTC
813084,Bratwurst,Deck Family Farm,535115,12 oz,Herd Share Members,0.6574,17.49,17.49,18.89,0.7905,FALSE,Review before publishing,2026-10-01 10:41:27 UTC
805667,Beef Stew Meat,Deck Family Farm,526720,1.1 - 1.3 lbs,Herd Share Members,0.6574,19.91,19.91,21.5,0.7902,FALSE,Review before publishing,2026-10-01 10:41:27 UTC
813086,"Country Sausage, Bulk",Deck Family Farm,535117,12 oz,Herd Share Members,0.6574,13.91,13.91,15.02,0.7902,FALSE,Review before publishing,2026-10-01 10:41:27 UTC
899385,Broccoli,Camas Swale Farm,641280,ea,Herd Share Members,0.4,7,7,7.56,0.512,FALSE,Review before publishing,2026-10-01 10:41:27 UTC
960228,Bavette Steak,Deck Family Farm,720358,0.9 - 1.6 lbs,Herd Share Members,0.6574,29.15,29.15,31.48,0.7897,FALSE,Review before publishing,2026-10-01 10:41:27 UTC
1028364,Soft-neck Garlic ( CA ),Organically Grown Company,818332,1/2 lb,Herd Share Members,0.4,3.72,3.72,4.02,0.5113,FALSE,Review before publishing,2026-10-01 10:41:27 UTC
805845,Yellow Potatoes (Canada Gold),Winter Green Farm,526903,1 lb,Herd Share Members,0.4,3.01,3.01,3.25,0.5116,FALSE,Review before publishing,2026-10-01 10:41:27 UTC
941001,"Brisket, Medium",Deck Family Farm,694997,"Medium, 3.00 - 3.99 lbs",Herd Share Members,0.6574,53.3,53.3,57.56,0.7898,FALSE,Review before publishing,2026-10-01 10:41:27 UTC
805685,Stewing Hen,Deck Family Farm,526738,2 - 3 lbs,Herd Share Members,0.6574,19.74,19.74,21.32,0.7901,FALSE,Review before publishing,2026-10-01 10:41:27 UTC
842611,"Henni Penni Hispanico Cheese, 4 Month Aged,  7-8 oz","Creamy Cow, LLC",570582,7-8 oz,Herd Share Members,0.4,16.58,16.58,17.91,0.5127,FALSE,Review before publishing,2026-10-01 10:41:27 UTC
805882,Green Cabbage,Red Tail Growers,526940,each,Herd Share Members,0.4,5.6,5.6,6.05,0.5125,FALSE,Review before publishing,2026-10-01 10:41:27 UTC
805977,Salad Mix,Little Wings,527037,1/2 lb,Herd Share Members,0.4,6.3,6.3,6.8,0.5111,FALSE,Review before publishing,2026-10-01 10:41:27 UTC
999641,Heirloom Tomatoes,Red Tail Growers,776519,pound,Herd Share Members,0.4,4.48,4.48,4.84,0.5125,FALSE,Review before publishing,2026-10-01 10:41:27 UTC
805720,Peppered Knife Cut Beef Jerky,Deck Family Farm,526773,3 oz,Herd Share Members,0.6574,16.14,16.14,17.43,0.7895,FALSE,Review before publishing,2026-10-01 10:41:27 UTC
1013988,Smoked Pork Shanks - Skin-on and Smoked,Deck Family Farm,798012,2 - 2.5 lbs,Herd Share Members,0.6574,14.8,14.8,15.98,0.7895,FALSE,Review before publishing,2026-10-01 10:41:27 UTC
827440,Olympia Provisions Frankfurter,Deck Family Farm,551690,12 oz,Herd Share Members,0.6574,17.93,17.93,19.36,0.7893,FALSE,Review before publishing,2026-10-01 10:41:27 UTC
1004980,Romaine Lettuce,Little Wings,785188,each,Herd Share Members,0.4,2.8,2.8,3.02,0.51,FALSE,Review before publishing,2026-10-01 10:41:27 UTC
816241,Pork Spare Ribs,Deck Family Farm,538685,2.00 - 3.00 lbs,Herd Share Members,0.6574,32.52,32.52,35.12,0.79,FALSE,Review before publishing,2026-10-01 10:41:27 UTC
805464,"Henni Penni Hispanico Cheese, 4 Month Aged,  5.9-6.9 oz","Creamy Cow, LLC",526468,5.9-6.9 oz,Herd Share Members,0.4,15.74,15.74,17,0.5125,FALSE,Review before publishing,2026-10-01 10:41:27 UTC
816242,Baby Back Ribs,Deck Family Farm,538686,0.90 - 1.50 lbs,Herd Share Members,0.6574,19.38,19.38,20.93,0.7904,FALSE,Review before publishing,2026-10-01 10:41:27 UTC
963826,Lamb Sundried Tomato Basil Sausage,Deck Family Farm,724882,12 oz,Herd Share Members,0.6574,19.29,19.29,20.83,0.7895,FALSE,Review before publishing,2026-10-01 10:41:27 UTC
805661,"Red Ranger Roasting Chicken, Small",Deck Family Farm,642346,"Small, 3.00 - 4.00 lbs",Herd Share Members,0.6574,31.39,31.39,33.9,0.7899,FALSE,Review before publishing,2026-10-01 10:41:27 UTC
805701,Korean Style Beef Ribs,Deck Family Farm,526754,1.20 - 1.40 lbs,Herd Share Members,0.6574,22.74,22.74,24.56,0.7901,FALSE,Review before publishing,2026-10-01 10:41:27 UTC
805781,Red D'Anjou Pears,Organically Grown Company,526837,each,Herd Share Members,0.4,1.4,1.4,1.51,0.51,FALSE,Review before publishing,2026-10-01 10:41:27 UTC
894790,2025 Arbequina  Olive Oil 250mL,River Ranch Oregon Olive OIl,635197,Ea.,Herd Share Members,0.4,23.45,23.45,25.33,0.5122,FALSE,Review before publishing,2026-10-01 10:41:27 UTC
805689,Organic Ground Beef,Deck Family Farm,526742,1 lbs,Guest Basket,0.6574,12.56,12.56,13.56,0.7889,FALSE,Review before publishing,2026-10-01T16:20:38.572Z
805668,Ribeye Steak,Deck Family Farm,526721,0.80 - 1.10 lbs,Guest Basket,0.6574,34.51,34.51,37.27,0.7901,FALSE,Review before publishing,2026-10-01T16:20:39.167Z
929452,"Skirt Steak, Large",Deck Family Farm,677939,"Large, .80 - 1.20 lbs",Herd Share Members,0.6574,23.32,23.32,25.19,0.7903,FALSE,Review before publishing,2026-10-01 10:41:27 UTC
805670,"Roast Beef, Sliced",Deck Family Farm,526723,8 oz,Herd Share Members,0.6574,17.93,17.93,19.36,0.7893,FALSE,Review before publishing,2026-10-01 10:41:27 UTC
1004600,"Red Ranger Roasting Chicken, Large",Deck Family Farm,784656,"Large, 5.01 - 5.70 lbs",Herd Share Members,0.6574,48.03,48.03,51.87,0.7899,FALSE,Review before publishing,2026-10-01 10:41:27 UTC
805753,Cut Flower Bouquet,Small is Beautiful Farm,526808,each,Herd Share Members,0.4,14,14,15.12,0.512,FALSE,Review before publishing,2026-10-01 10:41:27 UTC
805685,Stewing Hen,Deck Family Farm,526738,2 - 3 lbs,Guest Basket,0.6574,19.74,19.74,21.32,0.7901,FALSE,Review before publishing,2026-10-01 10:41:27 UTC
813072,Beef Back Ribs,Deck Family Farm,535102,2.00 - 3.00 lbs,Herd Share Members,0.6574,35.88,35.88,38.75,0.7898,FALSE,Review before publishing,2026-10-01 10:41:27 UTC
805711,Lamb Shoulder Roast,Deck Family Farm,526764,2.30 - 2.70 lbs,Herd Share Members,0.6574,44.85,44.85,48.44,0.7901,FALSE,Review before publishing,2026-10-01 10:41:27 UTC
1132419,Red Baltic Rose Potatoes,Winter Green Farm,967065,1 lb,Herd Share Members,0.4,1.82,1.82,1.97,0.5154,FALSE,Review before publishing,2026-10-01 10:41:27 UTC
806127,Radiant Balanced Blend - Medium Roast Coffee Beans,Radiant Coffee Roasters,527192,12 oz,Herd Share Members,0.4,16.8,16.8,18.14,0.5117,FALSE,Review before publishing,2026-10-01 10:41:27 UTC
818963,Greek Loukaniko Sausage Links,Deck Family Farm's Hyland Artisinal Meats,541754,4 links/ pack 14 oz pack,Herd Share Members,0.6574,17.93,17.93,19.36,0.7893,FALSE,Review before publishing,2026-10-01 10:41:27 UTC
825839,Lamb Kabob,Deck Family Farm,549818,1.1 - 1.35,Herd Share Members,0.6574,23.62,23.62,25.51,0.7902,FALSE,Review before publishing,2026-10-01 10:41:27 UTC
1048411,Shallots,Organically Grown Company,851691,1 lb,Herd Share Members,0.4,4.9,4.9,5.29,0.5114,FALSE,Review before publishing,2026-10-01 10:41:27 UTC
805979,Green Zucchini,Camas Swale Farm,527039,1 lb,Herd Share Members,0.4,2.8,2.8,3.02,0.51,FALSE,Review before publishing,2026-10-01 10:41:27 UTC
927368,Broccoli Rapini,Organically Grown Company,675355,bu,Herd Share Members,0.4,3.5,3.5,3.78,0.512,FALSE,Review before publishing,2026-10-01 10:41:27 UTC
910776,"Heritage Turkeys, Medium",Deck Family Farm,655864,12.01 - 14.00 lbs,Herd Share Members,0.6574,112.12,112.12,121.09,0.7899,FALSE,Review before publishing,2026-10-01 10:41:27 UTC
805653,"Bacon Ends & Pieces, Pork",Deck Family Farm,526706,8 oz,Herd Share Members,0.6574,9.86,9.86,10.65,0.7899,FALSE,Review before publishing,2026-10-01 10:41:27 UTC
899379,Honey Crisp Apple (WA),Organically Grown Company,641205,ea,Herd Share Members,0.4,2.45,2.63,2.84,0.6229,FALSE,Review local/Local Line price difference before publishing,2026-10-01 10:41:27 UTC
907016,Roasted Hazelnuts 12 oz.,Farmhands Co-Op,651217,12 oz bag,Herd Share Members,0.4,17.78,17.78,19.2,0.5118,FALSE,Review before publishing,2026-10-01 10:41:27 UTC
812626,Red Potatoes (Idaho),Organically Grown Company,534494,1 lb,Herd Share Members,0.4,1.4,1.4,1.51,0.51,FALSE,Review before publishing,2026-10-01 10:41:27 UTC
806009,Slicer Cucumbers,Camas Swale Farm,527069,1 lb,Herd Share Members,0.4,2.8,2.8,3.02,0.51,FALSE,Review before publishing,2026-10-01 10:41:27 UTC
816246,Pork Tenderloin,Deck Family Farm,590546,0.80 - 1.30 lbs,Herd Share Members,0.6574,13.66,13.66,14.75,0.79,FALSE,Review before publishing,2026-10-01 10:41:27 UTC
806029,Challah Sandwich Loaf,Reality Kitchen Nonprofit,527091,each,Herd Share Members,0.4,9.1,9.1,9.83,0.5123,FALSE,Review before publishing,2026-10-01 10:41:27 UTC
805712,Lamb Stew,Deck Family Farm,526765,0.90 - 1.10 lbs,Herd Share Members,0.6574,19.29,19.29,20.83,0.7895,FALSE,Review before publishing,2026-10-01 10:41:27 UTC
883820,Basil,Little Wings,621072,1 bu.,Herd Share Members,0.4,3.15,3.15,3.4,0.5111,FALSE,Review before publishing,2026-10-01 10:41:27 UTC
840822,English Banger Sausage Links,Deck Family Farm's Hyland Artisinal Meats,568236,4 links/ pack 14 oz pack,Herd Share Members,0.6574,16.14,16.14,17.43,0.7895,FALSE,Review before publishing,2026-10-01 10:41:27 UTC
813079,"Chicken Feet, 1lb bag",Deck Family Farm,642344,1 lb bag,Herd Share Members,0.6574,8.52,8.52,9.2,0.7899,FALSE,Review before publishing,2026-10-01 10:41:27 UTC
913651,Bulk Thai Curry Sausage,Deck Family Farm's Hyland Artisinal Meats,659187,12 oz,Herd Share Members,0.6574,14.8,14.8,15.98,0.7895,FALSE,Review before publishing,2026-10-01 10:41:27 UTC
806033,Sourdough Rye Sandwich Loaf,Reality Kitchen Nonprofit,527095,each,Herd Share Members,0.4,8.75,8.75,9.45,0.512,FALSE,Review before publishing,2026-10-01 10:41:27 UTC
813074,Flank Steak,Deck Family Farm,535104,1.10 - 1.40 lbs,Herd Share Members,0.6574,29.15,29.15,31.48,0.7897,FALSE,Review before publishing,2026-10-01 10:41:27 UTC
859074,Leeks,Organically Grown Company,588665,1 lb,Herd Share Members,0.4,2.8,2.8,3.02,0.51,FALSE,Review before publishing,2026-10-01 10:41:27 UTC
890302,Blueberries,Organically Grown Company,629769,1 pint,Herd Share Members,0.4,5.6,5.6,6.05,0.5125,FALSE,Review before publishing,2026-10-01 10:41:27 UTC
806115,Organic Oat Flakes,Camas Country Mill,527180,4 lbs,Herd Share Members,0.4,21.84,21.84,23.59,0.5122,FALSE,Review before publishing,2026-10-01 10:41:27 UTC
1011872,Swedish Sausage Potato Dumplings,Deck Family Farm's Hyland Artisinal Meats,795004,13oz/ 10 Dumplings/Pack,Herd Share Members,0.6574,17.93,17.93,19.36,0.7893,FALSE,Review before publishing,2026-10-01 10:41:27 UTC
869027,Beef Tri-Tip,Deck Family Farm,600217,1.90 - 2.20 lbs,Herd Share Members,0.6574,38.62,38.62,41.71,0.7901,FALSE,Review before publishing,2026-10-01 10:41:27 UTC
1012261,VIRGO GLOW (WhippedTallow - skin care) 4 oz glass jar,Sabrooxel's Alchemy,795587,ea,Herd Share Members,0.4,32.87,32.87,35.5,0.5119,FALSE,Review before publishing,2026-10-01 10:41:27 UTC
859028,"Olympia Provisions, Dog Treats",Deck Family Farm,588612,5 oz,Herd Share Members,0.6574,16.14,16.14,17.43,0.7895,FALSE,Review before publishing,2026-10-01 10:41:27 UTC
929322,Winter Carrots,Small is Beautiful Farm,677788,2# bag,Herd Share Members,0.4,5.6,5.6,6.05,0.5125,FALSE,Review before publishing,2026-10-01 10:41:27 UTC
919070,Radiant Balanced Blend - Medium Roast Ground Coffee,Radiant Coffee Roasters,664924,12 oz,Herd Share Members,0.4,16.8,16.8,18.14,0.5117,FALSE,Review before publishing,2026-10-01 10:41:27 UTC
805689,Organic Ground Beef,Deck Family Farm,526742,1 lbs,CSA Members,0.6574,12.56,12.56,13.56,0.7889,FALSE,Review before publishing,2026-10-01T16:20:38.572Z
805898,Fennel,Little Wings,526956,each,Herd Share Members,0.4,3.15,3.15,3.4,0.5111,FALSE,Review before publishing,2026-10-01 10:41:27 UTC
806037,Wholewheat Multigrain Sandwich Loaf,Reality Kitchen Nonprofit,527099,each,Herd Share Members,0.4,8.75,8.75,9.45,0.512,FALSE,Review before publishing,2026-10-01 10:41:27 UTC
805957,Italian (Dino) Kale,Camas Swale Farm,527017,bu.,Herd Share Members,0.4,2.66,2.66,2.87,0.5105,FALSE,Review before publishing,2026-10-01 10:41:27 UTC
953039,"Cornish Roasting Chicken, Small",Deck Family Farm,710624,"Small, 2.50 - 3.19 lbs",Herd Share Members,0.6574,24.25,21.82,23.57,0.6111,FALSE,Review local/Local Line price difference before publishing,2026-10-01 10:41:27 UTC
806133,Radiant Midnight Blend - Dark Roast Coffee Beans,Radiant Coffee Roasters,527198,12 oz,Herd Share Members,0.4,16.8,16.8,18.14,0.5117,FALSE,Review before publishing,2026-10-01 10:41:27 UTC
805772,Blackberries,Organically Grown Company,526828,1/2  pt,Herd Share Members,0.4,6.65,6.65,7.18,0.5116,FALSE,Review before publishing,2026-10-01 10:41:27 UTC
1131456,Pink Raspberries,Organically Grown Company,965788,1/2 pt,Herd Share Members,0.4,6.44,6.44,6.96,0.513,FALSE,Review before publishing,2026-10-01 10:41:27 UTC
805659,Rack of Lamb,Deck Family Farm,526712,2.50 - 3.10 lbs,Herd Share Members,0.6574,54,54,58.32,0.7901,FALSE,Review before publishing,2026-10-01 10:41:27 UTC
1108429,Spinach  1/2 Lb.,Little Wings,927190,each,Herd Share Members,0.4,6.16,6.16,6.65,0.5114,FALSE,Review before publishing,2026-10-01 10:41:27 UTC
805710,"Lamb Shank, Whole",Deck Family Farm,526763,2.00 - 2.50 lbs,Herd Share Members,0.6574,24.21,24.21,26.15,0.7899,FALSE,Review before publishing,2026-10-01 10:41:27 UTC
881794,"Live Culture Yogurt, glass jar 1 pint","Creamy Cow, LLC",618310,1 pint,Herd Share Members,0.4,12.6,14.94,16.14,0.7933,FALSE,Review local/Local Line price difference before publishing,2026-10-01 10:41:27 UTC
824478,Russet potatoes (CA),Organically Grown Company,548051,1 lb,Herd Share Members,0.4,1.4,1.4,1.51,0.51,FALSE,Review before publishing,2026-10-01 10:41:27 UTC
813071,Beef Shank Osso Buco,Deck Family Farm,535101,2.10 - 2.40 lbs,Herd Share Members,0.6574,39.36,39.36,42.51,0.7899,FALSE,Review before publishing,2026-10-01 10:41:27 UTC
973113,Sugar Snap Peas,Camas Swale Farm,737953,1/2 lb,Herd Share Members,0.4,4.13,4.13,4.46,0.5119,FALSE,Review before publishing,2026-10-01 10:41:27 UTC
805724,"Bacon, Pork",Deck Family Farm,526778,8 oz,Guest Basket,0.6574,11.67,11.67,12.6,0.7898,FALSE,Review before publishing,2026-10-01T16:20:39.266Z
805658,Chuck roast,Deck Family Farm,526711,2.30 - 2.90 lbs,Guest Basket,0.6574,37.31,37.31,40.29,0.7899,FALSE,Review before publishing,2026-10-01T16:20:39.691Z
973114,Arugula,Red Tail Growers,737954,1/2 lb bag,Herd Share Members,0.4,5.95,5.95,6.43,0.5129,FALSE,Review before publishing,2026-10-01 10:41:27 UTC
805721,Pepperoni stick,Deck Family Farm,526775,6 oz,Herd Share Members,0.6574,17.93,17.93,19.36,0.7893,FALSE,Review before publishing,2026-10-01 10:41:27 UTC
957423,"Gogo Gouda Cheese, 4 Month Aged, 5.9-6.9 oz","Creamy Cow, LLC",716436,5.9 -6.9 oz,Herd Share Members,0.4,15.74,15.74,17,0.5125,FALSE,Review before publishing,2026-10-01 10:41:27 UTC
1013987,Smoked Pork Hocks -Skin-on and Smoked,Deck Family Farm,798011,0.8 - 1.2 lbs,Herd Share Members,0.6574,14.8,14.8,15.98,0.7895,FALSE,Review before publishing,2026-10-01 10:41:27 UTC
805876,Red Cherry Tomatoes,Little Wings,526934,each,Herd Share Members,0.4,4.9,4.9,5.29,0.5114,FALSE,Review before publishing,2026-10-01 10:41:27 UTC
972408,Salanova Lettuce Mix,Camas Swale Farm,736582,1/2 lb bag,Herd Share Members,0.4,5.6,5.6,6.05,0.5125,FALSE,Review before publishing,2026-10-01 10:41:27 UTC
805716,New York Steak,Deck Family Farm,526769,0.50 - 0.90 lbs,Guest Basket,0.6574,23.24,23.24,25.1,0.7903,FALSE,Review before publishing,2026-10-01T16:20:39.977Z
1021692,Rainbow Chard,Camas Swale Farm,808786,each,Herd Share Members,0.4,3.5,3.5,3.78,0.512,FALSE,Review before publishing,2026-10-01 10:41:27 UTC
1130087,Orange Carrots,Winter Green Farm,963998,1 bunch,Herd Share Members,0.4,3.22,3.22,3.48,0.513,FALSE,Review before publishing,2026-10-01 10:41:27 UTC
940994,"Raw Walnuts, 1/2 lb",Deck Family Farm,694990,1/2 lb,Herd Share Members,0.6574,12.56,12.56,13.56,0.7889,FALSE,Review before publishing,2026-10-01 10:41:27 UTC
922135,Beef Bones,Deck Family Farm,669030,3.00 - 5.00 lbs,Herd Share Members,0.6574,9.86,9.86,10.65,0.7899,FALSE,Review before publishing,2026-10-01 10:41:27 UTC
1038287,Red Beets,Organically Grown Company,836559,1 lb,Herd Share Members,0.4,1.9,1.9,2.05,0.5074,FALSE,Review before publishing,2026-10-01 10:41:27 UTC
806148,Basil Tomato Sauce,Sweet Creek,527213,16 oz,Herd Share Members,0.4,7.38,7.38,7.97,0.5123,FALSE,Review before publishing,2026-10-01 10:41:27 UTC
805919,Green Romaine Little Gem,Red Tail Growers,526978,each,Herd Share Members,0.4,1.89,1.89,2.04,0.5111,FALSE,Review before publishing,2026-10-01 10:41:27 UTC
881653,Nantes Carrots,Organically Grown Company,618132,bunch,Herd Share Members,0.4,3.54,3.54,3.82,0.5099,FALSE,Review before publishing,2026-10-01 10:41:27 UTC
805669,"Chicken Part, Breast, Bone-In",Deck Family Farm,526722,1.30 - 1.70 lbs,Guest Basket,0.6574,16.14,16.14,17.43,0.7895,FALSE,Review before publishing,2026-10-01T16:20:38.654Z
901753,Olympia Provisions Saucisson D'Arles Salami,Deck Family Farm,644080,4.5 oz,Herd Share Members,0.6574,13.46,13.46,14.54,0.7906,FALSE,Review before publishing,2026-10-01 10:41:27 UTC
806136,Roasted Garlic Tomato Sauce,Sweet Creek,527201,16 oz,Herd Share Members,0.4,7.38,7.38,7.97,0.5123,FALSE,Review before publishing,2026-10-01 10:41:27 UTC
805765,Frozen Strawberries,Full Farm CSA,526821,~1 lbs,Herd Share Members,0.4,9.8,9.8,10.58,0.5114,FALSE,Review before publishing,2026-10-01 10:41:27 UTC
1131458,Rainer Cherries (WA),Organically Grown Company,965791,1.5 lb. bag,Herd Share Members,0.4,17.99,17.99,19.43,0.5121,FALSE,Review before publishing,2026-10-01 10:41:27 UTC
805676,"Chicken Part, Hindquarter",Deck Family Farm,526729,1.00 - 1.50 lbs,CSA Members,0.6574,13.46,13.46,14.54,0.7906,FALSE,Review before publishing,2026-10-01T16:20:40.324Z
1023367,"Shredded Alpine Cheese Blend, 6oz","Creamy Cow, LLC",811274,6 oz bag,Herd Share Members,0.4,15.11,17.26,18.64,0.7275,FALSE,Review local/Local Line price difference before publishing,2026-10-01 10:41:27 UTC
805848,Green Curly Kale,Little Wings,526906,each,Herd Share Members,0.4,2.8,2.8,3.02,0.51,FALSE,Review before publishing,2026-10-01 10:41:27 UTC
913653,Grass-Fed Organ Blend,Deck Family Farm's Hyland Artisinal Meats,659189,1 lb pack,Herd Share Members,0.6574,13.46,13.46,14.54,0.7906,FALSE,Review before publishing,2026-10-01 10:41:27 UTC
1008414,"Heritage Thanksgiving Turkey, Small",Deck Family Farm,789843,9 - 12  lbs,Herd Share Members,0.6574,94.19,94.19,101.73,0.7901,FALSE,Review before publishing,2026-10-01 10:41:27 UTC
806124,Brazil Cerrado Miniero - Dark Roast Coffee Beans,Radiant Coffee Roasters,527189,12 oz,Herd Share Members,0.4,16.8,16.8,18.14,0.5117,FALSE,Review before publishing,2026-09-07 10:42:10 UTC
806122,Organic Sonora Soft White Wheat Flour,Camas Country Mill,527187,4 lbs,Herd Share Members,0.4,18.62,18.62,20.11,0.512,FALSE,Review before publishing,2026-10-01 10:41:27 UTC
805880,Fresh Chives,Red Tail Growers,526938,each,Herd Share Members,0.4,2.8,2.8,3.02,0.51,FALSE,Review before publishing,2026-10-01 10:41:27 UTC
805925,Green Scallions,Camas Swale Farm,526985,each,Herd Share Members,0.4,2.8,2.8,3.02,0.51,FALSE,Review before publishing,2026-10-01 10:41:27 UTC
806129,Pardina Brown Lentils,Camas Country Mill,527194,3 lbs,Herd Share Members,0.4,15.12,15.12,16.33,0.512,FALSE,Review before publishing,2026-10-01 10:41:27 UTC
805900,Parsnips,Organically Grown Company,526958,1 lb,Herd Share Members,0.4,3.5,3.5,3.78,0.512,FALSE,Review before publishing,2026-10-01 10:41:27 UTC
816472,"Heritage Turkeys, Large",Deck Family Farm,538956,14.01 - 16.00  lbs,Herd Share Members,0.6574,125.58,125.58,135.63,0.79,FALSE,Review before publishing,2026-10-01 10:41:27 UTC
806159,"Raw Walnuts, 1 lb",Deck Family Farm,527225,1 lb,Herd Share Members,0.6574,22.42,22.42,24.21,0.7894,FALSE,Review before publishing,2026-10-01 10:41:27 UTC
900152,"Garbanzo Beans/ Chickpeas, Organic",Camas Country Mill,642166,3 lbs,Herd Share Members,0.4,16.8,16.8,18.14,0.5117,FALSE,Review before publishing,2026-10-01 10:41:27 UTC
990715,"Live Culture Yogurt, 8oz","Creamy Cow, LLC",762991,8 oz,Herd Share Members,0.4,8.4,8.4,9.07,0.5117,FALSE,Review before publishing,2026-10-01 10:41:27 UTC
925430,Radiant Breakfast Blend - Light Roast Coffee Beans,Radiant Coffee Roasters,672999,12 oz,Herd Share Members,0.4,16.8,16.8,18.14,0.5117,FALSE,Review before publishing,2026-10-01 10:41:27 UTC
805688,Natural Ground Beef,Deck Family Farm,526741,1 lbs,Guest Basket,0.6574,10.76,10.76,11.62,0.7904,FALSE,Review before publishing,2026-10-01T16:20:40.005Z
816905,Cajun Chaurice Sausage Links,Deck Family Farm's Hyland Artisinal Meats,539546,4 links/ pack 14 oz pack,Herd Share Members,0.6574,17.93,17.93,19.36,0.7893,FALSE,Review before publishing,2026-10-01 10:41:27 UTC
928530,Gold Beets,Organically Grown Company,676674,lb,Herd Share Members,0.4,2.24,2.24,2.42,0.5125,FALSE,Review before publishing,2026-10-01 10:41:27 UTC
806065,Gluten Free Seven Layer Cookie,Elegant Elephant Baking Co.,527128,each,Herd Share Members,0.4,3.5,3.5,3.78,0.512,FALSE,Review before publishing,2026-10-01 10:41:27 UTC
1018719,Radiant Roasters Chiapas Mexico Light Roast Coffee Beans,Radiant Coffee Roasters,804433,12 oz bag,Herd Share Members,0.4,16.8,16.8,18.14,0.5117,FALSE,Review before publishing,2026-10-01 10:41:27 UTC
894282,"Skirt Steak, Small",Deck Family Farm,634545,"Small, 0.40 - 0.79 lbs",Herd Share Members,0.6574,13.87,13.87,14.98,0.7897,FALSE,Review before publishing,2026-10-01 10:41:27 UTC
1108431,Cilantro,Camas Swale Farm,927192,bu,Herd Share Members,0.4,2.8,2.8,3.02,0.51,FALSE,Review before publishing,2026-10-01 10:41:27 UTC
805872,Celery,Camas Swale Farm,526930,each,Herd Share Members,0.4,3.5,3.5,3.78,0.512,FALSE,Review before publishing,2026-10-01 10:41:27 UTC
805719,"Pastrami, Sliced",Deck Family Farm,526772,8 oz,Herd Share Members,0.6574,17.93,17.93,19.36,0.7893,FALSE,Review before publishing,2026-10-01 10:41:27 UTC
806041,Gluten Free Cinnamon Roll Pan,Elegant Elephant Baking Co.,527105,"6""",Herd Share Members,0.4,8.4,8.4,9.07,0.5117,FALSE,Review before publishing,2026-10-01 10:41:27 UTC
879550,Baby Bok Choi,Red Tail Growers,615271,Bunch,Herd Share Members,0.4,2.8,2.8,3.02,0.51,FALSE,Review before publishing,2026-10-01 10:41:27 UTC
894793,Flavor Infused Olive Oil- Garlic 250mL,River Ranch Oregon Olive OIl,635200,250mL,Herd Share Members,0.4,30.73,30.73,33.19,0.5121,FALSE,Review before publishing,2026-10-01 10:41:27 UTC
866256,"Henni Penni Hispanico Cheese, 4 Month Aged, 4.8-5.8 oz","Creamy Cow, LLC",596901,4.8-5.8 oz,Herd Share Members,0.4,12.57,12.57,13.58,0.5122,FALSE,Review before publishing,2026-10-01 10:41:27 UTC
806110,Oregon Wild Rice,Camas Country Mill,527175,16 oz,Herd Share Members,0.4,16.1,16.1,17.39,0.5122,FALSE,Review before publishing,2026-10-01 10:41:27 UTC
1019999,Classic Turkey Broth,Deck Family Farm's Hyland Artisinal Meats,806160,1 quart,Herd Share Members,0.6574,13.01,13.01,14.05,0.7898,FALSE,Review before publishing,2026-10-01 10:41:27 UTC
806060,Gluten Free Pizza Dough,Elegant Elephant Baking Co.,527123,22 oz. each,Herd Share Members,0.4,6.65,6.65,7.18,0.5116,FALSE,Review before publishing,2026-10-01 10:41:27 UTC
805459,"Organic Pasture Raised Chicken Eggs, 1/2 dozen",Deck Family Farm,600222,1/2 dozen,Herd Share Members,0.6574,6.28,6.28,6.78,0.7889,FALSE,Review before publishing,2026-10-01 10:41:27 UTC
806024,Braided Challah (plain),Reality Kitchen Nonprofit,527086,each,Herd Share Members,0.4,9.1,9.1,9.83,0.5123,FALSE,Review before publishing,2026-10-01 10:41:27 UTC
901488,Jalapeno,Organically Grown Company,643774,lb,Herd Share Members,0.4,7,7,7.56,0.512,FALSE,Review before publishing,2026-10-01 10:41:27 UTC
806057,Gluten Free Mixed Berry Pie,Elegant Elephant Baking Co.,527121,"9""",Herd Share Members,0.4,23.8,23.8,25.7,0.5118,FALSE,Review before publishing,2026-10-01 10:41:27 UTC
1082291,Winter Salad Mix,Small is Beautiful Farm,894785,1/2 lb,Herd Share Members,0.4,5.6,5.6,6.05,0.5125,FALSE,Review before publishing,2026-10-01 10:41:27 UTC
806036,Mango Marigold Kombucha,BNF Kombucha and Jun,527098,16 fl. oz,Herd Share Members,0.4,4.68,4.68,5.05,0.512,FALSE,Review before publishing,2026-10-01 10:41:27 UTC
841579,Beef Liver,Deck Family Farm,569100,0.90 - 1.30 lbs,Herd Share Members,0.6574,14.8,14.82,16.01,0.7928,FALSE,Review before publishing,2026-10-01 10:41:27 UTC
960551,Red Radish,Winter Green Farm,720783,each,Herd Share Members,0.4,2.31,2.31,2.49,0.5091,FALSE,Review before publishing,2026-10-01 10:41:27 UTC
806146,Tomatillo Salsa,Sweet Creek,527211,16 oz,Herd Share Members,0.4,7.67,7.67,8.28,0.5109,FALSE,Review before publishing,2026-10-01 10:41:27 UTC
805944,Poblano Peppers,Little Wings,527004,1 lb,Herd Share Members,0.4,6.3,6.3,6.8,0.5111,FALSE,Review before publishing,2026-10-01 10:41:27 UTC
995521,Dried and cured Inchellium Garlic,Camas Swale Farm,769835,lb,Herd Share Members,0.4,11.2,11.2,12.1,0.5125,FALSE,Review before publishing,2026-10-01 10:41:27 UTC
805913,Green Bell Pepper,Camas Swale Farm,526971,1 lb,Herd Share Members,0.4,3.5,3.5,3.78,0.512,FALSE,Review before publishing,2026-10-01 10:41:27 UTC
1058761,Calcot Onion Bunch,Organically Grown Company,865053,bu,Herd Share Members,0.4,4.24,4.24,4.58,0.5116,FALSE,Review before publishing,2026-10-01 10:41:27 UTC
806055,Gluten Free Mini Banana Bread Loaf,Elegant Elephant Baking Co.,527119,each,Herd Share Members,0.4,7,7,7.56,0.512,FALSE,Review before publishing,2026-10-01 10:41:27 UTC
812656,Dino Lacinato Kale,Little Wings,534524,bu,Herd Share Members,0.4,2.8,2.8,3.02,0.51,FALSE,Review before publishing,2026-10-01 10:41:27 UTC
832792,"Pork Chop, Boneless",Deck Family Farm,558509,1.20 - 1.50 lbs,Guest Basket,0.6574,21.79,21.79,23.53,0.7894,FALSE,Review before publishing,2026-10-01T16:20:39.949Z
806113,Just Apple Apple Sauce,Sweet Creek,527178,32 oz,Herd Share Members,0.4,8.43,8.43,9.1,0.5116,FALSE,Review before publishing,2026-10-01 10:41:27 UTC
806135,Sues Soup Mix,Camas Country Mill,527200,3 lbs,Herd Share Members,0.4,24.78,24.78,26.76,0.5119,FALSE,Review before publishing,2026-10-01 10:41:27 UTC
818957,Chicken Hearts,Deck Family Farm,541747,1/2 lb bag,Herd Share Members,0.6574,8.52,8.53,9.21,0.7918,FALSE,Review before publishing,2026-10-01 10:41:27 UTC
805669,"Chicken Part, Breast, Bone-In",Deck Family Farm,526722,1.30 - 1.70 lbs,CSA Members,0.6574,16.14,16.14,17.43,0.7895,FALSE,Review before publishing,2026-10-01T16:20:38.654Z
806107,Roasted Hazelnuts 4 oz,Farmhands Co-Op,527172,4 oz bag,Herd Share Members,0.4,6.3,6.3,6.8,0.5111,FALSE,Review before publishing,2026-10-01 10:41:27 UTC
805889,Dill,Camas Swale Farm,526947,each,Herd Share Members,0.4,2.8,2.8,3.02,0.51,FALSE,Review before publishing,2026-10-01 10:41:27 UTC
1117018,Fresh Strawberries,Organically Grown Company,943643,each,Guest Basket,0.4,7.42,7.42,8.01,0.5113,FALSE,Review before publishing,2026-10-01T16:20:39.580Z
856878,"Brisket, Large",Deck Family Farm,677923,"Large, 4.00 - 5.00 lbs",Herd Share Members,0.6574,64.59,64.59,69.76,0.7901,FALSE,Review before publishing,2026-10-01 10:41:27 UTC
806062,Gluten Free Potato Loaf with Teff,Elegant Elephant Baking Co.,527126,each,Herd Share Members,0.4,9.8,9.8,10.58,0.5114,FALSE,Review before publishing,2026-10-01 10:41:27 UTC
805782,Red Raspberries,Organically Grown Company,526838,1/2 pt,Herd Share Members,0.4,6.65,6.65,7.18,0.5116,FALSE,Review before publishing,2026-10-01 10:41:27 UTC
912736,Red Cabbage,Organically Grown Company,658110,each,Herd Share Members,0.4,5.53,5.53,5.97,0.5114,FALSE,Review before publishing,2026-10-01 10:41:27 UTC
805466,"Lucianna Toma Rustica Cheese, 4 Month Aged, 7-8 oz","Creamy Cow, LLC",526471,7-8 oz,Herd Share Members,0.4,16.58,16.58,17.91,0.5127,FALSE,Review before publishing,2026-10-01 10:41:27 UTC
806023,Ginger Turmeric Jun,BNF Kombucha and Jun,527085,16 fl. oz,Herd Share Members,0.4,5.25,5.25,5.67,0.512,FALSE,Review before publishing,2026-10-01 10:41:27 UTC
893267,2025 Arbequina  Olive Oil 100mL,River Ranch Oregon Olive OIl,633209,Ea.,Herd Share Members,0.4,12.53,12.53,13.53,0.5117,FALSE,Review before publishing,2026-10-01 10:41:27 UTC
925431,Radiant Decaf Columbia Ground Coffee,Radiant Coffee Roasters,673000,12 oz,Herd Share Members,0.4,18.2,18.2,19.66,0.5123,FALSE,Review before publishing,2026-10-01 10:41:27 UTC
925432,Radiant Breakfast Blend - Light Roast Ground Coffee,Radiant Coffee Roasters,673001,12 oz,Herd Share Members,0.4,16.8,16.8,18.14,0.5117,FALSE,Review before publishing,2026-10-01 10:41:27 UTC
806091,Organic All Purpose Low Gluten Flour,Camas Country Mill,527155,4 lbs,Herd Share Members,0.4,13.3,13.3,14.36,0.5116,FALSE,Review before publishing,2026-10-01 10:41:27 UTC
806042,Oregon Blueberry Kombucha,BNF Kombucha and Jun,527106,16 fl. oz,Herd Share Members,0.4,4.68,4.68,5.05,0.512,FALSE,Review before publishing,2026-10-01 10:41:27 UTC
913650,Thai Curry Sausage Links,Deck Family Farm's Hyland Artisinal Meats,659186,4 links/ pack 14 oz pack,Herd Share Members,0.6574,17.93,17.93,19.36,0.7893,FALSE,Review before publishing,2026-10-01 10:41:27 UTC
805677,Chicken Liver,Deck Family Farm,526730,1/2 lb bag,Herd Share Members,0.6574,8.52,8.52,9.2,0.7899,FALSE,Review before publishing,2026-10-01 10:41:27 UTC
805724,"Bacon, Pork",Deck Family Farm,526778,8 oz,CSA Members,0.6574,11.67,11.67,12.6,0.7898,FALSE,Review before publishing,2026-10-01T16:20:39.266Z
980329,Green Broccolini,Little Wings,748244,each,Herd Share Members,0.4,3.85,3.85,4.16,0.5127,FALSE,Review before publishing,2026-10-01 10:41:27 UTC
806081,Blackberry Fruit Spread,Sweet Creek,527145,10 oz,Herd Share Members,0.4,6.27,6.27,6.77,0.5112,FALSE,Review before publishing,2026-10-01 10:41:27 UTC
1111541,Green Onion/Scallions,Winter Green Farm,931419,bu,Herd Share Members,0.4,2.59,2.59,2.8,0.5135,FALSE,Review before publishing,2026-10-01 10:41:27 UTC
806045,Peach Rose Kombucha,BNF Kombucha and Jun,527109,16 fl. oz,Herd Share Members,0.4,4.68,4.68,5.05,0.512,FALSE,Review before publishing,2026-10-01 10:41:27 UTC
813076,Beef Oxtail,Deck Family Farm,535106,1.40 - 1.90 lbs,Herd Share Members,0.6574,19.24,19.24,20.78,0.7898,FALSE,Review before publishing,2026-10-01 10:41:27 UTC
806031,Grape Lavender Kombucha,BNF Kombucha and Jun,527093,16 fl. oz,Herd Share Members,0.4,4.68,4.68,5.05,0.512,FALSE,Review before publishing,2026-10-01 10:41:27 UTC
1122286,Baby Green Salad Mix (1/2 lb),Grazier's Garden,950716,bag,Herd Share Members,0.4,5.6,5.6,6.05,0.5125,FALSE,Review before publishing,2026-10-01 10:41:27 UTC
805927,Shiitake Mushrooms,Organically Grown Company,526987,1/2 lb,Guest Basket,0.4,5.71,5.71,6.17,0.5123,FALSE,Review before publishing,2026-10-01T16:20:40.672Z
921713,Purple Daikon Radish,Winter Green Farm,668239,1 pound,Herd Share Members,0.4,4.48,4.48,4.84,0.5125,FALSE,Review before publishing,2026-10-01 10:41:27 UTC
805667,Beef Stew Meat,Deck Family Farm,526720,1.1 - 1.3 lbs,CSA Members,0.6574,19.91,19.91,21.5,0.7902,FALSE,Review before publishing,2026-10-01 10:41:27 UTC
957424,"Gogo Gouda Cheese, 4 Month Aged, 7.0-8.0 oz","Creamy Cow, LLC",716438,7.0-8.0 oz,Herd Share Members,0.4,16.58,16.58,17.91,0.5127,FALSE,Review before publishing,2026-10-01 10:41:27 UTC
813069,Teres Major Steak,Deck Family Farm,535099,0.40 - 0.70 lbs,Herd Share Members,0.6574,12.83,12.83,13.86,0.7907,FALSE,Review before publishing,2026-10-01 10:41:27 UTC
806097,Nutritional Yeast Popcorn,Lonesome Whistle,527161,0.4 lb bag,Herd Share Members,0.4,5.6,5.6,6.05,0.5125,FALSE,Review before publishing,2026-10-01 10:41:27 UTC
805978,Parsley,Camas Swale Farm,527038,each,Herd Share Members,0.4,2.8,2.8,3.02,0.51,FALSE,Review before publishing,2026-10-01 10:41:27 UTC
805663,"Rendered Beef Tallow, 16 oz",Deck Family Farm's Hyland Artisinal Meats,547722,16 oz,Herd Share Members,0.6574,17.93,17.93,19.36,0.7893,FALSE,Review before publishing,2026-10-01 10:41:27 UTC
995528,Austrian Cresent Fingerling Potatoes,Camas Swale Farm,769868,lb,Herd Share Members,0.4,3.15,3.15,3.4,0.5111,FALSE,Review before publishing,2026-10-01 10:41:27 UTC
806020,Blackberry Herbalism Kombucha,BNF Kombucha and Jun,527082,16 fl. oz,Herd Share Members,0.4,4.68,4.68,5.05,0.512,FALSE,Review before publishing,2026-10-01 10:41:27 UTC
884968,Little Gem Mix,Red Tail Growers,622470,1/2 lb bag,Herd Share Members,0.4,5.95,5.95,6.43,0.5129,FALSE,Review before publishing,2026-10-01 10:41:27 UTC
805769,Cantaloupe,Grazier's Garden,526825,each,Herd Share Members,0.4,6.65,6.65,7.18,0.5116,FALSE,Review before publishing,2026-10-01 10:41:27 UTC
805928,Sweet Salad Turnips,Red Tail Growers,526988,bu,Herd Share Members,0.4,3.5,3.5,3.78,0.512,FALSE,Review before publishing,2026-10-01 10:41:27 UTC
806137,Three Sisters Porridge,Camas Country Mill,527202,4 lbs,Herd Share Members,0.4,18.55,18.55,20.03,0.5117,FALSE,Review before publishing,2026-10-01 10:41:27 UTC
806140,"Salsa, Medium",Sweet Creek,527205,16 oz,Herd Share Members,0.4,7.21,7.21,7.79,0.5126,FALSE,Review before publishing,2026-10-01 10:41:27 UTC
812655,Mix of  Comice/D'Anjou,Organically Grown Company,534523,ea,Herd Share Members,0.4,1.4,1.4,1.51,0.51,FALSE,Review before publishing,2026-10-01 10:41:27 UTC
806134,Raspberry Fruit Spread,Sweet Creek,527199,10 oz,Herd Share Members,0.4,6.27,6.27,6.77,0.5112,FALSE,Review before publishing,2026-10-01 10:41:27 UTC
906542,Red Bell Pepper,Camas Swale Farm,650570,lb,Herd Share Members,0.4,4.9,4.9,5.29,0.5114,FALSE,Review before publishing,2026-10-01 10:41:27 UTC
805875,Crimini Mushrooms,Organically Grown Company,526933,1 lb,CSA Members,0.4,5.53,5.53,5.97,0.5114,FALSE,Review before publishing,2026-10-01T16:20:40.259Z
1004523,Fresh Cilantro,Grazier's Garden,784559,bunch,Herd Share Members,0.4,4.2,4.2,4.54,0.5133,FALSE,Review before publishing,2026-10-01 10:41:27 UTC
806040,Moonfruit Yerbe Mate Kombucha,BNF Kombucha and Jun,527102,16 fl. oz,Herd Share Members,0.4,4.68,4.68,5.05,0.512,FALSE,Review before publishing,2026-10-01 10:41:27 UTC
806106,Green Enchilada Sauce,Sweet Creek,527170,each,Herd Share Members,0.4,7.7,7.7,8.32,0.5127,FALSE,Review before publishing,2026-10-01 10:41:27 UTC
805694,Tamari Pressed Beef Jerky,Deck Family Farm,526747,3 oz,Herd Share Members,0.6574,8.97,8.97,9.69,0.7911,FALSE,Review before publishing,2026-10-01 10:41:27 UTC
825833,Beef Tongue,Deck Family Farm,549812,2.50 - 3.00 lbs,Herd Share Members,0.6574,23.44,23.44,25.32,0.7907,FALSE,Review before publishing,2026-10-01 10:41:27 UTC
806142,Strawberry Fruit Spread,Sweet Creek,527207,10 oz,Herd Share Members,0.4,7.35,7.35,7.94,0.5124,FALSE,Review before publishing,2026-10-01 10:41:27 UTC
806056,Raspberry Reishi Jun,BNF Kombucha and Jun,527120,16 fl. oz,Herd Share Members,0.4,5.25,5.25,5.67,0.512,FALSE,Review before publishing,2026-10-01 10:41:27 UTC
910701,Shishito Pepper Pint,Grazier's Garden,655777,each,Herd Share Members,0.4,4.2,4.5,4.86,0.62,FALSE,Review local/Local Line price difference before publishing,2026-10-01 10:41:27 UTC
805767,Fresh Strawberries,Grazier's Garden,526823,Pint,Herd Share Members,0.4,5.95,5.95,6.43,0.5129,FALSE,Review before publishing,2026-10-01 10:41:27 UTC
899377,Granny Smith Apple (WA),Organically Grown Company,641182,ea,Herd Share Members,0.4,1.26,1.35,1.46,0.6222,FALSE,Review local/Local Line price difference before publishing,2026-10-01 10:41:27 UTC
805676,"Chicken Part, Hindquarter",Deck Family Farm,526729,1.00 - 1.50 lbs,Guest Basket,0.6574,13.46,13.46,14.54,0.7906,FALSE,Review before publishing,2026-10-01T16:20:40.324Z
806049,Pear Jun,BNF Kombucha and Jun,527113,16 fl. oz,Herd Share Members,0.4,5.25,5.25,5.67,0.512,FALSE,Review before publishing,2026-10-01 10:41:27 UTC
806034,Hibiscus Mint Yerbe Mate Kombucha,BNF Kombucha and Jun,527096,16. fl oz,Herd Share Members,0.4,4.68,4.68,5.05,0.512,FALSE,Review before publishing,2026-10-01 10:41:27 UTC
805679,"Chicken Part, Wings",Deck Family Farm,526732,1.50 - 2.00,CSA Members,0.6574,18.84,18.84,20.35,0.7898,FALSE,Review before publishing,2026-10-01 10:41:27 UTC
991384,Honey Plum,Small is Beautiful Farm,763756,pt,Herd Share Members,0.4,4.2,4.2,4.54,0.5133,FALSE,Review before publishing,2026-10-01 10:41:27 UTC
806119,Mushroom Tomato Sauce,Sweet Creek,527184,16 oz,Herd Share Members,0.4,7.9,7.9,8.53,0.5124,FALSE,Review before publishing,2026-10-01 10:41:27 UTC
1123569,Baby Kale (1/2lb),Grazier's Garden,952531,bag,Herd Share Members,0.4,5.6,5.6,6.05,0.5125,FALSE,Review before publishing,2026-10-01 10:41:27 UTC
1036758,"Ophelia Asiago Cheese  - Special 12 month Aged, 5.9-6.9 oz","Creamy Cow, LLC",834422,5.9 -6.9oz,Herd Share Members,0.4,16.77,16.77,18.11,0.5117,FALSE,Review before publishing,2026-10-01 10:41:27 UTC
806076,Apricot Fruit Spread,Sweet Creek,527140,10 oz,Herd Share Members,0.4,7.87,7.87,8.5,0.5125,FALSE,Review before publishing,2026-10-01 10:41:27 UTC
913653,Grass-Fed Organ Blend,Deck Family Farm's Hyland Artisinal Meats,659189,1 lb pack,Guest Basket,0.6574,13.46,13.46,14.54,0.7906,FALSE,Review before publishing,2026-10-01 10:41:27 UTC
874465,Red Tail Fall Salad  Mix,Red Tail Growers,608581,1/2 lb. bag,Herd Share Members,0.4,5.95,5.95,6.43,0.5129,FALSE,Review before publishing,2026-10-01 10:41:27 UTC
813067,Beef Tenderloin,Deck Family Farm,535097,0.40 - 0.70 lbs,Guest Basket,0.6574,21.21,21.21,22.91,0.7898,FALSE,Review before publishing,2026-10-01T16:20:40.304Z
910775,"Broad Breasted White Turkeys, Large",Deck Family Farm,655863,14.01 - 16.00 lbs,Herd Share Members,0.6574,116.61,116.61,125.94,0.7899,FALSE,Review before publishing,2026-10-01 10:41:27 UTC
903477,Toybox Cherry Tomatoes,Little Wings,646322,1 pt,Herd Share Members,0.4,5.88,5.88,6.35,0.5119,FALSE,Review before publishing,2026-10-01 10:41:27 UTC
927368,Broccoli Rapini,Organically Grown Company,675355,bu,CSA Members,0.4,3.5,3.5,3.78,0.512,FALSE,Review before publishing,2026-10-01 10:41:27 UTC
806027,Ginger Zen Kombucha,BNF Kombucha and Jun,527089,16 fl. oz,Herd Share Members,0.4,4.68,4.68,5.05,0.512,FALSE,Review before publishing,2026-10-01 10:41:27 UTC
805668,Ribeye Steak,Deck Family Farm,526721,0.80 - 1.10 lbs,CSA Members,0.6574,34.51,34.51,37.27,0.7901,FALSE,Review before publishing,2026-10-01T16:20:39.167Z
1058759,Watercress,Organically Grown Company,865051,bu,Herd Share Members,0.4,3.6,3.6,3.89,0.5136,FALSE,Review before publishing,2026-10-01 10:41:27 UTC
941045,"Rendered Beef Tallow, 8 oz",Deck Family Farm's Hyland Artisinal Meats,695051,8 oz,Herd Share Members,0.6574,8.97,8.97,9.69,0.7911,FALSE,Review before publishing,2026-10-01 10:41:27 UTC
805713,"Landjaeger Jerky, 3 pack",Deck Family Farm,526766,3 oz,Herd Share Members,0.6574,14.8,14.8,15.98,0.7895,FALSE,Review before publishing,2026-10-01 10:41:27 UTC
999637,Satsuma plums,Small is Beautiful Farm,776515,pt,Herd Share Members,0.4,4.2,4.2,4.54,0.5133,FALSE,Review before publishing,2026-10-01 10:41:27 UTC
894792,Flavor Infused Olive Oil- Rosemary and Basil 250mL,River Ranch Oregon Olive OIl,635199,250mL,Herd Share Members,0.4,30.73,30.73,33.19,0.5121,FALSE,Review before publishing,2026-10-01 10:41:27 UTC
805832,Spinach  1/2 Lb.,Small is Beautiful Farm,526889,each,Herd Share Members,0.4,5.6,5.6,6.05,0.5125,FALSE,Review before publishing,2026-10-01 10:41:27 UTC
805822,Spring Onion Bunch,Winter Green Farm,526879,1 bunch,Herd Share Members,0.4,4.2,4.2,4.54,0.5133,FALSE,Review before publishing,2026-10-01 10:41:27 UTC
806126,Pickled Beets,Sweet Creek,527191,16 oz,Herd Share Members,0.4,7.83,7.83,8.46,0.5134,FALSE,Review before publishing,2026-10-01 10:41:27 UTC
806092,Cinnamon Apple Sauce,Sweet Creek,527156,32 oz,Herd Share Members,0.4,8.43,8.43,9.1,0.5116,FALSE,Review before publishing,2026-10-01 10:41:27 UTC
1061158,Chipotle Enchilada Sauce,Sweet Creek,868144,16 oz ea,Herd Share Members,0.4,7.64,7.64,8.25,0.511,FALSE,Review before publishing,2026-10-01 10:41:27 UTC
806131,Radiant Decaf Columbia Coffee Beans,Radiant Coffee Roasters,527196,12 oz,Herd Share Members,0.4,18.2,18.2,19.66,0.5123,FALSE,Review before publishing,2026-10-01 10:41:27 UTC
983730,Green Scallions,Small is Beautiful Farm,752815,each,Herd Share Members,0.4,3.5,3.5,3.78,0.512,FALSE,Review before publishing,2026-10-01 10:41:27 UTC
940995,"Pork Shoulder Roast, Large",Deck Family Farm,694991,"Large, 2.80 - 3.50 lbs",CSA Members,0.6574,50.87,50.87,54.94,0.7902,FALSE,Review before publishing,2026-10-01T16:20:40.247Z
805678,Sage & Sea Salt Sausage,Deck Family Farm,526731,8 oz,CSA Members,0.6574,13.32,13.32,14.39,0.7905,FALSE,Retain existing sale discount,2026-10-01 10:41:27 UTC
1008413,"Broad Breasted White Turkeys, Small",Deck Family Farm,789842,9 - 12  lbs,Herd Share Members,0.6574,85.21,85.21,92.03,0.7901,FALSE,Review before publishing,2026-10-01 10:41:27 UTC
874966,Red Beets,Camas Swale Farm,609201,1 bunch,Herd Share Members,0.4,3.29,3.29,3.55,0.5106,FALSE,Review before publishing,2026-10-01 10:41:27 UTC
825834,Beef Marrow Bones,Deck Family Farm,549813,3.00 - 5.00 lbs,Herd Share Members,0.6574,13.46,13.46,14.54,0.7906,FALSE,Review before publishing,2026-10-01 10:41:27 UTC
836368,Mixed Dried Fruit,Small is Beautiful Farm,562955,1/2 Lb. bag,CSA Members,0.4,9.8,9.8,10.58,0.5114,FALSE,Review before publishing,2026-10-01 10:41:27 UTC
814845,Top Sirloin Steak,Deck Family Farm,536948,1.30 - 1.60 lbs,Guest Basket,0.6574,32.52,32.52,35.12,0.79,FALSE,Review before publishing,2026-10-01T16:20:40.928Z
805654,"Pork Shoulder Roast, Small",Deck Family Farm,526707,"Small, 2.00 - 2.79 lbs",Guest Basket,0.6574,38.67,38.67,41.76,0.79,FALSE,Review before publishing,2026-10-01 10:41:27 UTC
805755,Striped Eggplant,Little Wings,526810,1 lb,Herd Share Members,0.4,4.2,4.2,4.54,0.5133,FALSE,Review before publishing,2026-10-01 10:41:27 UTC
825830,Hanger Steak,Deck Family Farm,568280,0.40 - 0.70 lbs,Herd Share Members,0.6574,12.83,12.83,13.86,0.7907,FALSE,Review before publishing,2026-10-01 10:41:27 UTC
814845,Top Sirloin Steak,Deck Family Farm,536948,1.30 - 1.60 lbs,CSA Members,0.6574,32.52,32.52,35.12,0.79,FALSE,Review before publishing,2026-10-01T16:20:40.928Z
806161,"Raw Honey, 1 pint",Deck Family Farm,527228,1 pint,Guest Basket,0.6574,23.32,23.32,25.19,0.7903,FALSE,Review before publishing,2026-10-01 10:41:27 UTC
813080,"Pet Food, Organ Blend",Deck Family Farm,535111,1.00 lbs,CSA Members,0.6574,10.76,10.76,11.62,0.7904,FALSE,Review before publishing,2026-10-01 10:41:27 UTC
812595,Wildcraft Hot Sauce,Full Farm CSA,534463,ea,Herd Share Members,0.4,12.6,12.6,13.61,0.5122,FALSE,Review before publishing,2026-10-01 10:41:27 UTC
897379,Green beans,Little Wings,638626,pound,Herd Share Members,0.4,6.3,6.3,6.8,0.5111,FALSE,Review before publishing,2026-10-01 10:41:27 UTC
1133719,Eggplant,Organically Grown Company,969098,each,Herd Share Members,0.4,4.19,4.19,4.53,0.5151,FALSE,Review before publishing,2026-10-01 10:41:27 UTC
805875,Crimini Mushrooms,Organically Grown Company,526933,1 lb,Guest Basket,0.4,5.53,5.53,5.97,0.5114,FALSE,Review before publishing,2026-10-01T16:20:40.259Z
883818,Rainbow Carrots,Camas Swale Farm,621070,1 bunch,Herd Share Members,0.4,3.5,3.5,3.78,0.512,FALSE,Review before publishing,2026-10-01 10:41:27 UTC
806100,Dakota Black Kettle Corn,Lonesome Whistle,527164,0.4 lb bag,Herd Share Members,0.4,5.6,5.6,6.05,0.5125,FALSE,Review before publishing,2026-10-01 10:41:27 UTC
805888,Delicata Squash,Full Farm CSA,526946,about 2 lbs each,Herd Share Members,0.4,3.22,3.22,3.48,0.513,FALSE,Review before publishing,2026-10-01 10:41:27 UTC
805476,Raw Whey,"Creamy Cow, LLC",526483,1 quart,Herd Share Members,0.4,9.8,10.5,11.34,0.62,FALSE,Review local/Local Line price difference before publishing,2026-10-01 10:41:27 UTC
912554,Leeks,Red Tail Growers,657841,1 bunch,Herd Share Members,0.4,2.8,2.8,3.02,0.51,FALSE,Review before publishing,2026-10-01 10:41:27 UTC
1004866,Frozen Heirloom Tomatoes,Grazier's Garden,785038,Frozen Tomatoes,Herd Share Members,0.4,2.1,2.1,2.27,0.5133,FALSE,Review before publishing,2026-10-01 10:41:27 UTC
806022,Gluten Free Blackberry Hand Pie,Elegant Elephant Baking Co.,527084,each,Herd Share Members,0.4,4.2,4.2,4.54,0.5133,FALSE,Review before publishing,2026-10-01 10:41:27 UTC
806093,Jalapeno Cheddar Popcorn,Lonesome Whistle,527157,0.4 lb bag,Herd Share Members,0.4,5.6,5.6,6.05,0.5125,FALSE,Review before publishing,2026-10-01 10:41:27 UTC
806026,Braided Challah (seeded),Reality Kitchen Nonprofit,527088,each,Herd Share Members,0.4,9.1,9.1,9.83,0.5123,FALSE,Review before publishing,2026-10-01 10:41:27 UTC
805983,Shishito Frying Pepper,Camas Swale Farm,527043,each,Herd Share Members,0.4,4.2,4.2,4.54,0.5133,FALSE,Review before publishing,2026-10-01 10:41:27 UTC
994208,Muncher Cucumber,Little Wings,767741,lb,Herd Share Members,0.4,3.5,3.5,3.78,0.512,FALSE,Review before publishing,2026-10-01 10:41:27 UTC
1018192,Yellow Onion,Small is Beautiful Farm,803748,1lb,Herd Share Members,0.4,2.1,2.1,2.27,0.5133,FALSE,Review before publishing,2026-10-01 10:41:27 UTC
919246,Collard Greens,Camas Swale Farm,665174,each,Herd Share Members,0.4,3.15,3.15,3.4,0.5111,FALSE,Review before publishing,2026-10-01 10:41:27 UTC
1133723,"Kaiware, Purple Microgreens",Organically Grown Company,969102,2 oz ea,Herd Share Members,0.4,7.63,7.63,8.24,0.5119,FALSE,Review before publishing,2026-10-01 10:41:27 UTC
913652,Bulk Farm Made Chorizo Sausage,Deck Family Farm's Hyland Artisinal Meats,659188,12 oz,Guest Basket,0.6574,16.14,16.14,17.43,0.7895,FALSE,Review before publishing,2026-10-01 10:41:27 UTC
806130,Pickled Jalapenos,Sweet Creek,527195,16 oz,Herd Share Members,0.4,8.83,8.83,9.54,0.5119,FALSE,Review before publishing,2026-10-01 10:41:27 UTC
805991,Red Radicchio,Red Tail Growers,527051,each,Herd Share Members,0.4,3.29,3.29,3.55,0.5106,FALSE,Review before publishing,2026-10-01 10:41:27 UTC
925433,Radiant Midnight Blend - Dark Roast Ground Coffee,Radiant Coffee Roasters,673002,12 oz,Herd Share Members,0.4,16.8,16.8,18.14,0.5117,FALSE,Review before publishing,2026-10-01 10:41:27 UTC
867239,"Lucianna Toma Rustica Cheese, 4 Month Aged, 5.9-6.9 oz","Creamy Cow, LLC",598138,5.9-6.9oz,Herd Share Members,0.4,15.74,15.74,17,0.5125,FALSE,Review before publishing,2026-10-01 10:41:27 UTC
998191,Mix Apples,Small is Beautiful Farm,774076,ea,Herd Share Members,0.4,1.4,1.4,1.51,0.51,FALSE,Review before publishing,2026-10-01 10:41:27 UTC
1133722,"Kaiware, Green Microgreens",Organically Grown Company,969101,2 oz ea,Herd Share Members,0.4,7.63,7.63,8.24,0.5119,FALSE,Review before publishing,2026-10-01 10:41:27 UTC
988809,Chioggia Beets,Camas Swale Farm,760367,1 Bunch,Herd Share Members,0.4,3.29,3.29,3.55,0.5106,FALSE,Review before publishing,2026-10-01 10:41:27 UTC
812628,Tomatillos,Little Wings,534496,pound,Herd Share Members,0.4,4.76,4.76,5.14,0.5118,FALSE,Review before publishing,2026-10-01 10:41:27 UTC
981428,Baby Red Onion,Organically Grown Company,749861,bu,Herd Share Members,0.4,3.5,3.5,3.78,0.512,FALSE,Review before publishing,2026-10-01 10:41:27 UTC
874466,Red Little Gem Lettuce,Red Tail Growers,608582,ea,Herd Share Members,0.4,2.45,2.45,2.65,0.5143,FALSE,Review before publishing,2026-10-01 10:41:27 UTC
983715,Green garlic,Organically Grown Company,752788,1 lb,Herd Share Members,0.4,10.15,10.15,10.96,0.5117,FALSE,Review before publishing,2026-10-01 10:41:27 UTC
1091676,Red Radish,Red Tail Growers,905380,each,Herd Share Members,0.4,2.8,2.8,3.02,0.51,FALSE,Review before publishing,2026-10-01 10:41:27 UTC
806090,Garlic Dill Popcorn,Lonesome Whistle,527154,0.4 lb bag,Herd Share Members,0.4,5.6,5.6,6.05,0.5125,FALSE,Review before publishing,2026-10-01 10:41:27 UTC
964229,Green  Leaf Lettuce,Red Tail Growers,725669,each,Herd Share Members,0.4,2.8,2.8,3.02,0.51,FALSE,Review before publishing,2026-10-01 10:41:27 UTC
806123,Paul's Dill Pickles,Sweet Creek,527188,32 oz,Herd Share Members,0.4,10.11,10.11,10.92,0.5125,FALSE,Review before publishing,2026-10-01 10:41:27 UTC
806099,"Enchilada Red Sauce, Medium",Sweet Creek,527163,16 oz,Herd Share Members,0.4,6.89,6.89,7.44,0.5122,FALSE,Review before publishing,2026-10-01 10:41:27 UTC
805658,Chuck roast,Deck Family Farm,526711,2.30 - 2.90 lbs,CSA Members,0.6574,37.31,37.31,40.29,0.7899,FALSE,Review before publishing,2026-10-01T16:20:39.691Z
805997,Red Butterhead Lettuce,Little Wings,527057,each,Herd Share Members,0.4,2.8,2.8,3.02,0.51,FALSE,Review before publishing,2026-10-01 10:41:27 UTC
805675,"Olympia Provisions, Rosette D'Oregon Salami",Deck Family Farm,526728,4.5 oz,Herd Share Members,0.6574,17.93,17.93,19.36,0.7893,FALSE,Review before publishing,2026-10-01 10:41:27 UTC
805927,Shiitake Mushrooms,Organically Grown Company,526987,1/2 lb,CSA Members,0.4,5.71,5.71,6.17,0.5123,FALSE,Review before publishing,2026-10-01T16:20:40.672Z
813071,Beef Shank Osso Buco,Deck Family Farm,535101,2.10 - 2.40 lbs,Guest Basket,0.6574,39.36,39.36,42.51,0.7899,FALSE,Review before publishing,2026-10-01 10:41:27 UTC
941002,"Brisket, Small",Deck Family Farm,694998,"Small, 2.30 - 2.99 lbs",Guest Basket,0.6574,42.71,42.71,46.13,0.7901,FALSE,Review before publishing,2026-10-01 10:41:27 UTC
805691,Ground Pork,Deck Family Farm,526744,1.00 lbs,CSA Members,0.6574,8.61,8.61,9.3,0.7912,FALSE,Retain existing sale discount,2026-10-01T16:20:40.644Z
926707,Daikon Radish (WA),Organically Grown Company,674541,1 Lb,Herd Share Members,0.4,5.39,5.39,5.82,0.5117,FALSE,Review before publishing,2026-10-01 10:41:27 UTC
805975,Orange Bell Pepper,Little Wings,527035,1 lb,Herd Share Members,0.4,6.16,6.16,6.65,0.5114,FALSE,Review before publishing,2026-10-01 10:41:27 UTC
806164,Gluten Free Apple Pie,Elegant Elephant Baking Co.,527233,"6""",Herd Share Members,0.4,10.5,10.5,11.34,0.512,FALSE,Review before publishing,2026-10-01 10:41:27 UTC
871143,Hot Italian Sausage Links,Deck Family Farm's Hyland Artisinal Meats,604158,4 links/ pack 14 oz pack,CSA Members,0.6574,17.93,17.93,19.36,0.7893,FALSE,Review before publishing,2026-10-01 10:41:27 UTC
1038295,Sugar Plum Kombucha,BNF Kombucha and Jun,836567,ea,Herd Share Members,0.4,4.68,4.68,5.05,0.512,FALSE,Review before publishing,2026-10-01 10:41:27 UTC
1122274,Garlic Scapes,Grazier's Garden,950702,bu,Herd Share Members,0.4,2.8,2.8,3.02,0.51,FALSE,Review before publishing,2026-10-01 10:41:27 UTC
806019,Gluten Free Banana Cream Pie,Elegant Elephant Baking Co.,527081,"6""",Herd Share Members,0.4,11.2,11.2,12.1,0.5125,FALSE,Review before publishing,2026-10-01 10:41:27 UTC
1133725,Anaheim Pepper,Organically Grown Company,969104,1 lb,Herd Share Members,0.4,8.19,8.19,8.85,0.5128,FALSE,Review before publishing,2026-10-01 10:41:27 UTC
805809,Fresh Spearmint,Grazier's Garden,526867,Bunch,Herd Share Members,0.4,2.8,2.8,3.02,0.51,FALSE,Review before publishing,2026-10-01 10:41:27 UTC
805678,Sage & Sea Salt Sausage,Deck Family Farm,526731,8 oz,Guest Basket,0.6574,13.32,13.32,14.39,0.7905,FALSE,Retain existing sale discount,2026-10-01 10:41:27 UTC
900126,Organic 7-Grain Cereal,Camas Country Mill,642136,3 lbs,Herd Share Members,0.4,18.55,18.55,20.03,0.5117,FALSE,Review before publishing,2026-10-01 10:41:27 UTC
805938,Sunchokes,Organically Grown Company,526998,1 lb,Herd Share Members,0.4,5.74,5.74,6.2,0.5122,FALSE,Review before publishing,2026-10-01 10:41:27 UTC
805936,Fresh Oregano,Grazier's Garden,526996,Bunch,Herd Share Members,0.4,2.8,2.8,3.02,0.51,FALSE,Review before publishing,2026-10-01 10:41:27 UTC
806138,"Salsa, Hot",Sweet Creek,527203,16 oz,Herd Share Members,0.4,5.18,5.18,5.59,0.5108,FALSE,Review before publishing,2026-10-01 10:41:27 UTC
1004983,Jimmy Nardello Peppers,Camas Swale Farm,785191,1 lb,Herd Share Members,0.4,8.4,8.4,9.07,0.5117,FALSE,Review before publishing,2026-10-01 10:41:27 UTC
805701,Korean Style Beef Ribs,Deck Family Farm,526754,1.20 - 1.40 lbs,Guest Basket,0.6574,22.74,22.74,24.56,0.7901,FALSE,Review before publishing,2026-10-01 10:41:27 UTC
813074,Flank Steak,Deck Family Farm,535104,1.10 - 1.40 lbs,CSA Members,0.6574,29.15,29.15,31.48,0.7897,FALSE,Review before publishing,2026-10-01 10:41:27 UTC
816242,Baby Back Ribs,Deck Family Farm,538686,0.90 - 1.50 lbs,Guest Basket,0.6574,19.38,19.38,20.93,0.7904,FALSE,Review before publishing,2026-10-01 10:41:27 UTC
840823,Bulk English Breakfast Sausage,Deck Family Farm's Hyland Artisinal Meats,568237,12 oz,Guest Basket,0.6574,14.8,14.8,15.98,0.7895,FALSE,Review before publishing,2026-10-01 10:41:27 UTC
824215,Purple curly kale,Camas Swale Farm,547697,ea,Herd Share Members,0.4,2.8,2.8,3.02,0.51,FALSE,Review before publishing,2026-10-01 10:41:27 UTC
805873,Butternut Squash,Full Farm CSA,526931,3-4 lbs each,Herd Share Members,0.4,4.09,4.09,4.42,0.5137,FALSE,Review before publishing,2026-10-01 10:41:27 UTC
806067,Camas Pizza Blend,Camas Country Mill,527131,4 lbs,Herd Share Members,0.4,15.33,15.33,16.56,0.5123,FALSE,Review before publishing,2026-10-01 10:41:27 UTC
1128174,Spinach (1/2 lb),Grazier's Garden,961510,bag,Herd Share Members,0.4,6.02,6.02,6.5,0.5116,FALSE,Review before publishing,2026-10-01 10:41:27 UTC
1017975,Bulk Carrots,Grazier's Garden,803425,pound,Herd Share Members,0.4,3.08,3.08,3.33,0.5136,FALSE,Review before publishing,2026-10-01 10:41:27 UTC
805682,Polish Kielbasa,Deck Family Farm,526735,12 oz,Herd Share Members,0.6574,17.49,17.49,18.89,0.7905,FALSE,Review before publishing,2026-10-01 10:41:27 UTC
805941,Sugar Snap Peas,Little Wings,527001,1 lb,Herd Share Members,0.4,9.1,9.1,9.83,0.5123,FALSE,Review before publishing,2026-10-01 10:41:27 UTC
806161,"Raw Honey, 1 pint",Deck Family Farm,527228,1 pint,CSA Members,0.6574,23.32,23.32,25.19,0.7903,FALSE,Review before publishing,2026-10-01 10:41:27 UTC
904032,Green Seedless Table Grapes,Small is Beautiful Farm,647015,pt,Herd Share Members,0.4,4.9,4.9,5.29,0.5114,FALSE,Review before publishing,2026-10-01 10:41:27 UTC
936387,"Heidi of the Hills Cheese, 18 Month Aged,  5.9-6.9 oz","Creamy Cow, LLC",689800,5.9-6.9 oz,Herd Share Members,0.4,15.74,15.74,17,0.5125,FALSE,Review before publishing,2026-10-01 10:41:27 UTC
832792,"Pork Chop, Boneless",Deck Family Farm,558509,1.20 - 1.50 lbs,CSA Members,0.6574,21.79,21.79,23.53,0.7894,FALSE,Review before publishing,2026-10-01T16:20:39.949Z
958464,Spinach  1/2 Lb.,Little Wings,718323,each,Herd Share Members,0.4,5.46,5.46,5.9,0.5128,FALSE,Review before publishing,2026-10-01 10:41:27 UTC
805679,"Chicken Part, Wings",Deck Family Farm,526732,1.50 - 2.00,Guest Basket,0.6574,18.84,18.84,20.35,0.7898,FALSE,Review before publishing,2026-10-01 10:41:27 UTC
805686,Fresh Garlic Sausage Links,Deck Family Farm,526739,12 oz,CSA Members,0.6574,17.49,17.49,18.89,0.7905,FALSE,Review before publishing,2026-10-01 10:41:27 UTC
894281,Beef Short Rib,Deck Family Farm,634544,1.30 - 2.10 lbs,Guest Basket,0.6574,29.73,29.73,32.11,0.7899,FALSE,Review before publishing,2026-10-01 10:41:27 UTC
913652,Bulk Farm Made Chorizo Sausage,Deck Family Farm's Hyland Artisinal Meats,659188,12 oz,CSA Members,0.6574,16.14,16.14,17.43,0.7895,FALSE,Review before publishing,2026-10-01 10:41:27 UTC
953035,"Cornish Roasting Chicken, Large",Deck Family Farm,710619,"Large, 4.21 - 4.99 lbs",Guest Basket,0.6574,35.07,31.56,34.08,0.6106,FALSE,Review local/Local Line price difference before publishing,2026-10-01 10:41:27 UTC
1004516,"Gogo Gouda Cheese, 4 Month Aged, 4.8-5.8 oz","Creamy Cow, LLC",784551,4.8-5.8oz,Herd Share Members,0.4,12.57,12.57,13.58,0.5122,FALSE,Review before publishing,2026-10-01 10:41:27 UTC
805691,Ground Pork,Deck Family Farm,526744,1.00 lbs,Guest Basket,0.6574,8.61,8.61,9.3,0.7912,FALSE,Retain existing sale discount,2026-10-01T16:20:40.644Z
805721,Pepperoni stick,Deck Family Farm,526775,6 oz,CSA Members,0.6574,17.93,17.93,19.36,0.7893,FALSE,Review before publishing,2026-10-01 10:41:27 UTC
805932,Shallots,Red Tail Growers,526992,1 lb,Herd Share Members,0.4,5.6,5.6,6.05,0.5125,FALSE,Review before publishing,2026-10-01 10:41:27 UTC
919071,Brazil Cerrado Miniero - Dark Roast Ground Coffee,Radiant Coffee Roasters,664925,12 oz,Herd Share Members,0.4,16.8,16.8,18.14,0.5117,FALSE,Review before publishing,2026-09-07 10:42:10 UTC
1016432,#2 Juicing Carrots,Full Farm CSA,801261,pound,Herd Share Members,0.4,1.4,1.4,1.51,0.51,FALSE,Review before publishing,2026-10-01 10:41:27 UTC
806030,Gluten Free Brownie Bite with Chocolate Chips,Elegant Elephant Baking Co.,527092,each,Herd Share Members,0.4,3.5,3.5,3.78,0.512,FALSE,Review before publishing,2026-10-01 10:41:27 UTC
940995,"Pork Shoulder Roast, Large",Deck Family Farm,694991,"Large, 2.80 - 3.50 lbs",Guest Basket,0.6574,50.87,50.87,54.94,0.7902,FALSE,Review before publishing,2026-10-01T16:20:40.247Z
812618,Fresh Red Onion,Camas Swale Farm,534486,pound,Herd Share Members,0.4,2.24,2.24,2.42,0.5125,FALSE,Review before publishing,2026-10-01 10:41:27 UTC
805703,Lamb Neck Slices,Deck Family Farm,526756,1.10 - 1.50 lbs,Herd Share Members,0.6574,18.08,18.08,19.53,0.7901,FALSE,Review before publishing,2026-10-01 10:41:27 UTC
929322,Winter Carrots,Small is Beautiful Farm,677788,2# bag,CSA Members,0.4,5.6,5.6,6.05,0.5125,FALSE,Review before publishing,2026-10-01 10:41:27 UTC
976636,Red Leaf Lettuce,Red Tail Growers,742475,ea,Herd Share Members,0.4,2.8,2.8,3.02,0.51,FALSE,Review before publishing,2026-10-01 10:41:27 UTC
805906,Fresh Thyme,Red Tail Growers,526964,each,Herd Share Members,0.4,2.8,2.8,3.02,0.51,FALSE,Review before publishing,2026-10-01 10:41:27 UTC
806089,Blueberry Fruit Spread,Sweet Creek,527153,10 oz,Herd Share Members,0.4,6.27,6.27,6.77,0.5112,FALSE,Review before publishing,2026-10-01 10:41:27 UTC
941000,"Raw Honey, 1 quart",Deck Family Farm,694996,1 quart,CSA Members,0.6574,42.61,42.61,46.02,0.79,FALSE,Review before publishing,2026-10-01 10:41:27 UTC
805940,Pea Shoots,Little Wings,527000,4 oz,Herd Share Members,0.4,4.55,4.55,4.91,0.5108,FALSE,Review before publishing,2026-10-01 10:41:27 UTC
987329,Cauliflower,Camas Swale Farm,758110,ea,Herd Share Members,0.4,7,7,7.56,0.512,FALSE,Review before publishing,2026-10-01 10:41:27 UTC
900158,Organic Blue Cornmeal,Camas Country Mill,642174,3 lb bag,Herd Share Members,0.4,14.56,14.56,15.72,0.5115,FALSE,Review before publishing,2026-10-01 10:41:27 UTC
940998,"Raw Honey, 1/2 pint",Deck Family Farm,694994,1/2 pint,Guest Basket,0.6574,15.25,15.25,16.47,0.7902,FALSE,Review before publishing,2026-10-01 10:41:27 UTC
806094,Organic Buckwheat Flour,Camas Country Mill,642172,3 lbs,Herd Share Members,0.4,12.88,12.88,13.91,0.512,FALSE,Review before publishing,2026-10-01 10:41:27 UTC
805990,Purple Scallions,Little Wings,527049,each,Herd Share Members,0.4,2.8,2.8,3.02,0.51,FALSE,Review before publishing,2026-10-01 10:41:27 UTC
806059,Skullcap Lemon Yerbe Mate Kombucha,BNF Kombucha and Jun,527124,16 fl. oz,Herd Share Members,0.4,4.68,4.68,5.05,0.512,FALSE,Review before publishing,2026-10-01 10:41:27 UTC
897016,Shiro plums,Small is Beautiful Farm,638086,dozen,Herd Share Members,0.4,4.9,4.9,5.29,0.5114,FALSE,Review before publishing,2026-10-01 10:41:27 UTC
805957,Italian (Dino) Kale,Camas Swale Farm,527017,bu.,CSA Members,0.4,2.66,2.66,2.87,0.5105,FALSE,Review before publishing,2026-10-01 10:41:27 UTC
805831,Collard Greens,Organically Grown Company,526888,each,Herd Share Members,0.4,2.31,2.31,2.49,0.5091,FALSE,Review before publishing,2026-10-01 10:41:27 UTC
812658,Parsley,Little Wings,534526,bu,Herd Share Members,0.4,2.8,2.8,3.02,0.51,FALSE,Review before publishing,2026-10-01 10:41:27 UTC
911653,Celeriac,Organically Grown Company,656880,1 lb,Herd Share Members,0.4,2.52,2.52,2.72,0.5111,FALSE,Review before publishing,2026-10-01 10:41:27 UTC
821704,Acorn squash,Full Farm CSA,544783,1 Each,Herd Share Members,0.4,3.5,3.5,3.78,0.512,FALSE,Review before publishing,2026-10-01 10:41:27 UTC
813072,Beef Back Ribs,Deck Family Farm,535102,2.00 - 3.00 lbs,Guest Basket,0.6574,35.88,35.88,38.75,0.7898,FALSE,Review before publishing,2026-10-01 10:41:27 UTC
1010693,Deck Family Farm Insulated Bag,Full Farm CSA,793235,Blue Bag,Herd Share Members,0.4,24.81,24.81,26.79,0.5119,FALSE,Review before publishing,2026-10-01 10:41:27 UTC
1011872,Swedish Sausage Potato Dumplings,Deck Family Farm's Hyland Artisinal Meats,795004,13oz/ 10 Dumplings/Pack,CSA Members,0.6574,17.93,17.93,19.36,0.7893,FALSE,Review before publishing,2026-10-01 10:41:27 UTC
894281,Beef Short Rib,Deck Family Farm,634544,1.30 - 2.10 lbs,CSA Members,0.6574,29.73,29.73,32.11,0.7899,FALSE,Review before publishing,2026-10-01 10:41:27 UTC
976879,Strawberry Mint Kombucha,BNF Kombucha and Jun,742884,ea,Herd Share Members,0.4,4.68,4.68,5.05,0.512,FALSE,Review before publishing,2026-10-01 10:41:27 UTC
840823,Bulk English Breakfast Sausage,Deck Family Farm's Hyland Artisinal Meats,568237,12 oz,CSA Members,0.6574,14.8,14.8,15.98,0.7895,FALSE,Review before publishing,2026-10-01 10:41:27 UTC
816246,Pork Tenderloin,Deck Family Farm,590546,0.80 - 1.30 lbs,Guest Basket,0.6574,13.66,13.66,14.75,0.79,FALSE,Review before publishing,2026-10-01 10:41:27 UTC
805675,"Olympia Provisions, Rosette D'Oregon Salami",Deck Family Farm,526728,4.5 oz,CSA Members,0.6574,17.93,17.93,19.36,0.7893,FALSE,Review before publishing,2026-10-01 10:41:27 UTC
941000,"Raw Honey, 1 quart",Deck Family Farm,694996,1 quart,Guest Basket,0.6574,42.61,42.61,46.02,0.79,FALSE,Review before publishing,2026-10-01 10:41:27 UTC
897629,Emmer Farro,Lonesome Whistle,638988,1.25 lb Bag,Herd Share Members,0.4,6.3,6.3,6.8,0.5111,FALSE,Review before publishing,2026-10-01 10:41:27 UTC
922133,"Lamb Chops, 2 pack",Deck Family Farm,669028,"2 pack, 0.70 - 1.10 lbs",CSA Members,0.6574,16.96,16.96,18.32,0.7908,FALSE,Review before publishing,2026-10-01T16:20:40.571Z
805686,Fresh Garlic Sausage Links,Deck Family Farm,526739,12 oz,Guest Basket,0.6574,17.49,17.49,18.89,0.7905,FALSE,Review before publishing,2026-10-01 10:41:27 UTC
1005219,Rainbow Carrots,Red Tail Growers,785523,1 lb,Herd Share Members,0.4,2.1,2.1,2.27,0.5133,FALSE,Review before publishing,2026-10-01 10:41:27 UTC
813079,"Chicken Feet, 1lb bag",Deck Family Farm,642344,1 lb bag,Guest Basket,0.6574,8.52,8.52,9.2,0.7899,FALSE,Review before publishing,2026-10-01 10:41:27 UTC
805469,"Ophelia Asiago Cheese - Special 12 month Aged, 4.8-5.8 oz","Creamy Cow, LLC",526475,4.8-5.8 oz,Herd Share Members,0.4,13.97,13.97,15.09,0.512,FALSE,Review before publishing,2026-10-01 10:41:27 UTC
1028364,Soft-neck Garlic ( CA ),Organically Grown Company,818332,1/2 lb,CSA Members,0.4,3.72,3.72,4.02,0.5113,FALSE,Review before publishing,2026-10-01 10:41:27 UTC
964210,Fresh Thyme,Grazier's Garden,725645,each,Herd Share Members,0.4,3.99,3.99,4.31,0.5123,FALSE,Review before publishing,2026-10-01 10:41:27 UTC
806035,Gluten Free Chocolate Cream Pie,Elegant Elephant Baking Co.,527097,"6""",Herd Share Members,0.4,11.2,11.2,12.1,0.5125,FALSE,Review before publishing,2026-10-01 10:41:27 UTC
806127,Radiant Balanced Blend - Medium Roast Coffee Beans,Radiant Coffee Roasters,527192,12 oz,CSA Members,0.4,16.8,16.8,18.14,0.5117,FALSE,Review before publishing,2026-10-01 10:41:27 UTC
1026135,Old King Charcoal Soap Bar- Cedarwood and Fir,Granny Smith All Natural,815780,4.5 oz ea,Herd Share Members,0.4,8.33,8,8.64,0.4521,FALSE,Review local/Local Line price difference before publishing,2026-10-01 10:41:27 UTC
812659,Cilantro,Little Wings,534527,bu,Herd Share Members,0.4,2.8,2.8,3.02,0.51,FALSE,Review before publishing,2026-10-01 10:41:27 UTC
1026142,"""It Really Woks!"" Deodorant- Grapefruit",Granny Smith All Natural,815790,2.5 oz ea,Herd Share Members,0.4,14.7,14.7,15.88,0.5124,FALSE,Review before publishing,2026-10-01 10:41:27 UTC
806088,Maris Widgeon Macaroni,Lonesome Whistle,527152,0.5 lb bag,Herd Share Members,0.4,5.6,5.6,6.05,0.5125,FALSE,Review before publishing,2026-10-01 10:41:27 UTC
1005221,Red Onion,Small is Beautiful Farm,785525,lb,Herd Share Members,0.4,2.8,2.8,3.02,0.51,FALSE,Review before publishing,2026-10-01 10:41:27 UTC
825835,Lamb Bones,Deck Family Farm,549814,3.00 - 5.00 lbs,Herd Share Members,0.6574,8.97,8.97,9.69,0.7911,FALSE,Review before publishing,2026-10-01 10:41:27 UTC
806085,Blueberry Apple Sauce,Sweet Creek,527149,each,Herd Share Members,0.4,8.96,8.96,9.68,0.5125,FALSE,Review before publishing,2026-10-01 10:41:27 UTC
941001,"Brisket, Medium",Deck Family Farm,694997,"Medium, 3.00 - 3.99 lbs",CSA Members,0.6574,53.3,53.3,57.56,0.7898,FALSE,Review before publishing,2026-10-01 10:41:27 UTC
1004599,"Red Ranger Roasting Chicken, Medium",Deck Family Farm,784655,"Medium, 4.01 - 5.00 lbs",Guest Basket,0.6574,40.41,40.41,43.64,0.79,FALSE,Review before publishing,2026-10-01 10:41:27 UTC
901471,Bartlett Pears,Small is Beautiful Farm,643754,ea,Herd Share Members,0.4,1.4,1.4,1.51,0.51,FALSE,Review before publishing,2026-10-01 10:41:27 UTC
929464,"Rendered Pork Leaf Lard, 16 oz",Deck Family Farm's Hyland Artisinal Meats,677954,16 oz,Herd Share Members,0.6574,14.35,14.35,15.5,0.7898,FALSE,Review before publishing,2026-10-01 10:41:27 UTC
963826,Lamb Sundried Tomato Basil Sausage,Deck Family Farm,724882,12 oz,CSA Members,0.6574,19.29,19.29,20.83,0.7895,FALSE,Review before publishing,2026-10-01 10:41:27 UTC
805911,Frisee Lettuce,Little Wings,526969,each,Herd Share Members,0.4,3.5,3.5,3.78,0.512,FALSE,Review before publishing,2026-10-01 10:41:27 UTC
806048,Gluten Free Half Almond Loaf Sliced,Elegant Elephant Baking Co.,527112,each,Herd Share Members,0.4,7,7,7.56,0.512,FALSE,Review before publishing,2026-10-01 10:41:27 UTC
928741,Broccoli Microgreens,Lone Wolf Ranch,726764,2 oz pk,Herd Share Members,0.4,7,7,7.56,0.512,FALSE,Review before publishing,2026-10-01 10:41:27 UTC
805660,Beef Heart,Deck Family Farm,526713,2.50 - 3.5 lbs,Herd Share Members,0.6574,25.56,25.56,27.6,0.7899,FALSE,Review before publishing,2026-10-01 10:41:27 UTC
1026136,Gardener's Scrub Soap Bar- Lemongrass and Rosemary,Granny Smith All Natural,815781,4.5 oz ea,Herd Share Members,0.4,8.33,8,8.64,0.4521,FALSE,Review local/Local Line price difference before publishing,2026-10-01 10:41:27 UTC
981788,Fresh Cherries,Grazier's Garden,750321,1 pint,Herd Share Members,0.4,6.3,6.3,6.8,0.5111,FALSE,Review before publishing,2026-10-01 10:41:27 UTC
1106676,Leeks,Winter Green Farm,924713,1 lb,Herd Share Members,0.4,2.8,2.8,3.02,0.51,FALSE,Review before publishing,2026-10-01 10:41:27 UTC
805758,Frozen Blueberries,Full Farm CSA,526813,~1.0 lbs,Guest Basket,0.4,6.3,6.3,6.8,0.5111,FALSE,Review before publishing,2026-10-01 10:41:27 UTC
805688,Natural Ground Beef,Deck Family Farm,526741,1 lbs,CSA Members,0.6574,10.76,10.76,11.62,0.7904,FALSE,Review before publishing,2026-10-01T16:20:40.005Z
1006108,Italian Frying Pepper,Red Tail Growers,786671,each,Herd Share Members,0.4,3.5,3.5,3.78,0.512,FALSE,Review before publishing,2026-10-01 10:41:27 UTC
1036759,"Ophelia Asiago Cheese  - Special 12 month Aged, 7-8 oz","Creamy Cow, LLC",834423,7-8 oz,Herd Share Members,0.4,18.17,18.17,19.62,0.5116,FALSE,Review before publishing,2026-10-01 10:41:27 UTC
813067,Beef Tenderloin,Deck Family Farm,535097,0.40 - 0.70 lbs,CSA Members,0.6574,21.21,21.21,22.91,0.7898,FALSE,Review before publishing,2026-10-01T16:20:40.304Z
813075,Beef Flat Iron Steak,Deck Family Farm,535105,0.70 - 1.10 lbs,Guest Basket,0.6574,20.98,20.98,22.66,0.7899,FALSE,Review before publishing,2026-10-01 10:41:27 UTC
813075,Beef Flat Iron Steak,Deck Family Farm,535105,0.70 - 1.10 lbs,CSA Members,0.6574,20.98,20.98,22.66,0.7899,FALSE,Review before publishing,2026-10-01 10:41:27 UTC
805827,Sungold Cherry Tomato Pint,Organically Grown Company,526885,each,Guest Basket,0.4,4.9,4.9,5.29,0.5114,FALSE,Review before publishing,2026-10-01 10:41:27 UTC
871793,Sweet Onion,Organically Grown Company,605504,1lb,CSA Members,0.4,1.47,1.47,1.59,0.5143,FALSE,Review before publishing,2026-10-01 10:41:27 UTC
824228,"Heidi of the Hills Cheese, 18 Month Aged, 7-8 oz","Creamy Cow, LLC",547711,7-8oz,Herd Share Members,0.4,18.17,18.17,19.62,0.5116,FALSE,Review before publishing,2026-10-01 10:41:27 UTC
806046,Gluten Free Dinner Rolls,Elegant Elephant Baking Co.,527110,bag of 6,Herd Share Members,0.4,8.05,8.05,8.69,0.5113,FALSE,Review before publishing,2026-10-01 10:41:27 UTC
1026139,Shampoo Bar-  Honeysuckle,Granny Smith All Natural,815785,4.5 oz ea,Herd Share Members,0.4,8.33,8,8.64,0.4521,FALSE,Review local/Local Line price difference before publishing,2026-10-01 10:41:27 UTC
912554,Leeks,Red Tail Growers,657841,1 bunch,CSA Members,0.4,2.8,2.8,3.02,0.51,FALSE,Review before publishing,2026-10-01 10:41:27 UTC
805950,Bi-Color Corn,Camas Swale Farm,527010,each,Guest Basket,0.4,1.54,1.54,1.66,0.5091,FALSE,Review before publishing,2026-10-01 10:41:27 UTC
871793,Sweet Onion,Organically Grown Company,605504,1lb,Guest Basket,0.4,1.47,1.47,1.59,0.5143,FALSE,Review before publishing,2026-10-01 10:41:27 UTC
805693,"Honey Maple Ham, Sliced",Deck Family Farm,526746,8 oz,Herd Share Members,0.6574,17.49,17.49,18.89,0.7905,FALSE,Review before publishing,2026-10-01 10:41:27 UTC
813084,Bratwurst,Deck Family Farm,535115,12 oz,Guest Basket,0.6574,17.49,17.49,18.89,0.7905,FALSE,Review before publishing,2026-10-01 10:41:27 UTC
929452,"Skirt Steak, Large",Deck Family Farm,677939,"Large, .80 - 1.20 lbs",Guest Basket,0.6574,23.32,23.32,25.19,0.7903,FALSE,Review before publishing,2026-10-01 10:41:27 UTC
929452,"Skirt Steak, Large",Deck Family Farm,677939,"Large, .80 - 1.20 lbs",CSA Members,0.6574,23.32,23.32,25.19,0.7903,FALSE,Review before publishing,2026-10-01 10:41:27 UTC
805716,New York Steak,Deck Family Farm,526769,0.50 - 0.90 lbs,CSA Members,0.6574,23.24,23.24,25.1,0.7903,FALSE,Review before publishing,2026-10-01T16:20:39.977Z
813086,"Country Sausage, Bulk",Deck Family Farm,535117,12 oz,CSA Members,0.6574,13.91,13.91,15.02,0.7902,FALSE,Review before publishing,2026-10-01 10:41:27 UTC
805661,"Red Ranger Roasting Chicken, Small",Deck Family Farm,642346,"Small, 3.00 - 4.00 lbs",Guest Basket,0.6574,31.39,31.39,33.9,0.7899,FALSE,Review before publishing,2026-10-01 10:41:27 UTC
1058709,Fuji Apple (WA),Organically Grown Company,864990,ea,Herd Share Members,0.4,1.26,1.35,1.46,0.6222,FALSE,Review local/Local Line price difference before publishing,2026-10-01 10:41:27 UTC
1094879,"""Sanitize Naturally"" Hand Sanitizer Spray w/ Lemongrass, Orange & Peppermint Essential Oils",Granny Smith All Natural,909473,1 oz ea,Herd Share Members,0.4,6.86,6.86,7.41,0.5122,FALSE,Review before publishing,2026-10-01 10:41:27 UTC
983715,Green garlic,Organically Grown Company,919343,1/2 lb,Herd Share Members,0.4,5.08,5.08,5.49,0.5124,FALSE,Review before publishing,2026-10-01 10:41:27 UTC
1026141,"""It Really Woks!"" Deodorant- Lavender",Granny Smith All Natural,815789,2.5 oz ea,Herd Share Members,0.4,14.7,15,16.2,0.5429,FALSE,Review local/Local Line price difference before publishing,2026-10-01 10:41:27 UTC
806028,Gluten Free Box of 5 Cupcakes,Elegant Elephant Baking Co.,527090,each,Herd Share Members,0.4,8.4,8.4,9.07,0.5117,FALSE,Review before publishing,2026-10-01 10:41:27 UTC
1018720,Radiant Roasters Chiapas Mexico Light Roast Ground Coffee,Radiant Coffee Roasters,804434,12 oz bag,Herd Share Members,0.4,16.8,16.8,18.14,0.5117,FALSE,Review before publishing,2026-10-01 10:41:27 UTC
805685,Stewing Hen,Deck Family Farm,526738,2 - 3 lbs,CSA Members,0.6574,19.74,19.74,21.32,0.7901,FALSE,Review before publishing,2026-10-01 10:41:27 UTC
805781,Red D'Anjou Pears,Organically Grown Company,526837,each,CSA Members,0.4,1.4,1.4,1.51,0.51,FALSE,Review before publishing,2026-10-01 10:41:27 UTC
805887,Padron Peppers,Camas Swale Farm,526945,1 pt,Herd Share Members,0.4,4.2,4.2,4.54,0.5133,FALSE,Review before publishing,2026-10-01 10:41:27 UTC
1131919,Cone Cabbage,Camas Swale Farm,966334,ea,Herd Share Members,0.4,3.5,3.5,3.78,0.512,FALSE,Review before publishing,2026-10-01 10:41:27 UTC
1028364,Soft-neck Garlic ( CA ),Organically Grown Company,818332,1/2 lb,Guest Basket,0.4,3.72,3.72,4.02,0.5113,FALSE,Review before publishing,2026-10-01 10:41:27 UTC
805848,Green Curly Kale,Little Wings,526906,each,CSA Members,0.4,2.8,2.8,3.02,0.51,FALSE,Review before publishing,2026-10-01 10:41:27 UTC
805692,Sweet Italian Sausage Links,Deck Family Farm,526745,12 oz,Guest Basket,0.6574,17.49,17.49,18.89,0.7905,FALSE,Review before publishing,2026-10-01 10:41:27 UTC
999641,Heirloom Tomatoes,Red Tail Growers,776519,pound,Guest Basket,0.4,4.48,4.48,4.84,0.5125,FALSE,Review before publishing,2026-10-01 10:41:27 UTC
806104,Up & At 'Em Pancake Mix,Lonesome Whistle,527168,1.6 lbs,Herd Share Members,0.4,7.46,7.46,8.06,0.5122,FALSE,Review before publishing,2026-10-01 10:41:27 UTC
894793,Flavor Infused Olive Oil- Garlic 250mL,River Ranch Oregon Olive OIl,635200,250mL,Guest Basket,0.4,30.73,30.73,33.19,0.5121,FALSE,Review before publishing,2026-10-01 10:41:27 UTC
836368,Mixed Dried Fruit,Small is Beautiful Farm,562955,1/2 Lb. bag,Guest Basket,0.4,9.8,9.8,10.58,0.5114,FALSE,Review before publishing,2026-10-01 10:41:27 UTC
861798,Pork Shank,Deck Family Farm,591682,2.40 - 3.10 lbs,Herd Share Members,0.6574,41.93,41.93,45.28,0.7897,FALSE,Review before publishing,2026-10-01 10:41:27 UTC
813078,Pork Bones,Deck Family Farm,535108,3.00 - 5.00 lbs,Herd Share Members,0.6574,8.97,8.97,9.69,0.7911,FALSE,Review before publishing,2026-10-01 10:41:27 UTC
816472,"Heritage Turkeys, Large",Deck Family Farm,538956,14.01 - 16.00  lbs,Guest Basket,0.6574,125.58,125.58,135.63,0.79,FALSE,Review before publishing,2026-10-01 10:41:27 UTC
813092,Ground Lamb,Deck Family Farm,535123,1.00 lbs,CSA Members,0.6574,15.25,15.25,16.47,0.7902,FALSE,Review before publishing,2026-10-01 10:41:27 UTC
806095,Dill Relish,Sweet Creek,527160,16 oz,Herd Share Members,0.4,7.76,7.76,8.38,0.5126,FALSE,Review before publishing,2026-10-01 10:41:27 UTC
1061159,Hot Red Enchilada Sauce,Sweet Creek,868145,16 oz ea,Herd Share Members,0.4,7.66,7.66,8.27,0.5119,FALSE,Review before publishing,2026-10-01 10:41:27 UTC
805693,"Honey Maple Ham, Sliced",Deck Family Farm,526746,8 oz,CSA Members,0.6574,17.49,17.49,18.89,0.7905,FALSE,Review before publishing,2026-10-01 10:41:27 UTC
805687,Summer Sausage,Deck Family Farm,526740,8 oz,CSA Members,0.6574,15.25,15.25,16.47,0.7902,FALSE,Review before publishing,2026-10-01 10:41:27 UTC
813076,Beef Oxtail,Deck Family Farm,535106,1.40 - 1.90 lbs,Guest Basket,0.6574,19.24,19.24,20.78,0.7898,FALSE,Review before publishing,2026-10-01 10:41:27 UTC
812655,Mix of  Comice/D'Anjou,Organically Grown Company,534523,ea,CSA Members,0.4,1.4,1.4,1.51,0.51,FALSE,Review before publishing,2026-10-01 10:41:27 UTC
908804,Flax Seed,Camas Country Mill,653619,3 lb. bag,Herd Share Members,0.4,20.3,20.3,21.92,0.5117,FALSE,Review before publishing,2026-10-01 10:41:27 UTC
906533,Braising mix (chard and kale),Red Tail Growers,650559,1/2 lb,Herd Share Members,0.4,5.95,5.95,6.43,0.5129,FALSE,Review before publishing,2026-10-01 10:41:27 UTC
805934,"Herb Bundle: Rosemary, Thyme and Sage Combo",Little Wings,526994,each,Herd Share Members,0.4,2.8,2.8,3.02,0.51,FALSE,Review before publishing,2026-10-01 10:41:27 UTC
1026134,Lavender Goodness Soap Bar,Granny Smith All Natural,815779,4.5 oz ea,Herd Share Members,0.4,8.33,8,8.64,0.4521,FALSE,Review local/Local Line price difference before publishing,2026-10-01 10:41:27 UTC
1026140,"""It Really Woks!"" Deodorant- Cedarwood and Fir",Granny Smith All Natural,815788,2.5 oz ea,Herd Share Members,0.4,14.7,15,16.2,0.5429,FALSE,Review local/Local Line price difference before publishing,2026-10-01 10:41:27 UTC
1094107,Virtuous Lemon Soap Bar,Granny Smith All Natural,908489,4.5 oz ea,Herd Share Members,0.4,8.33,8,8.64,0.4521,FALSE,Review local/Local Line price difference before publishing,2026-10-01 10:41:27 UTC
806118,Organic Corn Flour,Camas Country Mill,527183,2.5 lbs,Herd Share Members,0.4,15.12,15.12,16.33,0.512,FALSE,Review before publishing,2026-10-01 10:41:27 UTC
805845,Yellow Potatoes (Canada Gold),Winter Green Farm,526903,1 lb,Guest Basket,0.4,3.01,3.01,3.25,0.5116,FALSE,Review before publishing,2026-10-01 10:41:27 UTC
1129572,Purple Kohlrabi,Little Wings,963331,1 lb,Herd Share Members,0.4,3.15,3.15,3.4,0.5111,FALSE,Review before publishing,2026-10-01 10:41:27 UTC
805918,Red Onion,Small is Beautiful Farm,526979,lb,Herd Share Members,0.4,2.1,2.1,2.27,0.5133,FALSE,Review before publishing,2026-10-01 10:41:27 UTC
805932,Shallots,Red Tail Growers,526992,1 lb,CSA Members,0.4,5.6,5.6,6.05,0.5125,FALSE,Review before publishing,2026-10-01 10:41:27 UTC
900152,"Garbanzo Beans/ Chickpeas, Organic",Camas Country Mill,642166,3 lbs,CSA Members,0.4,16.8,16.8,18.14,0.5117,FALSE,Review before publishing,2026-10-01 10:41:27 UTC
953035,"Cornish Roasting Chicken, Large",Deck Family Farm,710619,"Large, 4.21 - 4.99 lbs",CSA Members,0.6574,35.07,31.56,34.08,0.6106,FALSE,Review local/Local Line price difference before publishing,2026-10-01 10:41:27 UTC
894790,2025 Arbequina  Olive Oil 250mL,River Ranch Oregon Olive OIl,635197,Ea.,CSA Members,0.4,23.45,23.45,25.33,0.5122,FALSE,Review before publishing,2026-10-01 10:41:27 UTC
825832,Beef Kidney,Deck Family Farm,549811,0.80 - 1.00 lbs,Herd Share Members,0.6574,12.12,12.13,13.1,0.7921,FALSE,Review before publishing,2026-10-01 10:41:27 UTC
805907,Fresno Peppers,Camas Swale Farm,526965,1 lb,Herd Share Members,0.4,7,7.75,8.37,0.674,FALSE,Review local/Local Line price difference before publishing,2026-10-01 10:41:27 UTC
928530,Gold Beets,Organically Grown Company,676674,lb,CSA Members,0.4,2.24,2.24,2.42,0.5125,FALSE,Review before publishing,2026-10-01 10:41:27 UTC
805661,"Red Ranger Roasting Chicken, Small",Deck Family Farm,642346,"Small, 3.00 - 4.00 lbs",CSA Members,0.6574,31.39,31.39,33.9,0.7899,FALSE,Review before publishing,2026-10-01 10:41:27 UTC
859028,"Olympia Provisions, Dog Treats",Deck Family Farm,588612,5 oz,CSA Members,0.6574,16.14,16.14,17.43,0.7895,FALSE,Review before publishing,2026-10-01 10:41:27 UTC
805900,Parsnips,Organically Grown Company,526958,1 lb,CSA Members,0.4,3.5,3.5,3.78,0.512,FALSE,Review before publishing,2026-10-01 10:41:27 UTC
1033694,Oregon Peppermint Fields Soap Bar,Granny Smith All Natural,829893,4.5 oz ea,Herd Share Members,0.4,8.33,8,8.64,0.4521,FALSE,Review local/Local Line price difference before publishing,2026-10-01 10:41:27 UTC
936388,"Heidi of the Hills Cheese, 18 Month Aged,  4.8-5.8 oz","Creamy Cow, LLC",689801,4.8-5.8 oz,Herd Share Members,0.4,13.97,13.97,15.09,0.512,FALSE,Review before publishing,2026-10-01 10:41:27 UTC
805873,Butternut Squash,Full Farm CSA,526931,3-4 lbs each,CSA Members,0.4,4.09,4.09,4.42,0.5137,FALSE,Review before publishing,2026-10-01 10:41:27 UTC
910776,"Heritage Turkeys, Medium",Deck Family Farm,655864,12.01 - 14.00 lbs,CSA Members,0.6574,112.12,112.12,121.09,0.7899,FALSE,Review before publishing,2026-10-01 10:41:27 UTC
1038287,Red Beets,Organically Grown Company,836559,1 lb,CSA Members,0.4,1.9,1.9,2.05,0.5074,FALSE,Review before publishing,2026-10-01 10:41:27 UTC
805659,Rack of Lamb,Deck Family Farm,526712,2.50 - 3.10 lbs,CSA Members,0.6574,54,54,58.32,0.7901,FALSE,Review before publishing,2026-10-01 10:41:27 UTC
806051,Flavor Infused Olive Oil- Rosemary and Basil 100mL,River Ranch Oregon Olive OIl,527115,3.38oz (100mL),Herd Share Members,0.4,15.33,15.33,16.56,0.5123,FALSE,Review before publishing,2026-10-01 10:41:27 UTC
805758,Frozen Blueberries,Full Farm CSA,526813,~1.0 lbs,CSA Members,0.4,6.3,6.3,6.8,0.5111,FALSE,Review before publishing,2026-10-01 10:41:27 UTC
805665,"Rendered Pork Leaf Lard, 8 oz",Deck Family Farm's Hyland Artisinal Meats,595381,8 oz,Herd Share Members,0.6574,8.97,8.97,9.69,0.7911,FALSE,Review before publishing,2026-10-01 10:41:27 UTC
922133,"Lamb Chops, 2 pack",Deck Family Farm,669028,"2 pack, 0.70 - 1.10 lbs",Guest Basket,0.6574,16.96,16.96,18.32,0.7908,FALSE,Review before publishing,2026-10-01T16:20:40.571Z
953039,"Cornish Roasting Chicken, Small",Deck Family Farm,710624,"Small, 2.50 - 3.19 lbs",Guest Basket,0.6574,24.25,21.82,23.57,0.6111,FALSE,Review local/Local Line price difference before publishing,2026-10-01 10:41:27 UTC
1004600,"Red Ranger Roasting Chicken, Large",Deck Family Farm,784656,"Large, 5.01 - 5.70 lbs",Guest Basket,0.6574,48.03,48.03,51.87,0.7899,FALSE,Review before publishing,2026-10-01 10:41:27 UTC
913651,Bulk Thai Curry Sausage,Deck Family Farm's Hyland Artisinal Meats,659187,12 oz,Guest Basket,0.6574,14.8,14.8,15.98,0.7895,FALSE,Review before publishing,2026-10-01 10:41:27 UTC
1013987,Smoked Pork Hocks -Skin-on and Smoked,Deck Family Farm,798011,0.8 - 1.2 lbs,CSA Members,0.6574,14.8,14.8,15.98,0.7895,FALSE,Review before publishing,2026-10-01 10:41:27 UTC
910774,"Broad Breasted White Thanksgiving Turkeys, Medium",Deck Family Farm,655862,12.01 - 14.00  lbs,Herd Share Members,0.6574,103.16,103.16,111.41,0.79,FALSE,Review before publishing,2026-10-01 10:41:27 UTC
910774,"Broad Breasted White Thanksgiving Turkeys, Medium",Deck Family Farm,655862,12.01 - 14.00  lbs,Guest Basket,0.6574,103.16,103.16,111.41,0.79,FALSE,Review before publishing,2026-10-01 10:41:27 UTC
816241,Pork Spare Ribs,Deck Family Farm,538685,2.00 - 3.00 lbs,Guest Basket,0.6574,32.52,32.52,35.12,0.79,FALSE,Review before publishing,2026-10-01 10:41:27 UTC
805845,Yellow Potatoes (Canada Gold),Winter Green Farm,526903,1 lb,CSA Members,0.4,3.01,3.01,3.25,0.5116,FALSE,Review before publishing,2026-10-01 10:41:27 UTC
1004980,Romaine Lettuce,Little Wings,785188,each,Guest Basket,0.4,2.8,2.8,3.02,0.51,FALSE,Review before publishing,2026-10-01 10:41:27 UTC
928741,Broccoli Microgreens,Lone Wolf Ranch,676917,1 oz. pk,Herd Share Members,0.4,3.5,3.5,3.78,0.512,FALSE,Review before publishing,2026-10-01 10:41:27 UTC
824478,Russet potatoes (CA),Organically Grown Company,548051,1 lb,CSA Members,0.4,1.4,1.4,1.51,0.51,FALSE,Review before publishing,2026-10-01 10:41:27 UTC
925431,Radiant Decaf Columbia Ground Coffee,Radiant Coffee Roasters,673000,12 oz,CSA Members,0.4,18.2,18.2,19.66,0.5123,FALSE,Review before publishing,2026-10-01 10:41:27 UTC
976168,French Breakfast Radish,Grazier's Garden,741892,Bunch,Herd Share Members,0.4,2.8,2.8,3.02,0.51,FALSE,Review before publishing,2026-10-01 10:41:27 UTC
1048411,Shallots,Organically Grown Company,851691,1 lb,Guest Basket,0.4,4.9,4.9,5.29,0.5114,FALSE,Review before publishing,2026-10-01 10:41:27 UTC
806029,Challah Sandwich Loaf,Reality Kitchen Nonprofit,527091,each,Guest Basket,0.4,9.1,9.1,9.83,0.5123,FALSE,Review before publishing,2026-10-01 10:41:27 UTC
1094108,Travel Size Bug Repellent Stick,Granny Smith All Natural,908490,0.5 oz ea,Herd Share Members,0.4,8.33,8.33,9,0.5126,FALSE,Review before publishing,2026-10-01 10:41:27 UTC
806038,Gluten Free Chocolate Donut,Elegant Elephant Baking Co.,527100,each,Herd Share Members,0.4,3.29,3.29,3.55,0.5106,FALSE,Review before publishing,2026-10-01 10:41:27 UTC
1091600,Kale Raab,Grazier's Garden,905262,bu,Herd Share Members,0.4,4.9,4.9,5.29,0.5114,FALSE,Review before publishing,2026-10-01 10:41:27 UTC
805711,Lamb Shoulder Roast,Deck Family Farm,526764,2.30 - 2.70 lbs,Guest Basket,0.6574,44.85,44.85,48.44,0.7901,FALSE,Review before publishing,2026-10-01 10:41:27 UTC
805694,Tamari Pressed Beef Jerky,Deck Family Farm,526747,3 oz,CSA Members,0.6574,8.97,8.97,9.69,0.7911,FALSE,Review before publishing,2026-10-01 10:41:27 UTC
997517,Winterbor Mixed Curly Kale Bunch,Grazier's Garden,772950,bu,Herd Share Members,0.4,4.2,4.2,4.54,0.5133,FALSE,Review before publishing,2026-10-01 10:41:27 UTC
806125,Organic Spelt Flour,Camas Country Mill,642173,2 lb. Bag,Herd Share Members,0.4,12.11,12.11,13.08,0.5121,FALSE,Review before publishing,2026-10-01 10:41:27 UTC
805712,Lamb Stew,Deck Family Farm,526765,0.90 - 1.10 lbs,CSA Members,0.6574,19.29,19.29,20.83,0.7895,FALSE,Review before publishing,2026-10-01 10:41:27 UTC
818963,Greek Loukaniko Sausage Links,Deck Family Farm's Hyland Artisinal Meats,541754,4 links/ pack 14 oz pack,Guest Basket,0.6574,17.93,17.93,19.36,0.7893,FALSE,Review before publishing,2026-10-01 10:41:27 UTC
1125866,Orange Carrots,Camas Swale Farm,958135,1 bunch,Guest Basket,0.4,3.5,3.5,3.78,0.512,FALSE,Review before publishing,2026-10-01 10:41:27 UTC
806037,Wholewheat Multigrain Sandwich Loaf,Reality Kitchen Nonprofit,527099,each,CSA Members,0.4,8.75,8.75,9.45,0.512,FALSE,Review before publishing,2026-10-01 10:41:27 UTC
812626,Red Potatoes (Idaho),Organically Grown Company,534494,1 lb,Guest Basket,0.4,1.4,1.4,1.51,0.51,FALSE,Review before publishing,2026-10-01 10:41:27 UTC
1008414,"Heritage Thanksgiving Turkey, Small",Deck Family Farm,789843,9 - 12  lbs,Guest Basket,0.6574,94.19,94.19,101.73,0.7901,FALSE,Review before publishing,2026-10-01 10:41:27 UTC
806144,Sweet Relish,Sweet Creek,527209,16 oz,Herd Share Members,0.4,7.84,7.84,8.47,0.5125,FALSE,Review before publishing,2026-10-01 10:41:27 UTC
806063,Brown Teff Flour,Camas Country Mill,527127,3 lbs,Herd Share Members,0.4,15.47,15.47,16.71,0.5122,FALSE,Review before publishing,2026-10-01 10:41:27 UTC
879552,Green Garlic,Red Tail Growers,615273,bu,Herd Share Members,0.4,2.8,2.8,3.02,0.51,FALSE,Review before publishing,2026-10-01 10:41:27 UTC
1017975,Bulk Carrots,Grazier's Garden,803425,pound,CSA Members,0.4,3.08,3.08,3.33,0.5136,FALSE,Review before publishing,2026-10-01 10:41:27 UTC
805673,"Cornish Roasting Chicken, Extra Large",Deck Family Farm,608372,"Extra Large, 5.00 - 6.00 lbs",Guest Basket,0.6574,39.46,35.52,38.36,0.6111,FALSE,Review local/Local Line price difference before publishing,2026-10-01 10:41:27 UTC
928742,Purple Radish Microgreens,Lone Wolf Ranch,726765,2 oz pk,Herd Share Members,0.4,7,7,7.56,0.512,FALSE,Review before publishing,2026-10-01 10:41:27 UTC
1108544,Purple Radish,Little Wings,927365,bu,Herd Share Members,0.4,3.15,3.15,3.4,0.5111,FALSE,Review before publishing,2026-10-01 10:41:27 UTC
806102,Rise & Shine Gluten Free Pancake Mix,Lonesome Whistle,527166,1.6 lbs,Herd Share Members,0.4,7.46,7.46,8.06,0.5122,FALSE,Review before publishing,2026-10-01 10:41:27 UTC
883799,Unrendered Beef Tallow,Deck Family Farm,621045,2.00 - 3.70 lbs,Herd Share Members,0.6574,12.78,12.78,13.8,0.7899,FALSE,Review before publishing,2026-10-01 10:41:27 UTC
897010,Dry Herb Mix,River Ranch Oregon Olive OIl,638080,ea 1 ounce jar,Herd Share Members,0.4,9.8,9.8,10.58,0.5114,FALSE,Review before publishing,2026-10-01 10:41:27 UTC
806086,Einkorn Fusilli,Lonesome Whistle,527150,0.5 lb bag,Herd Share Members,0.4,4.66,4.66,5.03,0.5105,FALSE,Review before publishing,2026-10-01 10:41:27 UTC
912736,Red Cabbage,Organically Grown Company,658110,each,CSA Members,0.4,5.53,5.53,5.97,0.5114,FALSE,Review before publishing,2026-10-01 10:41:27 UTC
806109,Jalapeno Relish,Sweet Creek,527174,each,Herd Share Members,0.4,14.7,14.7,15.88,0.5124,FALSE,Review before publishing,2026-10-01 10:41:27 UTC
836358,"Lucianna Toma Rustica Cheese, 4 Month Aged, 4.8-5.8 oz","Creamy Cow, LLC",562940,4.8-5.8 oz,Herd Share Members,0.4,12.57,12.57,13.58,0.5122,FALSE,Review before publishing,2026-10-01 10:41:27 UTC
806009,Slicer Cucumbers,Camas Swale Farm,527069,1 lb,Guest Basket,0.4,2.8,2.8,3.02,0.51,FALSE,Review before publishing,2026-10-01 10:41:27 UTC
806032,Gluten Free Cheddar Rolls,Elegant Elephant Baking Co.,527094,bag of 4,Herd Share Members,0.4,8.75,8.75,9.45,0.512,FALSE,Review before publishing,2026-10-01 10:41:27 UTC
805977,Salad Mix,Little Wings,527037,1/2 lb,Guest Basket,0.4,6.3,6.3,6.8,0.5111,FALSE,Review before publishing,2026-10-01 10:41:27 UTC
883820,Basil,Little Wings,621072,1 bu.,Guest Basket,0.4,3.15,3.15,3.4,0.5111,FALSE,Review before publishing,2026-10-01 10:41:27 UTC
929322,Winter Carrots,Small is Beautiful Farm,677788,2# bag,Guest Basket,0.4,5.6,5.6,6.05,0.5125,FALSE,Review before publishing,2026-10-01 10:41:27 UTC
812532,Red Russian Kale,Little Wings,534390,bu,Herd Share Members,0.4,3.22,3.22,3.48,0.513,FALSE,Review before publishing,2026-10-01 10:41:27 UTC
806115,Organic Oat Flakes,Camas Country Mill,527180,4 lbs,CSA Members,0.4,21.84,21.84,23.59,0.5122,FALSE,Review before publishing,2026-10-01 10:41:27 UTC
964205,Tropea onion,Camas Swale Farm,725640,bu,Herd Share Members,0.4,3.29,3.29,3.55,0.5106,FALSE,Review before publishing,2026-10-01 10:41:27 UTC
813086,"Country Sausage, Bulk",Deck Family Farm,535117,12 oz,Guest Basket,0.6574,13.91,13.91,15.02,0.7902,FALSE,Review before publishing,2026-10-01 10:41:27 UTC
805981,Savoy Cabbage,Organically Grown Company,527041,each,Herd Share Members,0.4,3.15,3.15,3.4,0.5111,FALSE,Review before publishing,2026-10-01 10:41:27 UTC
982583,Green Kohlrabi,Little Wings,751076,1 bunch,Herd Share Members,0.4,3.15,3.15,3.4,0.5111,FALSE,Review before publishing,2026-10-01 10:41:27 UTC
1108430,Baby Bok Choi,Little Wings,927191,Bunch,Herd Share Members,0.4,3.15,3.15,3.4,0.5111,FALSE,Review before publishing,2026-10-01 10:41:27 UTC
928531,Red Skinned Daikon Radish,Winter Green Farm,676675,lb,Herd Share Members,0.4,4.48,4.48,4.84,0.5125,FALSE,Review before publishing,2026-10-01 10:41:27 UTC
805882,Green Cabbage,Red Tail Growers,526940,each,Guest Basket,0.4,5.6,5.6,6.05,0.5125,FALSE,Review before publishing,2026-10-01 10:41:27 UTC
940998,"Raw Honey, 1/2 pint",Deck Family Farm,694994,1/2 pint,CSA Members,0.6574,15.25,15.25,16.47,0.7902,FALSE,Review before publishing,2026-10-01 10:41:27 UTC
812626,Red Potatoes (Idaho),Organically Grown Company,534494,1 lb,CSA Members,0.4,1.4,1.4,1.51,0.51,FALSE,Review before publishing,2026-10-01 10:41:27 UTC
1005219,Rainbow Carrots,Red Tail Growers,785523,1 lb,CSA Members,0.4,2.1,2.1,2.27,0.5133,FALSE,Review before publishing,2026-10-01 10:41:27 UTC
941045,"Rendered Beef Tallow, 8 oz",Deck Family Farm's Hyland Artisinal Meats,695051,8 oz,Guest Basket,0.6574,8.97,8.97,9.69,0.7911,FALSE,Review before publishing,2026-10-01 10:41:27 UTC
805712,Lamb Stew,Deck Family Farm,526765,0.90 - 1.10 lbs,Guest Basket,0.6574,19.29,19.29,20.83,0.7895,FALSE,Review before publishing,2026-10-01 10:41:27 UTC
805876,Red Cherry Tomatoes,Little Wings,526934,each,Guest Basket,0.4,4.9,4.9,5.29,0.5114,FALSE,Review before publishing,2026-10-01 10:41:27 UTC
1072323,Dried Heirloom Tomatoes,Small is Beautiful Farm,881484,2 oz bag,Herd Share Members,0.4,9.1,9.1,9.83,0.5123,FALSE,Review before publishing,2026-10-01 10:41:27 UTC
897631,Dark Northern Rye Flour,Lonesome Whistle,638990,1.6 lbs,Herd Share Members,0.4,6.3,6.3,6.8,0.5111,FALSE,Review before publishing,2026-10-01 10:41:27 UTC
859074,Leeks,Organically Grown Company,588665,1 lb,Guest Basket,0.4,2.8,2.8,3.02,0.51,FALSE,Review before publishing,2026-10-01 10:41:27 UTC
1128173,Salad Turnips (Hakurei),Grazier's Garden,961508,bu,Herd Share Members,0.4,3.01,3.01,3.25,0.5116,FALSE,Review before publishing,2026-10-01 10:41:27 UTC
805866,Ho mi Zi (asian mustard heads),Camas Swale Farm,526924,each,Herd Share Members,0.4,2.8,2.8,3.02,0.51,FALSE,Review before publishing,2026-10-01 10:41:27 UTC
806148,Basil Tomato Sauce,Sweet Creek,527213,16 oz,CSA Members,0.4,7.38,7.38,7.97,0.5123,FALSE,Review before publishing,2026-10-01 10:41:27 UTC
899385,Broccoli,Camas Swale Farm,641280,ea,CSA Members,0.4,7,7,7.56,0.512,FALSE,Review before publishing,2026-10-01 10:41:27 UTC
1038287,Red Beets,Organically Grown Company,836559,1 lb,Guest Basket,0.4,1.9,1.9,2.05,0.5074,FALSE,Review before publishing,2026-10-01 10:41:27 UTC
825839,Lamb Kabob,Deck Family Farm,549818,1.1 - 1.35,Guest Basket,0.6574,23.62,23.62,25.51,0.7902,FALSE,Review before publishing,2026-10-01 10:41:27 UTC
805751,"Sedum Rupestre ""Blue Spruce""",RL Plants & Home Goods,526806,each,Herd Share Members,0.4,5.6,5.6,6.05,0.5125,FALSE,Review before publishing,2026-10-01 10:41:27 UTC
928528,Tetsakabuto Winter Squash,Full Farm CSA,676672,ea,CSA Members,0.4,5.6,5.6,6.05,0.5125,FALSE,Review before publishing,2026-10-01 10:41:27 UTC
1132419,Red Baltic Rose Potatoes,Winter Green Farm,967065,1 lb,Guest Basket,0.4,1.82,1.82,1.97,0.5154,FALSE,Review before publishing,2026-10-01 10:41:27 UTC
827440,Olympia Provisions Frankfurter,Deck Family Farm,551690,12 oz,Guest Basket,0.6574,17.93,17.93,19.36,0.7893,FALSE,Review before publishing,2026-10-01 10:41:27 UTC
805874,Kale Mix,Red Tail Growers,526932,1/2 lb,Herd Share Members,0.4,5.95,5.95,6.43,0.5129,FALSE,Review before publishing,2026-10-01 10:41:27 UTC
881823,Handmade Birch Wood Coasters –Set of 2,RL Plants & Home Goods,618344,2 pack,Herd Share Members,0.4,7,7,7.56,0.512,FALSE,Review before publishing,2026-10-01 10:41:27 UTC
899373,Tropea onion,Full Farm CSA,641157,lb,Herd Share Members,0.4,3.08,3.08,3.33,0.5136,FALSE,Review before publishing,2026-10-01 10:41:27 UTC
1022551,Travel Size Healing Stick,Granny Smith All Natural,810070,0.35 oz ea,Herd Share Members,0.4,6.86,7,7.56,0.5429,FALSE,Review local/Local Line price difference before publishing,2026-10-01 10:41:27 UTC
927368,Broccoli Rapini,Organically Grown Company,675355,bu,Guest Basket,0.4,3.5,3.5,3.78,0.512,FALSE,Review before publishing,2026-10-01 10:41:27 UTC
1005221,Red Onion,Small is Beautiful Farm,785525,lb,CSA Members,0.4,2.8,2.8,3.02,0.51,FALSE,Review before publishing,2026-10-01 10:41:27 UTC
1049948,Mini Butternut Squash,Full Farm CSA,854210,each,Herd Share Members,0.4,2.8,2.8,3.02,0.51,FALSE,Review before publishing,2026-10-01 10:41:27 UTC
964209,Fresh Sage,Red Tail Growers,725644,each,Herd Share Members,0.4,2.8,2.8,3.02,0.51,FALSE,Review before publishing,2026-10-01 10:41:27 UTC
986027,Shishito Peppers,Grazier's Garden,756207,1/2 lb,Herd Share Members,0.4,4.2,4.2,4.54,0.5133,FALSE,Review before publishing,2026-10-01 10:41:27 UTC
913650,Thai Curry Sausage Links,Deck Family Farm's Hyland Artisinal Meats,659186,4 links/ pack 14 oz pack,Guest Basket,0.6574,17.93,17.93,19.36,0.7893,FALSE,Review before publishing,2026-10-01 10:41:27 UTC
806097,Nutritional Yeast Popcorn,Lonesome Whistle,527161,0.4 lb bag,Guest Basket,0.4,5.6,5.6,6.05,0.5125,FALSE,Review before publishing,2026-10-01 10:41:27 UTC
806136,Roasted Garlic Tomato Sauce,Sweet Creek,527201,16 oz,CSA Members,0.4,7.38,7.38,7.97,0.5123,FALSE,Review before publishing,2026-10-01 10:41:27 UTC
1129571,Green Kohlrabi,Little Wings,963330,1 lb,Herd Share Members,0.4,3.15,3.15,3.4,0.5111,FALSE,Review before publishing,2026-10-01 10:41:27 UTC
806123,Paul's Dill Pickles,Sweet Creek,527188,32 oz,Guest Basket,0.4,10.11,10.11,10.92,0.5125,FALSE,Review before publishing,2026-10-01 10:41:27 UTC
939774,Lamb Heart,Deck Family Farm,693441,"2 pack, 0.8 - 1.1 lbs",Herd Share Members,0.6574,8.09,8.09,8.74,0.791,FALSE,Review before publishing,2026-10-01 10:41:27 UTC
928528,Tetsakabuto Winter Squash,Full Farm CSA,676672,ea,Herd Share Members,0.4,5.6,5.6,6.05,0.5125,FALSE,Review before publishing,2026-10-01 10:41:27 UTC
806080,Cayenne Kettle Corn,Lonesome Whistle,527144,0.4 lb bag,Herd Share Members,0.4,5.6,5.6,6.05,0.5125,FALSE,Review before publishing,2026-10-01 10:41:27 UTC
975655,Frozen Golden Cherry Tomatoes,Grazier's Garden,741109,lb,Herd Share Members,0.4,5.6,5.6,6.05,0.5125,FALSE,Review before publishing,2026-10-01 10:41:27 UTC
1106688,Chunks of Sweetmeat Squash,Small is Beautiful Farm,924741,bag,Herd Share Members,0.4,5.6,5.6,6.05,0.5125,FALSE,Review before publishing,2026-10-01 10:41:27 UTC
1021692,Rainbow Chard,Camas Swale Farm,808786,each,Guest Basket,0.4,3.5,3.5,3.78,0.512,FALSE,Review before publishing,2026-10-01 10:41:27 UTC
1026137,Shampoo Bar-  Lemongrass,Granny Smith All Natural,815782,4.5 oz ea,Herd Share Members,0.4,8.33,8,8.64,0.4521,FALSE,Review local/Local Line price difference before publishing,2026-10-01 10:41:27 UTC
1057489,Shampoo Bar-  Lavender,Granny Smith All Natural,863250,4.5 oz ea,Herd Share Members,0.4,8.33,8,8.64,0.4521,FALSE,Review local/Local Line price difference before publishing,2026-10-01 10:41:27 UTC
813080,"Pet Food, Organ Blend",Deck Family Farm,535111,1.00 lbs,Guest Basket,0.6574,10.76,10.76,11.62,0.7904,FALSE,Review before publishing,2026-10-01 10:41:27 UTC
825834,Beef Marrow Bones,Deck Family Farm,549813,3.00 - 5.00 lbs,Guest Basket,0.6574,13.46,13.46,14.54,0.7906,FALSE,Review before publishing,2026-10-01 10:41:27 UTC
806057,Gluten Free Mixed Berry Pie,Elegant Elephant Baking Co.,527121,"9""",CSA Members,0.4,23.8,23.8,25.7,0.5118,FALSE,Review before publishing,2026-10-01 10:41:27 UTC
907016,Roasted Hazelnuts 12 oz.,Farmhands Co-Op,651217,12 oz bag,Guest Basket,0.4,17.78,17.78,19.2,0.5118,FALSE,Review before publishing,2026-10-01 10:41:27 UTC
825839,Lamb Kabob,Deck Family Farm,549818,1.1 - 1.35,CSA Members,0.6574,23.62,23.62,25.51,0.7902,FALSE,Review before publishing,2026-10-01 10:41:27 UTC
859028,"Olympia Provisions, Dog Treats",Deck Family Farm,588612,5 oz,Guest Basket,0.6574,16.14,16.14,17.43,0.7895,FALSE,Review before publishing,2026-10-01 10:41:27 UTC
805753,Cut Flower Bouquet,Small is Beautiful Farm,526808,each,Guest Basket,0.4,14,14,15.12,0.512,FALSE,Review before publishing,2026-10-01 10:41:27 UTC
900154,Holly's Dog Biscuit Mix,Camas Country Mill,642168,3 lb bag,Herd Share Members,0.4,14,14,15.12,0.512,FALSE,Review before publishing,2026-10-01 10:41:27 UTC
1130495,VIRGO GLOW (Whipped Tallow - skin care) 9 oz glass jar,Sabrooxel's Alchemy,964562,9 oz. ea,Herd Share Members,0.4,70,70,75.6,0.512,FALSE,Review before publishing,2026-10-01 10:41:27 UTC
805667,Beef Stew Meat,Deck Family Farm,526720,1.1 - 1.3 lbs,Guest Basket,0.6574,19.91,19.91,21.5,0.7902,FALSE,Review before publishing,2026-10-01 10:41:27 UTC
806026,Braided Challah (seeded),Reality Kitchen Nonprofit,527088,each,Guest Basket,0.4,9.1,9.1,9.83,0.5123,FALSE,Review before publishing,2026-10-01 10:41:27 UTC
975957,Napa Cabbage,Red Tail Growers,741595,ea,Herd Share Members,0.4,3.85,3.85,4.16,0.5127,FALSE,Review before publishing,2026-10-01 10:41:27 UTC
806127,Radiant Balanced Blend - Medium Roast Coffee Beans,Radiant Coffee Roasters,527192,12 oz,Guest Basket,0.4,16.8,16.8,18.14,0.5117,FALSE,Review before publishing,2026-10-01 10:41:27 UTC
919070,Radiant Balanced Blend - Medium Roast Ground Coffee,Radiant Coffee Roasters,664924,12 oz,Guest Basket,0.4,16.8,16.8,18.14,0.5117,FALSE,Review before publishing,2026-10-01 10:41:27 UTC
813074,Flank Steak,Deck Family Farm,535104,1.10 - 1.40 lbs,Guest Basket,0.6574,29.15,29.15,31.48,0.7897,FALSE,Review before publishing,2026-10-01 10:41:27 UTC
824478,Russet potatoes (CA),Organically Grown Company,548051,1 lb,Guest Basket,0.4,1.4,1.4,1.51,0.51,FALSE,Review before publishing,2026-10-01 10:41:27 UTC
805957,Italian (Dino) Kale,Camas Swale Farm,527017,bu.,Guest Basket,0.4,2.66,2.66,2.87,0.5105,FALSE,Review before publishing,2026-10-01 10:41:27 UTC
890302,Blueberries,Organically Grown Company,629769,1 pint,Guest Basket,0.4,5.6,5.6,6.05,0.5125,FALSE,Review before publishing,2026-10-01 10:41:27 UTC
806029,Challah Sandwich Loaf,Reality Kitchen Nonprofit,527091,each,CSA Members,0.4,9.1,9.1,9.83,0.5123,FALSE,Review before publishing,2026-10-01 10:41:27 UTC
806096,Lemon Lavender Popcorn,Lonesome Whistle,527159,0.4 lb bag,Herd Share Members,0.4,5.6,5.6,6.05,0.5125,FALSE,Review before publishing,2026-10-01 10:41:27 UTC
925430,Radiant Breakfast Blend - Light Roast Coffee Beans,Radiant Coffee Roasters,672999,12 oz,CSA Members,0.4,16.8,16.8,18.14,0.5117,FALSE,Review before publishing,2026-10-01 10:41:27 UTC
805943,Red Jimmy Nardello Peppers,Little Wings,527003,1 lb,Herd Share Members,0.4,5.6,5.6,6.05,0.5125,FALSE,Review before publishing,2026-10-01 10:41:27 UTC
805781,Red D'Anjou Pears,Organically Grown Company,526837,each,Guest Basket,0.4,1.4,1.4,1.51,0.51,FALSE,Review before publishing,2026-10-01 10:41:27 UTC
806033,Sourdough Rye Sandwich Loaf,Reality Kitchen Nonprofit,527095,each,Guest Basket,0.4,8.75,8.75,9.45,0.512,FALSE,Review before publishing,2026-10-01 10:41:27 UTC
806033,Sourdough Rye Sandwich Loaf,Reality Kitchen Nonprofit,527095,each,CSA Members,0.4,8.75,8.75,9.45,0.512,FALSE,Review before publishing,2026-10-01 10:41:27 UTC
806110,Oregon Wild Rice,Camas Country Mill,527175,16 oz,Guest Basket,0.4,16.1,16.1,17.39,0.5122,FALSE,Review before publishing,2026-10-01 10:41:27 UTC
816241,Pork Spare Ribs,Deck Family Farm,538685,2.00 - 3.00 lbs,CSA Members,0.6574,32.52,32.52,35.12,0.79,FALSE,Review before publishing,2026-10-01 10:41:27 UTC
899379,Honey Crisp Apple (WA),Organically Grown Company,641205,ea,Guest Basket,0.4,2.45,2.45,2.65,0.5143,FALSE,Review before publishing,2026-10-01 10:41:27 UTC
921373,"Pastrami, Ends & Pieces",Deck Family Farm,667826,8 oz,Herd Share Members,0.6574,12.93,12.93,13.96,0.7897,FALSE,Review before publishing,2026-10-01 10:41:27 UTC
805710,"Lamb Shank, Whole",Deck Family Farm,526763,2.00 - 2.50 lbs,CSA Members,0.6574,24.21,24.21,26.15,0.7899,FALSE,Review before publishing,2026-10-01 10:41:27 UTC
805720,Peppered Knife Cut Beef Jerky,Deck Family Farm,526773,3 oz,Guest Basket,0.6574,16.14,16.14,17.43,0.7895,FALSE,Review before publishing,2026-10-01 10:41:27 UTC
1121876,Bok choi raab-,Camas Swale Farm,950198,bu,Herd Share Members,0.4,2.8,2.8,3.02,0.51,FALSE,Review before publishing,2026-10-01 10:41:27 UTC
806164,Gluten Free Apple Pie,Elegant Elephant Baking Co.,527233,"6""",Guest Basket,0.4,10.5,10.5,11.34,0.512,FALSE,Review before publishing,2026-10-01 10:41:27 UTC
1133120,Baby Sweet Onion,Camas Swale Farm,968059,bunch,Herd Share Members,0.4,3.5,3.5,3.78,0.512,FALSE,Review before publishing,2026-10-01 10:41:27 UTC
940994,"Raw Walnuts, 1/2 lb",Deck Family Farm,694990,1/2 lb,Guest Basket,0.6574,12.56,12.56,13.56,0.7889,FALSE,Review before publishing,2026-10-01 10:41:27 UTC
973113,Sugar Snap Peas,Camas Swale Farm,737953,1/2 lb,Guest Basket,0.4,4.13,4.13,4.46,0.5119,FALSE,Review before publishing,2026-10-01 10:41:27 UTC
806097,Nutritional Yeast Popcorn,Lonesome Whistle,527161,0.4 lb bag,CSA Members,0.4,5.6,5.6,6.05,0.5125,FALSE,Review before publishing,2026-10-01 10:41:27 UTC
972408,Salanova Lettuce Mix,Camas Swale Farm,736582,1/2 lb bag,Guest Basket,0.4,5.6,5.6,6.05,0.5125,FALSE,Review before publishing,2026-10-01 10:41:27 UTC
1011872,Swedish Sausage Potato Dumplings,Deck Family Farm's Hyland Artisinal Meats,795004,13oz/ 10 Dumplings/Pack,Guest Basket,0.6574,17.93,17.93,19.36,0.7893,FALSE,Review before publishing,2026-10-01 10:41:27 UTC
897403,Raspberry Swirl - 2009 Tall Bearded Iris - Stunning Award Winner (Rhizome),RL Plants & Home Goods,638660,ea,Herd Share Members,0.4,9.8,9.8,10.58,0.5114,FALSE,Review before publishing,2026-10-01 10:41:27 UTC
805848,Green Curly Kale,Little Wings,526906,each,Guest Basket,0.4,2.8,2.8,3.02,0.51,FALSE,Review before publishing,2026-10-01 10:41:27 UTC
806148,Basil Tomato Sauce,Sweet Creek,527213,16 oz,Guest Basket,0.4,7.38,7.38,7.97,0.5123,FALSE,Review before publishing,2026-10-01 10:41:27 UTC
806044,Gluten Free Croutons,Elegant Elephant Baking Co.,527108,each,Herd Share Members,0.4,7.35,7.35,7.94,0.5124,FALSE,Review before publishing,2026-10-01 10:41:27 UTC
805730,The Daily Jar Tote/Jar Bag: Organic Waxed Canvas-WFTO Certified,Jar Joy Goods,526785,each,Herd Share Members,0.4,58.73,58.73,63.43,0.512,FALSE,Review before publishing,2026-10-01 10:41:27 UTC
806067,Camas Pizza Blend,Camas Country Mill,527131,4 lbs,CSA Members,0.4,15.33,15.33,16.56,0.5123,FALSE,Review before publishing,2026-10-01 10:41:27 UTC
805893,Fava Beans,Little Wings,526952,1 lb,Herd Share Members,0.4,3.08,3.08,3.33,0.5136,FALSE,Review before publishing,2026-10-01 10:41:27 UTC
806037,Wholewheat Multigrain Sandwich Loaf,Reality Kitchen Nonprofit,527099,each,Guest Basket,0.4,8.75,8.75,9.45,0.512,FALSE,Review before publishing,2026-10-01 10:41:27 UTC
921713,Purple Daikon Radish,Winter Green Farm,668239,1 pound,CSA Members,0.4,4.48,4.48,4.84,0.5125,FALSE,Review before publishing,2026-10-01 10:41:27 UTC
805898,Fennel,Little Wings,526956,each,Guest Basket,0.4,3.15,3.15,3.4,0.5111,FALSE,Review before publishing,2026-10-01 10:41:27 UTC
963826,Lamb Sundried Tomato Basil Sausage,Deck Family Farm,724882,12 oz,Guest Basket,0.6574,19.29,19.29,20.83,0.7895,FALSE,Review before publishing,2026-10-01 10:41:27 UTC
953036,"Cornish Roasting Chicken, Medium",Deck Family Farm,710620,"Medium, 3.20 - 4.20 lbs",Guest Basket,0.6574,26.88,26.88,29.03,0.79,FALSE,Retain existing sale discount,2026-10-01 10:41:27 UTC
805919,Green Romaine Little Gem,Red Tail Growers,526978,each,Guest Basket,0.4,1.89,1.89,2.04,0.5111,FALSE,Review before publishing,2026-10-01 10:41:27 UTC
1082291,Winter Salad Mix,Small is Beautiful Farm,894785,1/2 lb,Guest Basket,0.4,5.6,5.6,6.05,0.5125,FALSE,Review before publishing,2026-10-01 10:41:27 UTC
901386,Fall Decor- Iris Rhizome,RL Plants & Home Goods,643634,ea,Herd Share Members,0.4,11.2,11.2,12.1,0.5125,FALSE,Review before publishing,2026-10-01 10:41:27 UTC
975215,I'm Back Iris Rhizome,RL Plants & Home Goods,740626,ea,Herd Share Members,0.4,11.2,11.2,12.1,0.5125,FALSE,Review before publishing,2026-10-01 10:41:27 UTC
991582,Frozen Blackberries,Grazier's Garden,764004,lb,Herd Share Members,0.4,14,14,15.12,0.512,FALSE,Review before publishing,2026-10-01 10:41:27 UTC
1026272,Handmade Cedar Catch-All Tray – Rustic Ring Dish & Coin Holder,RL Plants & Home Goods,816045,ea,Herd Share Members,0.4,14,14,15.12,0.512,FALSE,Review before publishing,2026-10-01 10:41:27 UTC
1119870,"Handmade Wooden Industrial Style 4""x6"" Catch-all Tray",RL Plants & Home Goods,947706,ea,Herd Share Members,0.4,14,14,15.12,0.512,FALSE,Review before publishing,2026-10-01 10:41:27 UTC
806122,Organic Sonora Soft White Wheat Flour,Camas Country Mill,527187,4 lbs,CSA Members,0.4,18.62,18.62,20.11,0.512,FALSE,Review before publishing,2026-10-01 10:41:27 UTC
806137,Three Sisters Porridge,Camas Country Mill,527202,4 lbs,CSA Members,0.4,18.55,18.55,20.03,0.5117,FALSE,Review before publishing,2026-10-01 10:41:27 UTC
805880,Fresh Chives,Red Tail Growers,526938,each,Guest Basket,0.4,2.8,2.8,3.02,0.51,FALSE,Review before publishing,2026-10-01 10:41:27 UTC
805898,Fennel,Little Wings,526956,each,CSA Members,0.4,3.15,3.15,3.4,0.5111,FALSE,Review before publishing,2026-10-01 10:41:27 UTC
1108429,Spinach  1/2 Lb.,Little Wings,927190,each,Guest Basket,0.4,6.16,6.16,6.65,0.5114,FALSE,Review before publishing,2026-10-01 10:41:27 UTC
805793,Prune Plum,Small is Beautiful Farm,526849,each,Herd Share Members,0.4,4.2,4.2,4.54,0.5133,FALSE,Review before publishing,2026-10-01 10:41:27 UTC
805790,"Mixed Apple ""Seconds""",Small is Beautiful Farm,526846,each,Herd Share Members,0.4,0.7,0.7,0.76,0.52,FALSE,Review before publishing,2026-10-01 10:41:27 UTC
906542,Red Bell Pepper,Camas Swale Farm,650570,lb,Guest Basket,0.4,4.9,4.9,5.29,0.5114,FALSE,Review before publishing,2026-10-01 10:41:27 UTC
816905,Cajun Chaurice Sausage Links,Deck Family Farm's Hyland Artisinal Meats,539546,4 links/ pack 14 oz pack,CSA Members,0.6574,17.93,17.93,19.36,0.7893,FALSE,Review before publishing,2026-10-01 10:41:27 UTC
806052,Pomegranate Cardamom Kombucha,BNF Kombucha and Jun,527116,16 fl. oz,Herd Share Members,0.4,4.47,4.47,4.83,0.5141,FALSE,Review before publishing,2026-10-01 10:41:27 UTC
953039,"Cornish Roasting Chicken, Small",Deck Family Farm,710624,"Small, 2.50 - 3.19 lbs",CSA Members,0.6574,24.25,21.82,23.57,0.6111,FALSE,Review local/Local Line price difference before publishing,2026-10-01 10:41:27 UTC
1058760,Pea Shoot Microgreens,Organically Grown Company,865052,2.5 oz ea,CSA Members,0.4,7.63,7.63,8.24,0.5119,FALSE,Review before publishing,2026-10-01 10:41:27 UTC
941001,"Brisket, Medium",Deck Family Farm,694997,"Medium, 3.00 - 3.99 lbs",Guest Basket,0.6574,53.3,53.3,57.56,0.7898,FALSE,Review before publishing,2026-10-01 10:41:27 UTC
812612,"Dandelion, Red",Red Tail Growers,534480,bu,Herd Share Members,0.4,3.29,3.29,3.55,0.5106,FALSE,Review before publishing,2026-10-01 10:41:27 UTC
900152,"Garbanzo Beans/ Chickpeas, Organic",Camas Country Mill,642166,3 lbs,Guest Basket,0.4,16.8,16.8,18.14,0.5117,FALSE,Review before publishing,2026-10-01 10:41:27 UTC
805772,Blackberries,Organically Grown Company,526828,1/2  pt,Guest Basket,0.4,6.65,6.65,7.18,0.5116,FALSE,Review before publishing,2026-10-01 10:41:27 UTC
805749,Hen and Chicks Succulents,RL Plants & Home Goods,526804,each,Herd Share Members,0.4,4.2,4.2,4.54,0.5133,FALSE,Review before publishing,2026-10-01 10:41:27 UTC
1058761,Calcot Onion Bunch,Organically Grown Company,865053,bu,Guest Basket,0.4,4.24,4.24,4.58,0.5116,FALSE,Review before publishing,2026-10-01 10:41:27 UTC
812595,Wildcraft Hot Sauce,Full Farm CSA,534463,ea,Guest Basket,0.4,12.6,12.6,13.61,0.5122,FALSE,Review before publishing,2026-10-01 10:41:27 UTC
805938,Sunchokes,Organically Grown Company,526998,1 lb,CSA Members,0.4,5.74,5.74,6.2,0.5122,FALSE,Review before publishing,2026-10-01 10:41:27 UTC
825840,Lamb Shank Osso Buco,Deck Family Farm,549819,1.10 - 1.40 lbs,Herd Share Members,0.6574,15.7,15.7,16.96,0.7909,FALSE,Review before publishing,2026-10-01 10:41:27 UTC
899385,Broccoli,Camas Swale Farm,641280,ea,Guest Basket,0.4,7,7,7.56,0.512,FALSE,Review before publishing,2026-10-01 10:41:27 UTC
805900,Parsnips,Organically Grown Company,526958,1 lb,Guest Basket,0.4,3.5,3.5,3.78,0.512,FALSE,Review before publishing,2026-10-01 10:41:27 UTC
1058761,Calcot Onion Bunch,Organically Grown Company,865053,bu,CSA Members,0.4,4.24,4.24,4.58,0.5116,FALSE,Review before publishing,2026-10-01 10:41:27 UTC
806093,Jalapeno Cheddar Popcorn,Lonesome Whistle,527157,0.4 lb bag,CSA Members,0.4,5.6,5.6,6.05,0.5125,FALSE,Review before publishing,2026-10-01 10:41:27 UTC
806096,Lemon Lavender Popcorn,Lonesome Whistle,527159,0.4 lb bag,Guest Basket,0.4,5.6,5.6,6.05,0.5125,FALSE,Review before publishing,2026-10-01 10:41:27 UTC
806131,Radiant Decaf Columbia Coffee Beans,Radiant Coffee Roasters,527196,12 oz,CSA Members,0.4,18.2,18.2,19.66,0.5123,FALSE,Review before publishing,2026-10-01 10:41:27 UTC
1018719,Radiant Roasters Chiapas Mexico Light Roast Coffee Beans,Radiant Coffee Roasters,804433,12 oz bag,CSA Members,0.4,16.8,16.8,18.14,0.5117,FALSE,Review before publishing,2026-10-01 10:41:27 UTC
899372,Serrano pepper,Camas Swale Farm,641156,1 lb,Herd Share Members,0.4,5.6,5.6,6.05,0.5125,FALSE,Review before publishing,2026-10-01 10:41:27 UTC
919070,Radiant Balanced Blend - Medium Roast Ground Coffee,Radiant Coffee Roasters,664924,12 oz,CSA Members,0.4,16.8,16.8,18.14,0.5117,FALSE,Review before publishing,2026-10-01 10:41:27 UTC
805765,Frozen Strawberries,Full Farm CSA,526821,~1 lbs,Guest Basket,0.4,9.8,9.8,10.58,0.5114,FALSE,Review before publishing,2026-10-01 10:41:27 UTC
960551,Red Radish,Winter Green Farm,720783,each,CSA Members,0.4,2.31,2.31,2.49,0.5091,FALSE,Review before publishing,2026-10-01 10:41:27 UTC
928530,Gold Beets,Organically Grown Company,676674,lb,Guest Basket,0.4,2.24,2.24,2.42,0.5125,FALSE,Review before publishing,2026-10-01 10:41:27 UTC
894790,2025 Arbequina  Olive Oil 250mL,River Ranch Oregon Olive OIl,635197,Ea.,Guest Basket,0.4,23.45,23.45,25.33,0.5122,FALSE,Review before publishing,2026-10-01 10:41:27 UTC
805945,Sugarloaf Chicory,Organically Grown Company,527005,each,Herd Share Members,0.4,4.49,4.49,4.85,0.5109,FALSE,Review before publishing,2026-10-01 10:41:27 UTC
805767,Fresh Strawberries,Grazier's Garden,526823,Pint,Guest Basket,0.4,5.95,5.95,6.43,0.5129,FALSE,Review before publishing,2026-10-01 10:41:27 UTC
922135,Beef Bones,Deck Family Farm,669030,3.00 - 5.00 lbs,Guest Basket,0.6574,9.86,9.86,10.65,0.7899,FALSE,Review before publishing,2026-10-01 10:41:27 UTC
897022,Morning Mist Olive Oil Sugar Scrub,River Ranch Oregon Olive OIl,638092,ea 4 oz jar,Herd Share Members,0.4,7,7,7.56,0.512,FALSE,Review before publishing,2026-10-01 10:41:27 UTC
975222,Breaking Point Iris Rhizome,RL Plants & Home Goods,740640,ea,Herd Share Members,0.4,9.8,9.8,10.58,0.5114,FALSE,Review before publishing,2026-10-01 10:41:27 UTC
1004599,"Red Ranger Roasting Chicken, Medium",Deck Family Farm,784655,"Medium, 4.01 - 5.00 lbs",CSA Members,0.6574,40.41,40.41,43.64,0.79,FALSE,Review before publishing,2026-10-01 10:41:27 UTC
805687,Summer Sausage,Deck Family Farm,526740,8 oz,Guest Basket,0.6574,15.25,15.25,16.47,0.7902,FALSE,Review before publishing,2026-10-01 10:41:27 UTC
806110,Oregon Wild Rice,Camas Country Mill,527175,16 oz,CSA Members,0.4,16.1,16.1,17.39,0.5122,FALSE,Review before publishing,2026-10-01 10:41:27 UTC
1033699,Deck Family Farm & Full Farm CSA T-Shirt,Full Farm CSA,829903,Medium,Herd Share Members,0.4,23.8,23.8,25.7,0.5118,FALSE,Review before publishing,2026-10-01 10:41:27 UTC
1017030,Cornito Peppers,Grazier's Garden,802189,pound,Herd Share Members,0.4,5.25,5.25,5.67,0.512,FALSE,Review before publishing,2026-10-01 10:41:27 UTC
805790,"Mixed Apple ""Seconds""",Small is Beautiful Farm,526846,each,CSA Members,0.4,0.7,0.7,0.76,0.52,FALSE,Review before publishing,2026-10-01 10:41:27 UTC
825833,Beef Tongue,Deck Family Farm,549812,2.50 - 3.00 lbs,Guest Basket,0.6574,23.44,23.44,25.32,0.7907,FALSE,Review before publishing,2026-10-01 10:41:27 UTC
806040,Moonfruit Yerbe Mate Kombucha,BNF Kombucha and Jun,527102,16 fl. oz,CSA Members,0.4,4.68,4.68,5.05,0.512,FALSE,Review before publishing,2026-10-01 10:41:27 UTC
991384,Honey Plum,Small is Beautiful Farm,763756,pt,Guest Basket,0.4,4.2,4.2,4.54,0.5133,FALSE,Review before publishing,2026-10-01 10:41:27 UTC
960551,Red Radish,Winter Green Farm,720783,each,Guest Basket,0.4,2.31,2.31,2.49,0.5091,FALSE,Review before publishing,2026-10-01 10:41:27 UTC
881653,Nantes Carrots,Organically Grown Company,618132,bunch,Guest Basket,0.4,3.54,3.54,3.82,0.5099,FALSE,Review before publishing,2026-10-01 10:41:27 UTC
805659,Rack of Lamb,Deck Family Farm,526712,2.50 - 3.10 lbs,Guest Basket,0.6574,54,54,58.32,0.7901,FALSE,Review before publishing,2026-10-01 10:41:27 UTC
1058760,Pea Shoot Microgreens,Organically Grown Company,865052,2.5 oz ea,Herd Share Members,0.4,7.63,7.63,8.24,0.5119,FALSE,Review before publishing,2026-10-01 10:41:27 UTC
1033698,Deck Family Farm & Full Farm CSA Hoodie,Full Farm CSA,829901,Small,Herd Share Members,0.4,49,45.5,49.14,0.404,FALSE,Review local/Local Line price difference before publishing,2026-10-01 10:41:27 UTC
1018199,Purple Top Turnip,Full Farm CSA,803763,lb,Herd Share Members,0.4,2.52,2.52,2.72,0.5111,FALSE,Review before publishing,2026-10-01 10:41:27 UTC
806159,"Raw Walnuts, 1 lb",Deck Family Farm,527225,1 lb,Guest Basket,0.6574,22.42,22.42,24.21,0.7894,FALSE,Review before publishing,2026-10-01 10:41:27 UTC
806085,Blueberry Apple Sauce,Sweet Creek,527149,each,CSA Members,0.4,8.96,8.96,9.68,0.5125,FALSE,Review before publishing,2026-10-01 10:41:27 UTC
805869,Green  Butterhead Lettuce,Little Wings,526927,each,Herd Share Members,0.4,2.8,2.8,3.02,0.51,FALSE,Review before publishing,2026-10-01 10:41:27 UTC
948123,Vintage Vibe Award Winner Iris Rhizome,RL Plants & Home Goods,703445,ea,Herd Share Members,0.4,11.2,11.2,12.1,0.5125,FALSE,Review before publishing,2026-10-01 10:41:27 UTC
981427,Romano Beans,Little Wings,749860,1lb,Herd Share Members,0.4,5.6,5.6,6.05,0.5125,FALSE,Review before publishing,2026-10-01 10:41:27 UTC
1017978,Handcrafted Birch Holder,RL Plants & Home Goods,803428,ea,Herd Share Members,0.4,21,21,22.68,0.512,FALSE,Review before publishing,2026-10-01 10:41:27 UTC
805673,"Cornish Roasting Chicken, Extra Large",Deck Family Farm,608372,"Extra Large, 5.00 - 6.00 lbs",CSA Members,0.6574,39.46,35.52,38.36,0.6111,FALSE,Review local/Local Line price difference before publishing,2026-10-01 10:41:27 UTC
899379,Honey Crisp Apple (WA),Organically Grown Company,641205,ea,CSA Members,0.4,2.45,2.63,2.84,0.6229,FALSE,Review local/Local Line price difference before publishing,2026-10-01 10:41:27 UTC
980311,Green Zucchini,Little Wings,748218,1 lb,Herd Share Members,0.4,2.45,2.45,2.65,0.5143,FALSE,Review before publishing,2026-10-01 10:41:27 UTC
806107,Roasted Hazelnuts 4 oz,Farmhands Co-Op,527172,4 oz bag,Guest Basket,0.4,6.3,6.3,6.8,0.5111,FALSE,Review before publishing,2026-10-01 10:41:27 UTC
805958,Rainbow Chard,Grazier's Garden,527019,each,Herd Share Members,0.4,3,3,3.24,0.514,FALSE,Review before publishing,2026-10-01 10:41:27 UTC
928531,Red Skinned Daikon Radish,Winter Green Farm,676675,lb,CSA Members,0.4,4.48,4.48,4.84,0.5125,FALSE,Review before publishing,2026-10-01 10:41:27 UTC
806041,Gluten Free Cinnamon Roll Pan,Elegant Elephant Baking Co.,527105,"6""",Guest Basket,0.4,8.4,8.4,9.07,0.5117,FALSE,Review before publishing,2026-10-01 10:41:27 UTC
805840,Escarole,Red Tail Growers,526898,each,Herd Share Members,0.4,3.29,3.29,3.55,0.5106,FALSE,Review before publishing,2026-10-01 10:41:27 UTC
941002,"Brisket, Small",Deck Family Farm,694998,"Small, 2.30 - 2.99 lbs",CSA Members,0.6574,42.71,42.71,46.13,0.7901,FALSE,Review before publishing,2026-10-01 10:41:27 UTC
805872,Celery,Camas Swale Farm,526930,each,Guest Basket,0.4,3.5,3.5,3.78,0.512,FALSE,Review before publishing,2026-10-01 10:41:27 UTC
980329,Green Broccolini,Little Wings,748244,each,Guest Basket,0.4,3.85,3.85,4.16,0.5127,FALSE,Review before publishing,2026-10-01 10:41:27 UTC
1004523,Fresh Cilantro,Grazier's Garden,784559,bunch,CSA Members,0.4,4.2,4.2,4.54,0.5133,FALSE,Review before publishing,2026-10-01 10:41:27 UTC
1042575,Popping Corn,Small is Beautiful Farm,844561,1 lb bag,CSA Members,0.4,8.4,8.4,9.07,0.5117,FALSE,Review before publishing,2026-10-01 10:41:27 UTC
1042575,Popping Corn,Small is Beautiful Farm,844561,1 lb bag,Herd Share Members,0.4,8.4,8.4,9.07,0.5117,FALSE,Review before publishing,2026-10-01 10:41:27 UTC
1056158,Cauliflower,Grazier's Garden,861540,ea,CSA Members,0.4,7,7,7.56,0.512,FALSE,Review before publishing,2026-10-01 10:41:27 UTC
1090811,Handcrafted 4x4 Rustic Wood Tea Candle Holder,RL Plants & Home Goods,904107,ea,Herd Share Members,0.4,14,14,15.12,0.512,FALSE,Review before publishing,2026-10-01 10:41:27 UTC
861798,Pork Shank,Deck Family Farm,591682,2.40 - 3.10 lbs,CSA Members,0.6574,41.93,41.93,45.28,0.7897,FALSE,Review before publishing,2026-10-01 10:41:27 UTC
1130087,Orange Carrots,Winter Green Farm,963998,1 bunch,Guest Basket,0.4,3.22,3.22,3.48,0.513,FALSE,Review before publishing,2026-10-01 10:41:27 UTC
911653,Celeriac,Organically Grown Company,656880,1 lb,CSA Members,0.4,2.52,2.52,2.72,0.5111,FALSE,Review before publishing,2026-10-01 10:41:27 UTC
912736,Red Cabbage,Organically Grown Company,658110,each,Guest Basket,0.4,5.53,5.53,5.97,0.5114,FALSE,Review before publishing,2026-10-01 10:41:27 UTC
1004523,Fresh Cilantro,Grazier's Garden,784559,bunch,Guest Basket,0.4,4.2,4.2,4.54,0.5133,FALSE,Review before publishing,2026-10-01 10:41:27 UTC
806091,Organic All Purpose Low Gluten Flour,Camas Country Mill,527155,4 lbs,Guest Basket,0.4,13.3,13.3,14.36,0.5116,FALSE,Review before publishing,2026-10-01 10:41:27 UTC
921713,Purple Daikon Radish,Winter Green Farm,668239,1 pound,Guest Basket,0.4,4.48,4.48,4.84,0.5125,FALSE,Review before publishing,2026-10-01 10:41:27 UTC
806060,Gluten Free Pizza Dough,Elegant Elephant Baking Co.,527123,22 oz. each,CSA Members,0.4,6.65,6.65,7.18,0.5116,FALSE,Review before publishing,2026-10-01 10:41:27 UTC
805782,Red Raspberries,Organically Grown Company,526838,1/2 pt,Guest Basket,0.4,6.65,6.65,7.18,0.5116,FALSE,Review before publishing,2026-10-01 10:41:27 UTC
1123569,Baby Kale (1/2lb),Grazier's Garden,952531,bag,Guest Basket,0.4,5.6,5.6,6.05,0.5125,FALSE,Review before publishing,2026-10-01 10:41:27 UTC
1017975,Bulk Carrots,Grazier's Garden,803425,pound,Guest Basket,0.4,3.08,3.08,3.33,0.5136,FALSE,Review before publishing,2026-10-01 10:41:27 UTC
1108431,Cilantro,Camas Swale Farm,927192,bu,Guest Basket,0.4,2.8,2.8,3.02,0.51,FALSE,Review before publishing,2026-10-01 10:41:27 UTC
922135,Beef Bones,Deck Family Farm,669030,3.00 - 5.00 lbs,CSA Members,0.6574,9.86,9.86,10.65,0.7899,FALSE,Review before publishing,2026-10-01 10:41:27 UTC
813071,Beef Shank Osso Buco,Deck Family Farm,535101,2.10 - 2.40 lbs,CSA Members,0.6574,39.36,39.36,42.51,0.7899,FALSE,Review before publishing,2026-10-01 10:41:27 UTC
805750,Sedum Palmeri Succulents,RL Plants & Home Goods,526805,each,Herd Share Members,0.4,5.6,5.6,6.05,0.5125,FALSE,Review before publishing,2026-10-01 10:41:27 UTC
805765,Frozen Strawberries,Full Farm CSA,526821,~1 lbs,CSA Members,0.4,9.8,9.8,10.58,0.5114,FALSE,Review before publishing,2026-10-01 10:41:27 UTC
1122274,Garlic Scapes,Grazier's Garden,950702,bu,Guest Basket,0.4,2.8,2.8,3.02,0.51,FALSE,Review before publishing,2026-10-01 10:41:27 UTC
1061161,Classic Pork Broth,Deck Family Farm's Hyland Artisinal Meats,868147,1 quart,Herd Share Members,0.6574,13.01,13.01,14.05,0.7898,FALSE,Review before publishing,2026-10-01 10:41:27 UTC
813092,Ground Lamb,Deck Family Farm,535123,1.00 lbs,Guest Basket,0.6574,15.25,15.25,16.47,0.7902,FALSE,Review before publishing,2026-10-01 10:41:27 UTC
871143,Hot Italian Sausage Links,Deck Family Farm's Hyland Artisinal Meats,604158,4 links/ pack 14 oz pack,Guest Basket,0.6574,17.93,17.93,19.36,0.7893,FALSE,Review before publishing,2026-10-01 10:41:27 UTC
805654,"Pork Shoulder Roast, Small",Deck Family Farm,526707,"Small, 2.00 - 2.79 lbs",CSA Members,0.6574,38.67,38.67,41.76,0.79,FALSE,Review before publishing,2026-10-01 10:41:27 UTC
869027,Beef Tri-Tip,Deck Family Farm,600217,1.90 - 2.20 lbs,CSA Members,0.6574,38.62,38.62,41.71,0.7901,FALSE,Review before publishing,2026-10-01 10:41:27 UTC
806106,Green Enchilada Sauce,Sweet Creek,527170,each,CSA Members,0.4,7.7,7.7,8.32,0.5127,FALSE,Review before publishing,2026-10-01 10:41:27 UTC
928742,Purple Radish Microgreens,Lone Wolf Ranch,676918,1 oz. pk,Herd Share Members,0.4,3.5,3.5,3.78,0.512,FALSE,Review before publishing,2026-10-01 10:41:27 UTC
841579,Beef Liver,Deck Family Farm,569100,0.90 - 1.30 lbs,CSA Members,0.6574,14.8,14.82,16.01,0.7928,FALSE,Review before publishing,2026-10-01 10:41:27 UTC
805711,Lamb Shoulder Roast,Deck Family Farm,526764,2.30 - 2.70 lbs,CSA Members,0.6574,44.85,44.85,48.44,0.7901,FALSE,Review before publishing,2026-10-01 10:41:27 UTC
812656,Dino Lacinato Kale,Little Wings,534524,bu,Guest Basket,0.4,2.8,2.8,3.02,0.51,FALSE,Review before publishing,2026-10-01 10:41:27 UTC
806025,Gluten Free Blueberry Scone,Elegant Elephant Baking Co.,527087,each,Herd Share Members,0.4,4.2,4.2,4.54,0.5133,FALSE,Review before publishing,2026-10-01 10:41:27 UTC
805984,Purple Kohlrabi,Little Wings,527048,1 bunch,Herd Share Members,0.4,3.15,3.15,3.4,0.5111,FALSE,Review before publishing,2026-10-01 10:41:27 UTC
1127322,Travel Size Lotion Stick w/ Grapefruit Essential Oil,Granny Smith All Natural,960324,0.5 oz ea,Herd Share Members,0.4,8.33,8.33,9,0.5126,FALSE,Review before publishing,2026-10-01 10:41:27 UTC
901753,Olympia Provisions Saucisson D'Arles Salami,Deck Family Farm,644080,4.5 oz,Guest Basket,0.6574,13.46,13.46,14.54,0.7906,FALSE,Review before publishing,2026-10-01 10:41:27 UTC
806124,Brazil Cerrado Miniero - Dark Roast Coffee Beans,Radiant Coffee Roasters,527189,12 oz,Guest Basket,0.4,16.8,16.8,18.14,0.5117,FALSE,Review before publishing,2026-09-07 10:42:10 UTC
919071,Brazil Cerrado Miniero - Dark Roast Ground Coffee,Radiant Coffee Roasters,664925,12 oz,Guest Basket,0.4,16.8,16.8,18.14,0.5117,FALSE,Review before publishing,2026-09-07 10:42:10 UTC
912730,Hakurei Turnips,Little Wings,658104,1 bunch,Herd Share Members,0.4,3.5,3.5,3.78,0.512,FALSE,Review before publishing,2026-10-01 10:41:27 UTC
818957,Chicken Hearts,Deck Family Farm,541747,1/2 lb bag,Guest Basket,0.6574,8.52,8.53,9.21,0.7918,FALSE,Review before publishing,2026-10-01 10:41:27 UTC
806024,Braided Challah (plain),Reality Kitchen Nonprofit,527086,each,CSA Members,0.4,9.1,9.1,9.83,0.5123,FALSE,Review before publishing,2026-10-01 10:41:27 UTC
805978,Parsley,Camas Swale Farm,527038,each,Guest Basket,0.4,2.8,2.8,3.02,0.51,FALSE,Review before publishing,2026-10-01 10:41:27 UTC
825840,Lamb Shank Osso Buco,Deck Family Farm,549819,1.10 - 1.40 lbs,Guest Basket,0.6574,15.7,15.7,16.96,0.7909,FALSE,Review before publishing,2026-10-01 10:41:27 UTC
840822,English Banger Sausage Links,Deck Family Farm's Hyland Artisinal Meats,568236,4 links/ pack 14 oz pack,CSA Members,0.6574,16.14,16.14,17.43,0.7895,FALSE,Review before publishing,2026-10-01 10:41:27 UTC
925433,Radiant Midnight Blend - Dark Roast Ground Coffee,Radiant Coffee Roasters,673002,12 oz,Guest Basket,0.4,16.8,16.8,18.14,0.5117,FALSE,Review before publishing,2026-10-01 10:41:27 UTC
805682,Polish Kielbasa,Deck Family Farm,526735,12 oz,Guest Basket,0.6574,17.49,17.49,18.89,0.7905,FALSE,Review before publishing,2026-10-01 10:41:27 UTC
806048,Gluten Free Half Almond Loaf Sliced,Elegant Elephant Baking Co.,527112,each,Guest Basket,0.4,7,7,7.56,0.512,FALSE,Review before publishing,2026-10-01 10:41:27 UTC
897018,Lavender Olive Oil Sugar Scrub,River Ranch Oregon Olive OIl,638088,ea  4oz. jar,Herd Share Members,0.4,7,7,7.56,0.512,FALSE,Review before publishing,2026-10-01 10:41:27 UTC
805692,Sweet Italian Sausage Links,Deck Family Farm,526745,12 oz,CSA Members,0.6574,17.49,17.49,18.89,0.7905,FALSE,Review before publishing,2026-10-01 10:41:27 UTC
805981,Savoy Cabbage,Organically Grown Company,527041,each,CSA Members,0.4,3.15,3.15,3.4,0.5111,FALSE,Review before publishing,2026-10-01 10:41:27 UTC
904032,Green Seedless Table Grapes,Small is Beautiful Farm,647015,pt,Guest Basket,0.4,4.9,4.9,5.29,0.5114,FALSE,Review before publishing,2026-10-01 10:41:27 UTC
818957,Chicken Hearts,Deck Family Farm,541747,1/2 lb bag,CSA Members,0.6574,8.52,8.53,9.21,0.7918,FALSE,Review before publishing,2026-10-01 10:41:27 UTC
894792,Flavor Infused Olive Oil- Rosemary and Basil 250mL,River Ranch Oregon Olive OIl,635199,250mL,Guest Basket,0.4,30.73,30.73,33.19,0.5121,FALSE,Review before publishing,2026-10-01 10:41:27 UTC
805889,Dill,Camas Swale Farm,526947,each,Guest Basket,0.4,2.8,2.8,3.02,0.51,FALSE,Review before publishing,2026-10-01 10:41:27 UTC
806022,Gluten Free Blackberry Hand Pie,Elegant Elephant Baking Co.,527084,each,CSA Members,0.4,4.2,4.2,4.54,0.5133,FALSE,Review before publishing,2026-10-01 10:41:27 UTC
806090,Garlic Dill Popcorn,Lonesome Whistle,527154,0.4 lb bag,CSA Members,0.4,5.6,5.6,6.05,0.5125,FALSE,Review before publishing,2026-10-01 10:41:27 UTC
806133,Radiant Midnight Blend - Dark Roast Coffee Beans,Radiant Coffee Roasters,527198,12 oz,CSA Members,0.4,16.8,16.8,18.14,0.5117,FALSE,Review before publishing,2026-10-01 10:41:27 UTC
925433,Radiant Midnight Blend - Dark Roast Ground Coffee,Radiant Coffee Roasters,673002,12 oz,CSA Members,0.4,16.8,16.8,18.14,0.5117,FALSE,Review before publishing,2026-10-01 10:41:27 UTC
983730,Green Scallions,Small is Beautiful Farm,752815,each,Guest Basket,0.4,3.5,3.5,3.78,0.512,FALSE,Review before publishing,2026-10-01 10:41:27 UTC
995521,Dried and cured Inchellium Garlic,Camas Swale Farm,769835,lb,Guest Basket,0.4,11.2,11.2,12.1,0.5125,FALSE,Review before publishing,2026-10-01 10:41:27 UTC
999637,Satsuma plums,Small is Beautiful Farm,776515,pt,Guest Basket,0.4,4.2,4.2,4.54,0.5133,FALSE,Review before publishing,2026-10-01 10:41:27 UTC
806100,Dakota Black Kettle Corn,Lonesome Whistle,527164,0.4 lb bag,CSA Members,0.4,5.6,5.6,6.05,0.5125,FALSE,Review before publishing,2026-10-01 10:41:27 UTC
805459,"Organic Pasture Raised Chicken Eggs, 1/2 dozen",Deck Family Farm,600222,1/2 dozen,Guest Basket,0.6574,6.28,6.28,6.78,0.7889,FALSE,Review before publishing,2026-10-01 10:41:27 UTC
805769,Cantaloupe,Grazier's Garden,526825,each,Guest Basket,0.4,6.65,6.65,7.18,0.5116,FALSE,Review before publishing,2026-10-01 10:41:27 UTC
926707,Daikon Radish (WA),Organically Grown Company,674541,1 Lb,Guest Basket,0.4,5.39,5.39,5.82,0.5117,FALSE,Review before publishing,2026-10-01 10:41:27 UTC
1012261,VIRGO GLOW (WhippedTallow - skin care) 4 oz glass jar,Sabrooxel's Alchemy,795587,ea,Guest Basket,0.4,32.87,32.87,35.5,0.5119,FALSE,Review before publishing,2026-10-01 10:41:27 UTC
1094107,Virtuous Lemon Soap Bar,Granny Smith All Natural,908489,4.5 oz ea,Guest Basket,0.4,8.33,8.33,9,0.5126,FALSE,Review before publishing,2026-10-01 10:41:27 UTC
813072,Beef Back Ribs,Deck Family Farm,535102,2.00 - 3.00 lbs,CSA Members,0.6574,35.88,35.88,38.75,0.7898,FALSE,Review before publishing,2026-10-01 10:41:27 UTC
805670,"Roast Beef, Sliced",Deck Family Farm,526723,8 oz,Guest Basket,0.6574,17.93,17.93,19.36,0.7893,FALSE,Review before publishing,2026-10-01 10:41:27 UTC
1004526,Spice Lord Iris Rhizome (Bulb),RL Plants & Home Goods,784562,ea,Herd Share Members,0.4,9.8,9.8,10.58,0.5114,FALSE,Review before publishing,2026-10-01 10:41:27 UTC
1004531,Tanzanian Tangerine Iris Rhizome (Bulb),RL Plants & Home Goods,784571,ea,Herd Share Members,0.4,9.8,9.8,10.58,0.5114,FALSE,Review before publishing,2026-10-01 10:41:27 UTC
805713,"Landjaeger Jerky, 3 pack",Deck Family Farm,526766,3 oz,Guest Basket,0.6574,14.8,14.8,15.98,0.7895,FALSE,Review before publishing,2026-10-01 10:41:27 UTC
1013988,Smoked Pork Shanks - Skin-on and Smoked,Deck Family Farm,798012,2 - 2.5 lbs,Guest Basket,0.6574,14.8,14.8,15.98,0.7895,FALSE,Review before publishing,2026-10-01 10:41:27 UTC
806134,Raspberry Fruit Spread,Sweet Creek,527199,10 oz,Guest Basket,0.4,6.27,6.27,6.77,0.5112,FALSE,Review before publishing,2026-10-01 10:41:27 UTC
1026134,Lavender Goodness Soap Bar,Granny Smith All Natural,815779,4.5 oz ea,CSA Members,0.4,8.33,8,8.64,0.4521,FALSE,Review local/Local Line price difference before publishing,2026-10-01 10:41:27 UTC
1026136,Gardener's Scrub Soap Bar- Lemongrass and Rosemary,Granny Smith All Natural,815781,4.5 oz ea,CSA Members,0.4,8.33,8,8.64,0.4521,FALSE,Review local/Local Line price difference before publishing,2026-10-01 10:41:27 UTC
806119,Mushroom Tomato Sauce,Sweet Creek,527184,16 oz,CSA Members,0.4,7.9,7.9,8.53,0.5124,FALSE,Review before publishing,2026-10-01 10:41:27 UTC
995528,Austrian Cresent Fingerling Potatoes,Camas Swale Farm,769868,lb,Guest Basket,0.4,3.15,3.15,3.4,0.5111,FALSE,Review before publishing,2026-10-01 10:41:27 UTC
806081,Blackberry Fruit Spread,Sweet Creek,527145,10 oz,CSA Members,0.4,6.27,6.27,6.77,0.5112,FALSE,Review before publishing,2026-10-01 10:41:27 UTC
806134,Raspberry Fruit Spread,Sweet Creek,527199,10 oz,CSA Members,0.4,6.27,6.27,6.77,0.5112,FALSE,Review before publishing,2026-10-01 10:41:27 UTC
805888,Delicata Squash,Full Farm CSA,526946,about 2 lbs each,Guest Basket,0.4,3.22,3.22,3.48,0.513,FALSE,Review before publishing,2026-10-01 10:41:27 UTC
805975,Orange Bell Pepper,Little Wings,527035,1 lb,Guest Basket,0.4,6.16,6.16,6.65,0.5114,FALSE,Review before publishing,2026-10-01 10:41:27 UTC
1004531,Tanzanian Tangerine Iris Rhizome (Bulb),RL Plants & Home Goods,784571,ea,Guest Basket,0.4,9.8,9.8,10.58,0.5114,FALSE,Review before publishing,2026-10-01 10:41:27 UTC
806146,Tomatillo Salsa,Sweet Creek,527211,16 oz,CSA Members,0.4,7.67,7.67,8.28,0.5109,FALSE,Review before publishing,2026-10-01 10:41:27 UTC
900158,Organic Blue Cornmeal,Camas Country Mill,642174,3 lb bag,Guest Basket,0.4,14.56,14.56,15.72,0.5115,FALSE,Review before publishing,2026-10-01 10:41:27 UTC
806043,Flavor Infused Olive Oil- Garlic 100mL,River Ranch Oregon Olive OIl,527107,3.38 oz. 100mL,Herd Share Members,0.4,15.33,15.33,16.56,0.5123,FALSE,Review before publishing,2026-10-01 10:41:27 UTC
841579,Beef Liver,Deck Family Farm,569100,0.90 - 1.30 lbs,Guest Basket,0.6574,14.8,14.82,16.01,0.7928,FALSE,Review before publishing,2026-10-01 10:41:27 UTC
913651,Bulk Thai Curry Sausage,Deck Family Farm's Hyland Artisinal Meats,659187,12 oz,CSA Members,0.6574,14.8,14.8,15.98,0.7895,FALSE,Review before publishing,2026-10-01 10:41:27 UTC
1013988,Smoked Pork Shanks - Skin-on and Smoked,Deck Family Farm,798012,2 - 2.5 lbs,CSA Members,0.6574,14.8,14.8,15.98,0.7895,FALSE,Review before publishing,2026-10-01 10:41:27 UTC
805653,"Bacon Ends & Pieces, Pork",Deck Family Farm,526706,8 oz,Guest Basket,0.6574,9.86,9.86,10.65,0.7899,FALSE,Review before publishing,2026-10-01 10:41:27 UTC
805752,Yellow Iris Rhizome,RL Plants & Home Goods,526807,each,Herd Share Members,0.4,5.6,5.6,6.05,0.5125,FALSE,Review before publishing,2026-10-01 10:41:27 UTC
806142,Strawberry Fruit Spread,Sweet Creek,527207,10 oz,Guest Basket,0.4,7.35,7.35,7.94,0.5124,FALSE,Review before publishing,2026-10-01 10:41:27 UTC
1127318,Travel Size Lotion Stick w/ Honeysuckle Essential Oil,Granny Smith All Natural,960320,0.35 oz ea,Herd Share Members,0.4,5.88,5.88,6.35,0.5119,FALSE,Review before publishing,2026-10-01 10:41:27 UTC
1127319,Travel Size Lotion Stick w/ Lavender Essential Oil & Charcoal,Granny Smith All Natural,960321,0.5 oz ea,Herd Share Members,0.4,8.33,8.33,9,0.5126,FALSE,Review before publishing,2026-10-01 10:41:27 UTC
1133719,Eggplant,Organically Grown Company,969098,each,Guest Basket,0.4,4.19,4.19,4.53,0.5151,FALSE,Review before publishing,2026-10-01 10:41:27 UTC
981124,"The ""Wanna Be Sassy"" Creole Spice Blend",Creole Me Up,749361,3 oz jar,Herd Share Members,0.4,9.65,9.65,10.42,0.5123,FALSE,Review before publishing,2026-10-01 10:41:27 UTC
926707,Daikon Radish (WA),Organically Grown Company,674541,1 Lb,CSA Members,0.4,5.39,5.39,5.82,0.5117,FALSE,Review before publishing,2026-10-01 10:41:27 UTC
806055,Gluten Free Mini Banana Bread Loaf,Elegant Elephant Baking Co.,527119,each,Guest Basket,0.4,7,7,7.56,0.512,FALSE,Review before publishing,2026-10-01 10:41:27 UTC
929464,"Rendered Pork Leaf Lard, 16 oz",Deck Family Farm's Hyland Artisinal Meats,677954,16 oz,CSA Members,0.6574,14.35,14.35,15.5,0.7898,FALSE,Review before publishing,2026-10-01 10:41:27 UTC
806036,Mango Marigold Kombucha,BNF Kombucha and Jun,527098,16 fl. oz,CSA Members,0.4,4.68,4.68,5.05,0.512,FALSE,Review before publishing,2026-10-01 10:41:27 UTC
806048,Gluten Free Half Almond Loaf Sliced,Elegant Elephant Baking Co.,527112,each,CSA Members,0.4,7,7,7.56,0.512,FALSE,Review before publishing,2026-10-01 10:41:27 UTC
806096,Lemon Lavender Popcorn,Lonesome Whistle,527159,0.4 lb bag,CSA Members,0.4,5.6,5.6,6.05,0.5125,FALSE,Review before publishing,2026-10-01 10:41:27 UTC
879550,Baby Bok Choi,Red Tail Growers,615271,Bunch,Guest Basket,0.4,2.8,2.8,3.02,0.51,FALSE,Review before publishing,2026-10-01 10:41:27 UTC
897026,Summer Day Olive Oil Sugar Scrub,River Ranch Oregon Olive OIl,638096,ea 4 oz jar,Herd Share Members,0.4,7,7,7.56,0.512,FALSE,Review before publishing,2026-10-01 10:41:27 UTC
991582,Frozen Blackberries,Grazier's Garden,764004,lb,Guest Basket,0.4,14,14,15.12,0.512,FALSE,Review before publishing,2026-10-01 10:41:27 UTC
1056158,Cauliflower,Grazier's Garden,861540,ea,Herd Share Members,0.4,7,7,7.56,0.512,FALSE,Review before publishing,2026-10-01 10:41:27 UTC
1090814,Handcrafted 4x4 Rustic Wood Double Tea Candle Holder,RL Plants & Home Goods,904110,ea,Herd Share Members,0.4,14,14,15.12,0.512,FALSE,Review before publishing,2026-10-01 10:41:27 UTC
805677,Chicken Liver,Deck Family Farm,526730,1/2 lb bag,Guest Basket,0.6574,8.52,8.52,9.2,0.7899,FALSE,Review before publishing,2026-10-01 10:41:27 UTC
894282,"Skirt Steak, Small",Deck Family Farm,634545,"Small, 0.40 - 0.79 lbs",CSA Members,0.6574,13.87,13.87,14.98,0.7897,FALSE,Review before publishing,2026-10-01 10:41:27 UTC
806099,"Enchilada Red Sauce, Medium",Sweet Creek,527163,16 oz,CSA Members,0.4,6.89,6.89,7.44,0.5122,FALSE,Review before publishing,2026-10-01 10:41:27 UTC
805941,Sugar Snap Peas,Little Wings,527001,1 lb,Guest Basket,0.4,9.1,9.1,9.83,0.5123,FALSE,Review before publishing,2026-10-01 10:41:27 UTC
912554,Leeks,Red Tail Growers,657841,1 bunch,Guest Basket,0.4,2.8,2.8,3.02,0.51,FALSE,Review before publishing,2026-10-01 10:41:27 UTC
913653,Grass-Fed Organ Blend,Deck Family Farm's Hyland Artisinal Meats,659189,1 lb pack,CSA Members,0.6574,13.46,13.46,14.54,0.7906,FALSE,Review before publishing,2026-10-01 10:41:27 UTC
805665,"Rendered Pork Leaf Lard, 8 oz",Deck Family Farm's Hyland Artisinal Meats,595381,8 oz,Guest Basket,0.6574,8.97,8.97,9.69,0.7911,FALSE,Review before publishing,2026-10-01 10:41:27 UTC
806060,Gluten Free Pizza Dough,Elegant Elephant Baking Co.,527123,22 oz. each,Guest Basket,0.4,6.65,6.65,7.18,0.5116,FALSE,Review before publishing,2026-10-01 10:41:27 UTC
893267,2025 Arbequina  Olive Oil 100mL,River Ranch Oregon Olive OIl,633209,Ea.,Guest Basket,0.4,12.53,12.53,13.53,0.5117,FALSE,Review before publishing,2026-10-01 10:41:27 UTC
806091,Organic All Purpose Low Gluten Flour,Camas Country Mill,527155,4 lbs,CSA Members,0.4,13.3,13.3,14.36,0.5116,FALSE,Review before publishing,2026-10-01 10:41:27 UTC
1018192,Yellow Onion,Small is Beautiful Farm,803748,1lb,Guest Basket,0.4,2.1,2.1,2.27,0.5133,FALSE,Review before publishing,2026-10-01 10:41:27 UTC
821704,Acorn squash,Full Farm CSA,544783,1 Each,Guest Basket,0.4,3.5,3.5,3.78,0.512,FALSE,Review before publishing,2026-10-01 10:41:27 UTC
825830,Hanger Steak,Deck Family Farm,568280,0.40 - 0.70 lbs,Guest Basket,0.6574,12.83,12.83,13.86,0.7907,FALSE,Review before publishing,2026-10-01 10:41:27 UTC
813079,"Chicken Feet, 1lb bag",Deck Family Farm,642344,1 lb bag,CSA Members,0.6574,8.52,8.52,9.2,0.7899,FALSE,Review before publishing,2026-10-01 10:41:27 UTC
806024,Braided Challah (plain),Reality Kitchen Nonprofit,527086,each,Guest Basket,0.4,9.1,9.1,9.83,0.5123,FALSE,Review before publishing,2026-10-01 10:41:27 UTC
806113,Just Apple Apple Sauce,Sweet Creek,527178,32 oz,CSA Members,0.4,8.43,8.43,9.1,0.5116,FALSE,Review before publishing,2026-10-01 10:41:27 UTC
805748,Dark Purple Iris Rhizome,RL Plants & Home Goods,526803,each,Herd Share Members,0.4,5.6,5.6,6.05,0.5125,FALSE,Review before publishing,2026-10-01 10:41:27 UTC
805755,Striped Eggplant,Little Wings,526810,1 lb,Guest Basket,0.4,4.2,4.2,4.54,0.5133,FALSE,Review before publishing,2026-10-01 10:41:27 UTC
897406,DOXIE DOODLES - 2011 Standard Dwarf Bearded Iris - Fragrant (rhizome),RL Plants & Home Goods,638663,ea,Herd Share Members,0.4,8.4,8.4,9.07,0.5117,FALSE,Review before publishing,2026-10-01 10:41:27 UTC
805913,Green Bell Pepper,Camas Swale Farm,526971,1 lb,Guest Basket,0.4,3.5,3.5,3.78,0.512,FALSE,Review before publishing,2026-10-01 10:41:27 UTC
897629,Emmer Farro,Lonesome Whistle,638988,1.25 lb Bag,CSA Members,0.4,6.3,6.3,6.8,0.5111,FALSE,Review before publishing,2026-10-01 10:41:27 UTC
1004866,Frozen Heirloom Tomatoes,Grazier's Garden,785038,Frozen Tomatoes,Guest Basket,0.4,2.1,2.1,2.27,0.5133,FALSE,Review before publishing,2026-10-01 10:41:27 UTC
1004983,Jimmy Nardello Peppers,Camas Swale Farm,785191,1 lb,Guest Basket,0.4,8.4,8.4,9.07,0.5117,FALSE,Review before publishing,2026-10-01 10:41:27 UTC
1058759,Watercress,Organically Grown Company,865051,bu,CSA Members,0.4,3.6,3.6,3.89,0.5136,FALSE,Review before publishing,2026-10-01 10:41:27 UTC
901488,Jalapeno,Organically Grown Company,643774,lb,Guest Basket,0.4,7,7,7.56,0.512,FALSE,Review before publishing,2026-10-01 10:41:27 UTC
805809,Fresh Spearmint,Grazier's Garden,526867,Bunch,Guest Basket,0.4,2.8,2.8,3.02,0.51,FALSE,Review before publishing,2026-10-01 10:41:27 UTC
805979,Green Zucchini,Camas Swale Farm,527039,1 lb,Guest Basket,0.4,2.8,2.8,3.02,0.51,FALSE,Review before publishing,2026-10-01 10:41:27 UTC
805983,Shishito Frying Pepper,Camas Swale Farm,527043,each,Guest Basket,0.4,4.2,4.2,4.54,0.5133,FALSE,Review before publishing,2026-10-01 10:41:27 UTC
973114,Arugula,Red Tail Growers,737954,1/2 lb bag,Guest Basket,0.4,5.95,5.95,6.43,0.5129,FALSE,Review before publishing,2026-10-01 10:41:27 UTC
806076,Apricot Fruit Spread,Sweet Creek,527140,10 oz,Guest Basket,0.4,7.87,7.87,8.5,0.5125,FALSE,Review before publishing,2026-10-01 10:41:27 UTC
806135,Sues Soup Mix,Camas Country Mill,527200,3 lbs,CSA Members,0.4,24.78,24.78,26.76,0.5119,FALSE,Review before publishing,2026-10-01 10:41:27 UTC
805710,"Lamb Shank, Whole",Deck Family Farm,526763,2.00 - 2.50 lbs,Guest Basket,0.6574,24.21,24.21,26.15,0.7899,FALSE,Review before publishing,2026-10-01 10:41:27 UTC
806046,Gluten Free Dinner Rolls,Elegant Elephant Baking Co.,527110,bag of 6,Guest Basket,0.4,8.05,8.05,8.69,0.5113,FALSE,Review before publishing,2026-10-01 10:41:27 UTC
805459,"Organic Pasture Raised Chicken Eggs, 1/2 dozen",Deck Family Farm,600222,1/2 dozen,CSA Members,0.6574,6.28,6.28,6.78,0.7889,FALSE,Review before publishing,2026-10-01 10:41:27 UTC
1033694,Oregon Peppermint Fields Soap Bar,Granny Smith All Natural,829893,4.5 oz ea,CSA Members,0.4,8.33,8,8.64,0.4521,FALSE,Review local/Local Line price difference before publishing,2026-10-01 10:41:27 UTC
1107077,Fresh Sage,Grazier's Garden,925321,bu,Herd Share Members,0.4,3.99,3.99,4.31,0.5123,FALSE,Review before publishing,2026-10-01 10:41:27 UTC
1111541,Green Onion/Scallions,Winter Green Farm,931419,bu,Guest Basket,0.4,2.59,2.59,2.8,0.5135,FALSE,Review before publishing,2026-10-01 10:41:27 UTC
806106,Green Enchilada Sauce,Sweet Creek,527170,each,Guest Basket,0.4,7.7,7.7,8.32,0.5127,FALSE,Review before publishing,2026-10-01 10:41:27 UTC
884968,Little Gem Mix,Red Tail Growers,622470,1/2 lb bag,Guest Basket,0.4,5.95,5.95,6.43,0.5129,FALSE,Review before publishing,2026-10-01 10:41:27 UTC
1003371,Red Bartlett Pears,Organically Grown Company,782715,ea,Herd Share Members,0.4,1.4,1.4,1.51,0.51,FALSE,Review before publishing,2026-10-01 10:41:27 UTC
1122286,Baby Green Salad Mix (1/2 lb),Grazier's Garden,950716,bag,Guest Basket,0.4,5.6,5.6,6.05,0.5125,FALSE,Review before publishing,2026-10-01 10:41:27 UTC
812655,Mix of  Comice/D'Anjou,Organically Grown Company,534523,ea,Guest Basket,0.4,1.4,1.4,1.51,0.51,FALSE,Review before publishing,2026-10-01 10:41:27 UTC
806076,Apricot Fruit Spread,Sweet Creek,527140,10 oz,CSA Members,0.4,7.87,7.87,8.5,0.5125,FALSE,Review before publishing,2026-10-01 10:41:27 UTC
806144,Sweet Relish,Sweet Creek,527209,16 oz,Guest Basket,0.4,7.84,7.84,8.47,0.5125,FALSE,Review before publishing,2026-10-01 10:41:27 UTC
1127321,Travel Size Lotion Stick w/ Lemongrass & Orange Essential Oils & Turmeric,Granny Smith All Natural,960323,0.35 oz ea,Herd Share Members,0.4,5.88,5.88,6.35,0.5119,FALSE,Review before publishing,2026-10-01 10:41:27 UTC
825833,Beef Tongue,Deck Family Farm,549812,2.50 - 3.00 lbs,CSA Members,0.6574,23.44,23.44,25.32,0.7907,FALSE,Review before publishing,2026-10-01 10:41:27 UTC
806031,Grape Lavender Kombucha,BNF Kombucha and Jun,527093,16 fl. oz,CSA Members,0.4,4.68,4.68,5.05,0.512,FALSE,Review before publishing,2026-10-01 10:41:27 UTC
806031,Grape Lavender Kombucha,BNF Kombucha and Jun,527093,16 fl. oz,Guest Basket,0.4,4.68,4.68,5.05,0.512,FALSE,Review before publishing,2026-10-01 10:41:27 UTC
806042,Oregon Blueberry Kombucha,BNF Kombucha and Jun,527106,16 fl. oz,Guest Basket,0.4,4.68,4.68,5.05,0.512,FALSE,Review before publishing,2026-10-01 10:41:27 UTC
806045,Peach Rose Kombucha,BNF Kombucha and Jun,527109,16 fl. oz,CSA Members,0.4,4.68,4.68,5.05,0.512,FALSE,Review before publishing,2026-10-01 10:41:27 UTC
806059,Skullcap Lemon Yerbe Mate Kombucha,BNF Kombucha and Jun,527124,16 fl. oz,CSA Members,0.4,4.68,4.68,5.05,0.512,FALSE,Review before publishing,2026-10-01 10:41:27 UTC
806095,Dill Relish,Sweet Creek,527160,16 oz,CSA Members,0.4,7.76,7.76,8.38,0.5126,FALSE,Review before publishing,2026-10-01 10:41:27 UTC
806022,Gluten Free Blackberry Hand Pie,Elegant Elephant Baking Co.,527084,each,Guest Basket,0.4,4.2,4.2,4.54,0.5133,FALSE,Review before publishing,2026-10-01 10:41:27 UTC
812658,Parsley,Little Wings,534526,bu,Guest Basket,0.4,2.8,2.8,3.02,0.51,FALSE,Review before publishing,2026-10-01 10:41:27 UTC
806019,Gluten Free Banana Cream Pie,Elegant Elephant Baking Co.,527081,"6""",Guest Basket,0.4,11.2,11.2,12.1,0.5125,FALSE,Review before publishing,2026-10-01 10:41:27 UTC
948124,Ziggy Award Winner Iris Rhizome,RL Plants & Home Goods,703446,ea,Guest Basket,0.4,11.2,11.2,12.1,0.5125,FALSE,Review before publishing,2026-10-01 10:41:27 UTC
958464,Spinach  1/2 Lb.,Little Wings,718323,each,Guest Basket,0.4,5.46,5.46,5.9,0.5128,FALSE,Review before publishing,2026-10-01 10:41:27 UTC
964229,Green  Leaf Lettuce,Red Tail Growers,725669,each,Guest Basket,0.4,2.8,2.8,3.02,0.51,FALSE,Review before publishing,2026-10-01 10:41:27 UTC
975217,Desert Trails Iris Rhizome,RL Plants & Home Goods,740628,ea,Herd Share Members,0.4,11.2,11.2,12.1,0.5125,FALSE,Review before publishing,2026-10-01 10:41:27 UTC
806136,Roasted Garlic Tomato Sauce,Sweet Creek,527201,16 oz,Guest Basket,0.4,7.38,7.38,7.97,0.5123,FALSE,Review before publishing,2026-10-01 10:41:27 UTC
806140,"Salsa, Medium",Sweet Creek,527205,16 oz,Guest Basket,0.4,7.21,7.21,7.79,0.5126,FALSE,Review before publishing,2026-10-01 10:41:27 UTC
981428,Baby Red Onion,Organically Grown Company,749861,bu,Guest Basket,0.4,3.5,3.5,3.78,0.512,FALSE,Review before publishing,2026-10-01 10:41:27 UTC
806030,Gluten Free Brownie Bite with Chocolate Chips,Elegant Elephant Baking Co.,527092,each,CSA Members,0.4,3.5,3.5,3.78,0.512,FALSE,Review before publishing,2026-10-01 10:41:27 UTC
928741,Broccoli Microgreens,Lone Wolf Ranch,726764,2 oz pk,Guest Basket,0.4,7,7,7.56,0.512,FALSE,Review before publishing,2026-10-01 10:41:27 UTC
994208,Muncher Cucumber,Little Wings,767741,lb,Guest Basket,0.4,3.5,3.5,3.78,0.512,FALSE,Review before publishing,2026-10-01 10:41:27 UTC
1012966,Handcrafted Cedar Coasters,RL Plants & Home Goods,926994,5 pack,Herd Share Members,0.4,7,7,7.56,0.512,FALSE,Review before publishing,2026-10-01 10:41:27 UTC
1017030,Cornito Peppers,Grazier's Garden,802189,pound,CSA Members,0.4,5.25,5.25,5.67,0.512,FALSE,Review before publishing,2026-10-01 10:41:27 UTC
1022551,Travel Size Healing Stick,Granny Smith All Natural,810070,0.35 oz ea,CSA Members,0.4,6.86,7,7.56,0.5429,FALSE,Review local/Local Line price difference before publishing,2026-10-01 10:41:27 UTC
825832,Beef Kidney,Deck Family Farm,549811,0.80 - 1.00 lbs,CSA Members,0.6574,12.12,12.13,13.1,0.7921,FALSE,Review before publishing,2026-10-01 10:41:27 UTC
805693,"Honey Maple Ham, Sliced",Deck Family Farm,526746,8 oz,Guest Basket,0.6574,17.49,17.49,18.89,0.7905,FALSE,Review before publishing,2026-10-01 10:41:27 UTC
908804,Flax Seed,Camas Country Mill,653619,3 lb. bag,Guest Basket,0.4,20.3,20.3,21.92,0.5117,FALSE,Review before publishing,2026-10-01 10:41:27 UTC
908804,Flax Seed,Camas Country Mill,653619,3 lb. bag,CSA Members,0.4,20.3,20.3,21.92,0.5117,FALSE,Review before publishing,2026-10-01 10:41:27 UTC
1018199,Purple Top Turnip,Full Farm CSA,803763,lb,CSA Members,0.4,2.52,2.52,2.72,0.5111,FALSE,Review before publishing,2026-10-01 10:41:27 UTC
1010693,Deck Family Farm Insulated Bag,Full Farm CSA,793235,Blue Bag,CSA Members,0.4,24.81,24.81,26.79,0.5119,FALSE,Review before publishing,2026-10-01 10:41:27 UTC
899377,Granny Smith Apple (WA),Organically Grown Company,641182,ea,Guest Basket,0.4,1.26,1.26,1.36,0.5111,FALSE,Review before publishing,2026-10-01 10:41:27 UTC
805925,Green Scallions,Camas Swale Farm,526985,each,Guest Basket,0.4,2.8,2.8,3.02,0.51,FALSE,Review before publishing,2026-10-01 10:41:27 UTC
813076,Beef Oxtail,Deck Family Farm,535106,1.40 - 1.90 lbs,CSA Members,0.6574,19.24,19.24,20.78,0.7898,FALSE,Review before publishing,2026-10-01 10:41:27 UTC
1016432,#2 Juicing Carrots,Full Farm CSA,801261,pound,CSA Members,0.4,1.4,1.4,1.51,0.51,FALSE,Review before publishing,2026-10-01 10:41:27 UTC
806085,Blueberry Apple Sauce,Sweet Creek,527149,each,Guest Basket,0.4,8.96,8.96,9.68,0.5125,FALSE,Review before publishing,2026-10-01 10:41:27 UTC
806081,Blackberry Fruit Spread,Sweet Creek,527145,10 oz,Guest Basket,0.4,6.27,6.27,6.77,0.5112,FALSE,Review before publishing,2026-10-01 10:41:27 UTC
806020,Blackberry Herbalism Kombucha,BNF Kombucha and Jun,527082,16 fl. oz,CSA Members,0.4,4.68,4.68,5.05,0.512,FALSE,Review before publishing,2026-10-01 10:41:27 UTC
805932,Shallots,Red Tail Growers,526992,1 lb,Guest Basket,0.4,5.6,5.6,6.05,0.5125,FALSE,Review before publishing,2026-10-01 10:41:27 UTC
1018720,Radiant Roasters Chiapas Mexico Light Roast Ground Coffee,Radiant Coffee Roasters,804434,12 oz bag,Guest Basket,0.4,16.8,16.8,18.14,0.5117,FALSE,Review before publishing,2026-10-01 10:41:27 UTC
806137,Three Sisters Porridge,Camas Country Mill,527202,4 lbs,Guest Basket,0.4,18.55,18.55,20.03,0.5117,FALSE,Review before publishing,2026-10-01 10:41:27 UTC
832550,Tote Bag,Full Farm CSA,558207,ea,Herd Share Members,0.4,18.2,18.2,19.66,0.5123,FALSE,Review before publishing,2026-10-01 10:41:27 UTC
1038295,Sugar Plum Kombucha,BNF Kombucha and Jun,836567,ea,CSA Members,0.4,4.68,4.68,5.05,0.512,FALSE,Review before publishing,2026-10-01 10:41:27 UTC
805703,Lamb Neck Slices,Deck Family Farm,526756,1.10 - 1.50 lbs,CSA Members,0.6574,18.08,18.08,19.53,0.7901,FALSE,Review before publishing,2026-10-01 10:41:27 UTC
1128174,Spinach (1/2 lb),Grazier's Garden,961510,bag,Guest Basket,0.4,6.02,6.02,6.5,0.5116,FALSE,Review before publishing,2026-10-01 10:41:27 UTC
813078,Pork Bones,Deck Family Farm,535108,3.00 - 5.00 lbs,CSA Members,0.6574,8.97,8.97,9.69,0.7911,FALSE,Review before publishing,2026-10-01 10:41:27 UTC
825835,Lamb Bones,Deck Family Farm,549814,3.00 - 5.00 lbs,Guest Basket,0.6574,8.97,8.97,9.69,0.7911,FALSE,Review before publishing,2026-10-01 10:41:27 UTC
805663,"Rendered Beef Tallow, 16 oz",Deck Family Farm's Hyland Artisinal Meats,547722,16 oz,Guest Basket,0.6574,17.93,17.93,19.36,0.7893,FALSE,Review before publishing,2026-10-01 10:41:27 UTC
816905,Cajun Chaurice Sausage Links,Deck Family Farm's Hyland Artisinal Meats,539546,4 links/ pack 14 oz pack,Guest Basket,0.6574,17.93,17.93,19.36,0.7893,FALSE,Review before publishing,2026-10-01 10:41:27 UTC
827440,Olympia Provisions Frankfurter,Deck Family Farm,551690,12 oz,CSA Members,0.6574,17.93,17.93,19.36,0.7893,FALSE,Review before publishing,2026-10-01 10:41:27 UTC
913650,Thai Curry Sausage Links,Deck Family Farm's Hyland Artisinal Meats,659186,4 links/ pack 14 oz pack,CSA Members,0.6574,17.93,17.93,19.36,0.7893,FALSE,Review before publishing,2026-10-01 10:41:27 UTC
812618,Fresh Red Onion,Camas Swale Farm,534486,pound,Guest Basket,0.4,2.24,2.24,2.42,0.5125,FALSE,Review before publishing,2026-10-01 10:41:27 UTC
874465,Red Tail Fall Salad  Mix,Red Tail Growers,608581,1/2 lb. bag,Guest Basket,0.4,5.95,5.95,6.43,0.5129,FALSE,Review before publishing,2026-10-01 10:41:27 UTC
805906,Fresh Thyme,Red Tail Growers,526964,each,Guest Basket,0.4,2.8,2.8,3.02,0.51,FALSE,Review before publishing,2026-10-01 10:41:27 UTC
806030,Gluten Free Brownie Bite with Chocolate Chips,Elegant Elephant Baking Co.,527092,each,Guest Basket,0.4,3.5,3.5,3.78,0.512,FALSE,Review before publishing,2026-10-01 10:41:27 UTC
890656,Broccoli,Camas Swale Farm,630145,1 lb,Herd Share Members,0.4,3.5,3.5,3.78,0.512,FALSE,Review before publishing,2026-10-01 10:41:27 UTC
806090,Garlic Dill Popcorn,Lonesome Whistle,527154,0.4 lb bag,Guest Basket,0.4,5.6,5.6,6.05,0.5125,FALSE,Review before publishing,2026-10-01 10:41:27 UTC
806093,Jalapeno Cheddar Popcorn,Lonesome Whistle,527157,0.4 lb bag,Guest Basket,0.4,5.6,5.6,6.05,0.5125,FALSE,Review before publishing,2026-10-01 10:41:27 UTC
806100,Dakota Black Kettle Corn,Lonesome Whistle,527164,0.4 lb bag,Guest Basket,0.4,5.6,5.6,6.05,0.5125,FALSE,Review before publishing,2026-10-01 10:41:27 UTC
1013987,Smoked Pork Hocks -Skin-on and Smoked,Deck Family Farm,798011,0.8 - 1.2 lbs,Guest Basket,0.6574,14.8,14.8,15.98,0.7895,FALSE,Review before publishing,2026-10-01 10:41:27 UTC
874466,Red Little Gem Lettuce,Red Tail Growers,608582,ea,Guest Basket,0.4,2.45,2.45,2.65,0.5143,FALSE,Review before publishing,2026-10-01 10:41:27 UTC
806113,Just Apple Apple Sauce,Sweet Creek,527178,32 oz,Guest Basket,0.4,8.43,8.43,9.1,0.5116,FALSE,Review before publishing,2026-10-01 10:41:27 UTC
805990,Purple Scallions,Little Wings,527049,each,Guest Basket,0.4,2.8,2.8,3.02,0.51,FALSE,Review before publishing,2026-10-01 10:41:27 UTC
806124,Brazil Cerrado Miniero - Dark Roast Coffee Beans,Radiant Coffee Roasters,527189,12 oz,CSA Members,0.4,16.8,16.8,18.14,0.5117,FALSE,Review before publishing,2026-09-07 10:42:10 UTC
806131,Radiant Decaf Columbia Coffee Beans,Radiant Coffee Roasters,527196,12 oz,Guest Basket,0.4,18.2,18.2,19.66,0.5123,FALSE,Review before publishing,2026-10-01 10:41:27 UTC
897404,Pepi Dwarf Iris Rhizome,RL Plants & Home Goods,638661,ea,Herd Share Members,0.4,8.4,8.4,9.07,0.5117,FALSE,Review before publishing,2026-10-01 10:41:27 UTC
919071,Brazil Cerrado Miniero - Dark Roast Ground Coffee,Radiant Coffee Roasters,664925,12 oz,CSA Members,0.4,16.8,16.8,18.14,0.5117,FALSE,Review before publishing,2026-09-07 10:42:10 UTC
925432,Radiant Breakfast Blend - Light Roast Ground Coffee,Radiant Coffee Roasters,673001,12 oz,CSA Members,0.4,16.8,16.8,18.14,0.5117,FALSE,Review before publishing,2026-10-01 10:41:27 UTC
975655,Frozen Golden Cherry Tomatoes,Grazier's Garden,741109,lb,CSA Members,0.4,5.6,5.6,6.05,0.5125,FALSE,Review before publishing,2026-10-01 10:41:27 UTC
1018720,Radiant Roasters Chiapas Mexico Light Roast Ground Coffee,Radiant Coffee Roasters,804434,12 oz bag,CSA Members,0.4,16.8,16.8,18.14,0.5117,FALSE,Review before publishing,2026-10-01 10:41:27 UTC
1049948,Mini Butternut Squash,Full Farm CSA,854210,each,CSA Members,0.4,2.8,2.8,3.02,0.51,FALSE,Review before publishing,2026-10-01 10:41:27 UTC
1071880,Winter Carrots,Full Farm CSA,880836,2# bag,Herd Share Members,0.4,5.6,5.6,6.05,0.5125,FALSE,Review before publishing,2026-06-08 10:42:18 UTC
805832,Spinach  1/2 Lb.,Small is Beautiful Farm,526889,each,Guest Basket,0.4,5.6,5.6,6.05,0.5125,FALSE,Review before publishing,2026-10-01 10:41:27 UTC
824215,Purple curly kale,Camas Swale Farm,547697,ea,Guest Basket,0.4,2.8,2.8,3.02,0.51,FALSE,Review before publishing,2026-10-01 10:41:27 UTC
812532,Red Russian Kale,Little Wings,534390,bu,Guest Basket,0.4,3.22,3.22,3.48,0.513,FALSE,Review before publishing,2026-10-01 10:41:27 UTC
806129,Pardina Brown Lentils,Camas Country Mill,527194,3 lbs,Guest Basket,0.4,15.12,15.12,16.33,0.512,FALSE,Review before publishing,2026-10-01 10:41:27 UTC
1026135,Old King Charcoal Soap Bar- Cedarwood and Fir,Granny Smith All Natural,815780,4.5 oz ea,Guest Basket,0.4,8.33,8.33,9,0.5126,FALSE,Review before publishing,2026-10-01 10:41:27 UTC
805873,Butternut Squash,Full Farm CSA,526931,3-4 lbs each,Guest Basket,0.4,4.09,4.09,4.42,0.5137,FALSE,Review before publishing,2026-10-01 10:41:27 UTC
964205,Tropea onion,Camas Swale Farm,725640,bu,Guest Basket,0.4,3.29,3.29,3.55,0.5106,FALSE,Review before publishing,2026-10-01 10:41:27 UTC
1133725,Anaheim Pepper,Organically Grown Company,969104,1 lb,Guest Basket,0.4,8.19,8.19,8.85,0.5128,FALSE,Review before publishing,2026-10-01 10:41:27 UTC
894282,"Skirt Steak, Small",Deck Family Farm,634545,"Small, 0.40 - 0.79 lbs",Guest Basket,0.6574,13.87,13.87,14.98,0.7897,FALSE,Review before publishing,2026-10-01 10:41:27 UTC
1033694,Oregon Peppermint Fields Soap Bar,Granny Smith All Natural,829893,4.5 oz ea,Guest Basket,0.4,8.33,8.33,9,0.5126,FALSE,Review before publishing,2026-10-01 10:41:27 UTC
805694,Tamari Pressed Beef Jerky,Deck Family Farm,526747,3 oz,Guest Basket,0.6574,8.97,8.97,9.69,0.7911,FALSE,Review before publishing,2026-10-01 10:41:27 UTC
818963,Greek Loukaniko Sausage Links,Deck Family Farm's Hyland Artisinal Meats,541754,4 links/ pack 14 oz pack,CSA Members,0.6574,17.93,17.93,19.36,0.7893,FALSE,Review before publishing,2026-10-01 10:41:27 UTC
806046,Gluten Free Dinner Rolls,Elegant Elephant Baking Co.,527110,bag of 6,CSA Members,0.4,8.05,8.05,8.69,0.5113,FALSE,Review before publishing,2026-10-01 10:41:27 UTC
806138,"Salsa, Hot",Sweet Creek,527203,16 oz,Guest Basket,0.4,5.18,5.18,5.59,0.5108,FALSE,Review before publishing,2026-10-01 10:41:27 UTC
1058758,Red Mustard Mizuna,Organically Grown Company,865050,ea,Herd Share Members,0.4,3.22,3.22,3.48,0.513,FALSE,Review before publishing,2026-10-01 10:41:27 UTC
897010,Dry Herb Mix,River Ranch Oregon Olive OIl,638080,ea 1 ounce jar,CSA Members,0.4,9.8,9.8,10.58,0.5114,FALSE,Review before publishing,2026-10-01 10:41:27 UTC
1026135,Old King Charcoal Soap Bar- Cedarwood and Fir,Granny Smith All Natural,815780,4.5 oz ea,CSA Members,0.4,8.33,8,8.64,0.4521,FALSE,Review local/Local Line price difference before publishing,2026-10-01 10:41:27 UTC
1026137,Shampoo Bar-  Lemongrass,Granny Smith All Natural,815782,4.5 oz ea,CSA Members,0.4,8.33,8,8.64,0.4521,FALSE,Review local/Local Line price difference before publishing,2026-10-01 10:41:27 UTC
805936,Fresh Oregano,Grazier's Garden,526996,Bunch,Guest Basket,0.4,2.8,2.8,3.02,0.51,FALSE,Review before publishing,2026-10-01 10:41:27 UTC
806119,Mushroom Tomato Sauce,Sweet Creek,527184,16 oz,Guest Basket,0.4,7.9,7.9,8.53,0.5124,FALSE,Review before publishing,2026-10-01 10:41:27 UTC
806056,Raspberry Reishi Jun,BNF Kombucha and Jun,527120,16 fl. oz,Guest Basket,0.4,5.25,5.25,5.67,0.512,FALSE,Review before publishing,2026-10-01 10:41:27 UTC
806056,Raspberry Reishi Jun,BNF Kombucha and Jun,527120,16 fl. oz,CSA Members,0.4,5.25,5.25,5.67,0.512,FALSE,Review before publishing,2026-10-01 10:41:27 UTC
806126,Pickled Beets,Sweet Creek,527191,16 oz,CSA Members,0.4,7.83,7.83,8.46,0.5134,FALSE,Review before publishing,2026-10-01 10:41:27 UTC
806138,"Salsa, Hot",Sweet Creek,527203,16 oz,CSA Members,0.4,5.18,5.18,5.59,0.5108,FALSE,Review before publishing,2026-10-01 10:41:27 UTC
805748,Dark Purple Iris Rhizome,RL Plants & Home Goods,526803,each,Guest Basket,0.4,5.6,5.6,6.05,0.5125,FALSE,Review before publishing,2026-10-01 10:41:27 UTC
806063,Brown Teff Flour,Camas Country Mill,527127,3 lbs,Guest Basket,0.4,15.47,15.47,16.71,0.5122,FALSE,Review before publishing,2026-10-01 10:41:27 UTC
1016432,#2 Juicing Carrots,Full Farm CSA,801261,pound,Guest Basket,0.4,1.4,1.4,1.51,0.51,FALSE,Review before publishing,2026-10-01 10:41:27 UTC
806043,Flavor Infused Olive Oil- Garlic 100mL,River Ranch Oregon Olive OIl,527107,3.38 oz. 100mL,CSA Members,0.4,15.33,15.33,16.56,0.5123,FALSE,Review before publishing,2026-10-01 10:41:27 UTC
806051,Flavor Infused Olive Oil- Rosemary and Basil 100mL,River Ranch Oregon Olive OIl,527115,3.38oz (100mL),CSA Members,0.4,15.33,15.33,16.56,0.5123,FALSE,Review before publishing,2026-10-01 10:41:27 UTC
1133723,"Kaiware, Purple Microgreens",Organically Grown Company,969102,2 oz ea,Guest Basket,0.4,7.63,7.63,8.24,0.5119,FALSE,Review before publishing,2026-10-01 10:41:27 UTC
1061161,Classic Pork Broth,Deck Family Farm's Hyland Artisinal Meats,868147,1 quart,Guest Basket,0.6574,13.01,13.01,14.05,0.7898,FALSE,Review before publishing,2026-10-01 10:41:27 UTC
806059,Skullcap Lemon Yerbe Mate Kombucha,BNF Kombucha and Jun,527124,16 fl. oz,Guest Basket,0.4,4.68,4.68,5.05,0.512,FALSE,Review before publishing,2026-10-01 10:41:27 UTC
1091602,Lacinato Kale,Grazier's Garden,905264,bu,Herd Share Members,0.4,4.2,3,3.24,0.08,FALSE,Review local/Local Line price difference before publishing,2026-10-01 10:41:27 UTC
883799,Unrendered Beef Tallow,Deck Family Farm,621045,2.00 - 3.70 lbs,Guest Basket,0.6574,12.78,12.78,13.8,0.7899,FALSE,Review before publishing,2026-10-01 10:41:27 UTC
806102,Rise & Shine Gluten Free Pancake Mix,Lonesome Whistle,527166,1.6 lbs,CSA Members,0.4,7.46,7.46,8.06,0.5122,FALSE,Review before publishing,2026-10-01 10:41:27 UTC
806104,Up & At 'Em Pancake Mix,Lonesome Whistle,527168,1.6 lbs,CSA Members,0.4,7.46,7.46,8.06,0.5122,FALSE,Review before publishing,2026-10-01 10:41:27 UTC
806026,Braided Challah (seeded),Reality Kitchen Nonprofit,527088,each,CSA Members,0.4,9.1,9.1,9.83,0.5123,FALSE,Review before publishing,2026-10-01 10:41:27 UTC
806118,Organic Corn Flour,Camas Country Mill,527183,2.5 lbs,CSA Members,0.4,15.12,15.12,16.33,0.512,FALSE,Review before publishing,2026-10-01 10:41:27 UTC
988809,Chioggia Beets,Camas Swale Farm,760367,1 Bunch,Guest Basket,0.4,3.29,3.29,3.55,0.5106,FALSE,Review before publishing,2026-10-01 10:41:27 UTC
806109,Jalapeno Relish,Sweet Creek,527174,each,CSA Members,0.4,14.7,14.7,15.88,0.5124,FALSE,Review before publishing,2026-10-01 10:41:27 UTC
806142,Strawberry Fruit Spread,Sweet Creek,527207,10 oz,CSA Members,0.4,7.35,7.35,7.94,0.5124,FALSE,Review before publishing,2026-10-01 10:41:27 UTC
980311,Green Zucchini,Little Wings,748218,1 lb,Guest Basket,0.4,2.45,2.45,2.65,0.5143,FALSE,Review before publishing,2026-10-01 10:41:27 UTC
1026141,"""It Really Woks!"" Deodorant- Lavender",Granny Smith All Natural,815789,2.5 oz ea,Guest Basket,0.4,14.7,14.7,15.88,0.5124,FALSE,Review before publishing,2026-10-01 10:41:27 UTC
806140,"Salsa, Medium",Sweet Creek,527205,16 oz,CSA Members,0.4,7.21,7.21,7.79,0.5126,FALSE,Review before publishing,2026-10-01 10:41:27 UTC
900158,Organic Blue Cornmeal,Camas Country Mill,642174,3 lb bag,CSA Members,0.4,14.56,14.56,15.72,0.5115,FALSE,Review before publishing,2026-10-01 10:41:27 UTC
806040,Moonfruit Yerbe Mate Kombucha,BNF Kombucha and Jun,527102,16 fl. oz,Guest Basket,0.4,4.68,4.68,5.05,0.512,FALSE,Review before publishing,2026-10-01 10:41:27 UTC
806045,Peach Rose Kombucha,BNF Kombucha and Jun,527109,16 fl. oz,Guest Basket,0.4,4.68,4.68,5.05,0.512,FALSE,Review before publishing,2026-10-01 10:41:27 UTC
900154,Holly's Dog Biscuit Mix,Camas Country Mill,642168,3 lb bag,Guest Basket,0.4,14,14,15.12,0.512,FALSE,Review before publishing,2026-10-01 10:41:27 UTC
915293,Cauliflower,Camas Swale Farm,661228,1 lb,Herd Share Members,0.4,3.5,3.5,3.78,0.512,FALSE,Review before publishing,2026-10-01 10:41:27 UTC
995640,Fresh Chocolate Mint,Grazier's Garden,770068,bu,Herd Share Members,0.4,3.5,3.5,3.78,0.512,FALSE,Review before publishing,2026-10-01 10:41:27 UTC
1021692,Rainbow Chard,Camas Swale Farm,808786,each,CSA Members,0.4,3.5,3.5,3.78,0.512,FALSE,Review before publishing,2026-10-01 10:41:27 UTC
805991,Red Radicchio,Red Tail Growers,527051,each,Guest Basket,0.4,3.29,3.29,3.55,0.5106,FALSE,Review before publishing,2026-10-01 10:41:27 UTC
806099,"Enchilada Red Sauce, Medium",Sweet Creek,527163,16 oz,Guest Basket,0.4,6.89,6.89,7.44,0.5122,FALSE,Review before publishing,2026-10-01 10:41:27 UTC
1094108,Travel Size Bug Repellent Stick,Granny Smith All Natural,908490,0.5 oz ea,Guest Basket,0.4,8.33,8.33,9,0.5126,FALSE,Review before publishing,2026-10-01 10:41:27 UTC
825834,Beef Marrow Bones,Deck Family Farm,549813,3.00 - 5.00 lbs,CSA Members,0.6574,13.46,13.46,14.54,0.7906,FALSE,Review before publishing,2026-10-01 10:41:27 UTC
805928,Sweet Salad Turnips,Red Tail Growers,526988,bu,Guest Basket,0.4,3.5,3.5,3.78,0.512,FALSE,Review before publishing,2026-10-01 10:41:27 UTC
812659,Cilantro,Little Wings,534527,bu,Guest Basket,0.4,2.8,2.8,3.02,0.51,FALSE,Review before publishing,2026-10-01 10:41:27 UTC
805831,Collard Greens,Organically Grown Company,526888,each,Guest Basket,0.4,2.31,2.31,2.49,0.5091,FALSE,Review before publishing,2026-10-01 10:41:27 UTC
911653,Celeriac,Organically Grown Company,656880,1 lb,Guest Basket,0.4,2.52,2.52,2.72,0.5111,FALSE,Review before publishing,2026-10-01 10:41:27 UTC
1019999,Classic Turkey Broth,Deck Family Farm's Hyland Artisinal Meats,806160,1 quart,Guest Basket,0.6574,13.01,13.01,14.05,0.7898,FALSE,Review before publishing,2026-10-01 10:41:27 UTC
813069,Teres Major Steak,Deck Family Farm,535099,0.40 - 0.70 lbs,CSA Members,0.6574,12.83,12.83,13.86,0.7907,FALSE,Review before publishing,2026-10-01 10:41:27 UTC
805918,Red Onion,Small is Beautiful Farm,526979,lb,Guest Basket,0.4,2.1,2.1,2.27,0.5133,FALSE,Review before publishing,2026-10-01 10:41:27 UTC
964209,Fresh Sage,Red Tail Growers,725644,each,Guest Basket,0.4,2.8,2.8,3.02,0.51,FALSE,Review before publishing,2026-10-01 10:41:27 UTC
998191,Mix Apples,Small is Beautiful Farm,774076,ea,Guest Basket,0.4,1.4,1.4,1.51,0.51,FALSE,Review before publishing,2026-10-01 10:41:27 UTC
1004866,Frozen Heirloom Tomatoes,Grazier's Garden,785038,Frozen Tomatoes,CSA Members,0.4,2.1,2.1,2.27,0.5133,FALSE,Review before publishing,2026-10-01 10:41:27 UTC
806089,Blueberry Fruit Spread,Sweet Creek,527153,10 oz,Guest Basket,0.4,6.27,6.27,6.77,0.5112,FALSE,Review before publishing,2026-10-01 10:41:27 UTC
806089,Blueberry Fruit Spread,Sweet Creek,527153,10 oz,CSA Members,0.4,6.27,6.27,6.77,0.5112,FALSE,Review before publishing,2026-10-01 10:41:27 UTC
806094,Organic Buckwheat Flour,Camas Country Mill,642172,3 lbs,CSA Members,0.4,12.88,12.88,13.91,0.512,FALSE,Review before publishing,2026-10-01 10:41:27 UTC
859074,Leeks,Organically Grown Company,588665,1 lb,CSA Members,0.4,2.8,2.8,3.02,0.51,FALSE,Review before publishing,2026-10-01 10:41:27 UTC
899373,Tropea onion,Full Farm CSA,641157,lb,Guest Basket,0.4,3.08,3.08,3.33,0.5136,FALSE,Review before publishing,2026-10-01 10:41:27 UTC
806125,Organic Spelt Flour,Camas Country Mill,642173,2 lb. Bag,CSA Members,0.4,12.11,12.11,13.08,0.5121,FALSE,Review before publishing,2026-10-01 10:41:27 UTC
806125,Organic Spelt Flour,Camas Country Mill,642173,2 lb. Bag,Guest Basket,0.4,12.11,12.11,13.08,0.5121,FALSE,Review before publishing,2026-10-01 10:41:27 UTC
806088,Maris Widgeon Macaroni,Lonesome Whistle,527152,0.5 lb bag,Guest Basket,0.4,5.6,5.6,6.05,0.5125,FALSE,Review before publishing,2026-10-01 10:41:27 UTC
903477,Toybox Cherry Tomatoes,Little Wings,646322,1 pt,Guest Basket,0.4,5.88,5.88,6.35,0.5119,FALSE,Review before publishing,2026-10-01 10:41:27 UTC
805958,Rainbow Chard,Grazier's Garden,527019,each,Guest Basket,0.4,3,3,3.24,0.514,FALSE,Review before publishing,2026-10-01 10:41:27 UTC
1058709,Fuji Apple (WA),Organically Grown Company,864990,ea,Guest Basket,0.4,1.26,1.26,1.36,0.5111,FALSE,Review before publishing,2026-10-01 10:41:27 UTC
805943,Red Jimmy Nardello Peppers,Little Wings,527003,1 lb,Guest Basket,0.4,5.6,5.6,6.05,0.5125,FALSE,Review before publishing,2026-10-01 10:41:27 UTC
806019,Gluten Free Banana Cream Pie,Elegant Elephant Baking Co.,527081,"6""",CSA Members,0.4,11.2,11.2,12.1,0.5125,FALSE,Review before publishing,2026-10-01 10:41:27 UTC
806035,Gluten Free Chocolate Cream Pie,Elegant Elephant Baking Co.,527097,"6""",Guest Basket,0.4,11.2,11.2,12.1,0.5125,FALSE,Review before publishing,2026-10-01 10:41:27 UTC
806035,Gluten Free Chocolate Cream Pie,Elegant Elephant Baking Co.,527097,"6""",CSA Members,0.4,11.2,11.2,12.1,0.5125,FALSE,Review before publishing,2026-10-01 10:41:27 UTC
806080,Cayenne Kettle Corn,Lonesome Whistle,527144,0.4 lb bag,CSA Members,0.4,5.6,5.6,6.05,0.5125,FALSE,Review before publishing,2026-10-01 10:41:27 UTC
901383,Open Your Eyes- Iris Rhizome,RL Plants & Home Goods,643631,ea,Guest Basket,0.4,11.2,11.2,12.1,0.5125,FALSE,Review before publishing,2026-10-01 10:41:27 UTC
901471,Bartlett Pears,Small is Beautiful Farm,643754,ea,Guest Basket,0.4,1.4,1.4,1.51,0.51,FALSE,Review before publishing,2026-10-01 10:41:27 UTC
912556,Red Chard,Red Tail Growers,657843,ea,Herd Share Members,0.4,2.8,2.8,3.02,0.51,FALSE,Review before publishing,2026-10-01 10:41:27 UTC
948124,Ziggy Award Winner Iris Rhizome,RL Plants & Home Goods,703446,ea,Herd Share Members,0.4,11.2,11.2,12.1,0.5125,FALSE,Review before publishing,2026-10-01 10:41:27 UTC
975215,I'm Back Iris Rhizome,RL Plants & Home Goods,740626,ea,Guest Basket,0.4,11.2,11.2,12.1,0.5125,FALSE,Review before publishing,2026-10-01 10:41:27 UTC
975217,Desert Trails Iris Rhizome,RL Plants & Home Goods,740628,ea,Guest Basket,0.4,11.2,11.2,12.1,0.5125,FALSE,Review before publishing,2026-10-01 10:41:27 UTC
1042571,Winter Beets,Small is Beautiful Farm,844557,2 lb bag,CSA Members,0.4,5.6,5.6,6.05,0.5125,FALSE,Review before publishing,2026-10-01 10:41:27 UTC
1042571,Winter Beets,Small is Beautiful Farm,844557,2 lb bag,Herd Share Members,0.4,5.6,5.6,6.05,0.5125,FALSE,Review before publishing,2026-10-01 10:41:27 UTC
1049948,Mini Butternut Squash,Full Farm CSA,854210,each,Guest Basket,0.4,2.8,2.8,3.02,0.51,FALSE,Review before publishing,2026-10-01 10:41:27 UTC
1106676,Leeks,Winter Green Farm,924713,1 lb,Guest Basket,0.4,2.8,2.8,3.02,0.51,FALSE,Review before publishing,2026-10-01 10:41:27 UTC
874966,Red Beets,Camas Swale Farm,609201,1 bunch,Guest Basket,0.4,3.29,3.29,3.55,0.5106,FALSE,Review before publishing,2026-10-01 10:41:27 UTC
805677,Chicken Liver,Deck Family Farm,526730,1/2 lb bag,CSA Members,0.6574,8.52,8.52,9.2,0.7899,FALSE,Review before publishing,2026-10-01 10:41:27 UTC
805911,Frisee Lettuce,Little Wings,526969,each,Guest Basket,0.4,3.5,3.5,3.78,0.512,FALSE,Review before publishing,2026-10-01 10:41:27 UTC
806164,Gluten Free Apple Pie,Elegant Elephant Baking Co.,527233,"6""",CSA Members,0.4,10.5,10.5,11.34,0.512,FALSE,Review before publishing,2026-10-01 10:41:27 UTC
813078,Pork Bones,Deck Family Farm,535108,3.00 - 5.00 lbs,Guest Basket,0.6574,8.97,8.97,9.69,0.7911,FALSE,Review before publishing,2026-10-01 10:41:27 UTC
883818,Rainbow Carrots,Camas Swale Farm,621070,1 bunch,Guest Basket,0.4,3.5,3.5,3.78,0.512,FALSE,Review before publishing,2026-10-01 10:41:27 UTC
914549,Lemon Balm,RL Plants & Home Goods,660244,bu,Herd Share Members,0.4,3.5,3.5,3.78,0.512,FALSE,Review before publishing,2026-10-01 10:41:27 UTC
1006108,Italian Frying Pepper,Red Tail Growers,786671,each,Guest Basket,0.4,3.5,3.5,3.78,0.512,FALSE,Review before publishing,2026-10-01 10:41:27 UTC
1133120,Baby Sweet Onion,Camas Swale Farm,968059,bunch,Guest Basket,0.4,3.5,3.5,3.78,0.512,FALSE,Review before publishing,2026-10-01 10:41:27 UTC
806086,Einkorn Fusilli,Lonesome Whistle,527150,0.5 lb bag,Guest Basket,0.4,4.66,4.66,5.03,0.5105,FALSE,Review before publishing,2026-10-01 10:41:27 UTC
983715,Green garlic,Organically Grown Company,919343,1/2 lb,Guest Basket,0.4,5.08,5.08,5.49,0.5124,FALSE,Review before publishing,2026-10-01 10:41:27 UTC
806123,Paul's Dill Pickles,Sweet Creek,527188,32 oz,CSA Members,0.4,10.11,10.11,10.92,0.5125,FALSE,Review before publishing,2026-10-01 10:41:27 UTC
1072323,Dried Heirloom Tomatoes,Small is Beautiful Farm,881484,2 oz bag,Guest Basket,0.4,9.1,9.1,9.83,0.5123,FALSE,Review before publishing,2026-10-01 10:41:27 UTC
806038,Gluten Free Chocolate Donut,Elegant Elephant Baking Co.,527100,each,Guest Basket,0.4,3.29,3.29,3.55,0.5106,FALSE,Review before publishing,2026-10-01 10:41:27 UTC
806038,Gluten Free Chocolate Donut,Elegant Elephant Baking Co.,527100,each,CSA Members,0.4,3.29,3.29,3.55,0.5106,FALSE,Review before publishing,2026-10-01 10:41:27 UTC
897016,Shiro plums,Small is Beautiful Farm,638086,dozen,Guest Basket,0.4,4.9,4.9,5.29,0.5114,FALSE,Review before publishing,2026-10-01 10:41:27 UTC
975222,Breaking Point Iris Rhizome,RL Plants & Home Goods,740640,ea,Guest Basket,0.4,9.8,9.8,10.58,0.5114,FALSE,Review before publishing,2026-10-01 10:41:27 UTC
1004526,Spice Lord Iris Rhizome (Bulb),RL Plants & Home Goods,784562,ea,Guest Basket,0.4,9.8,9.8,10.58,0.5114,FALSE,Review before publishing,2026-10-01 10:41:27 UTC
806130,Pickled Jalapenos,Sweet Creek,527195,16 oz,Guest Basket,0.4,8.83,8.83,9.54,0.5119,FALSE,Review before publishing,2026-10-01 10:41:27 UTC
812628,Tomatillos,Little Wings,534496,pound,Guest Basket,0.4,4.76,4.76,5.14,0.5118,FALSE,Review before publishing,2026-10-01 10:41:27 UTC
919246,Collard Greens,Camas Swale Farm,665174,each,Guest Basket,0.4,3.15,3.15,3.4,0.5111,FALSE,Review before publishing,2026-10-01 10:41:27 UTC
1108430,Baby Bok Choi,Little Wings,927191,Bunch,Guest Basket,0.4,3.15,3.15,3.4,0.5111,FALSE,Review before publishing,2026-10-01 10:41:27 UTC
806020,Blackberry Herbalism Kombucha,BNF Kombucha and Jun,527082,16 fl. oz,Guest Basket,0.4,4.68,4.68,5.05,0.512,FALSE,Review before publishing,2026-10-01 10:41:27 UTC
806036,Mango Marigold Kombucha,BNF Kombucha and Jun,527098,16 fl. oz,Guest Basket,0.4,4.68,4.68,5.05,0.512,FALSE,Review before publishing,2026-10-01 10:41:27 UTC
1038295,Sugar Plum Kombucha,BNF Kombucha and Jun,836567,ea,Guest Basket,0.4,4.68,4.68,5.05,0.512,FALSE,Review before publishing,2026-10-01 10:41:27 UTC
1005221,Red Onion,Small is Beautiful Farm,785525,lb,Guest Basket,0.4,2.8,2.8,3.02,0.51,FALSE,Review before publishing,2026-10-01 10:41:27 UTC
941045,"Rendered Beef Tallow, 8 oz",Deck Family Farm's Hyland Artisinal Meats,695051,8 oz,CSA Members,0.6574,8.97,8.97,9.69,0.7911,FALSE,Review before publishing,2026-10-01 10:41:27 UTC
806130,Pickled Jalapenos,Sweet Creek,527195,16 oz,CSA Members,0.4,8.83,8.83,9.54,0.5119,FALSE,Review before publishing,2026-10-01 10:41:27 UTC
806032,Gluten Free Cheddar Rolls,Elegant Elephant Baking Co.,527094,bag of 4,Guest Basket,0.4,8.75,8.75,9.45,0.512,FALSE,Review before publishing,2026-10-01 10:41:27 UTC
806092,Cinnamon Apple Sauce,Sweet Creek,527156,32 oz,Guest Basket,0.4,8.43,8.43,9.1,0.5116,FALSE,Review before publishing,2026-10-01 10:41:27 UTC
805749,Hen and Chicks Succulents,RL Plants & Home Goods,526804,each,Guest Basket,0.4,4.2,4.2,4.54,0.5133,FALSE,Review before publishing,2026-10-01 10:41:27 UTC
805750,Sedum Palmeri Succulents,RL Plants & Home Goods,526805,each,Guest Basket,0.4,5.6,5.6,6.05,0.5125,FALSE,Review before publishing,2026-10-01 10:41:27 UTC
805751,"Sedum Rupestre ""Blue Spruce""",RL Plants & Home Goods,526806,each,Guest Basket,0.4,5.6,5.6,6.05,0.5125,FALSE,Review before publishing,2026-10-01 10:41:27 UTC
805822,Spring Onion Bunch,Winter Green Farm,526879,1 bunch,Guest Basket,0.4,4.2,4.2,4.54,0.5133,FALSE,Review before publishing,2026-10-01 10:41:27 UTC
805922,Green Tomatoes,Grazier's Garden,526982,1 lb,Herd Share Members,0.4,2.8,2.8,3.02,0.51,FALSE,Review before publishing,2026-10-01 10:41:27 UTC
806041,Gluten Free Cinnamon Roll Pan,Elegant Elephant Baking Co.,527105,"6""",CSA Members,0.4,8.4,8.4,9.07,0.5117,FALSE,Review before publishing,2026-10-01 10:41:27 UTC
821704,Acorn squash,Full Farm CSA,544783,1 Each,CSA Members,0.4,3.5,3.5,3.78,0.512,FALSE,Review before publishing,2026-10-01 10:41:27 UTC
975212,Giddy Iris Rhizome (Standard Dwarf Bearded),RL Plants & Home Goods,740622,ea,Guest Basket,0.4,8.4,8.4,9.07,0.5117,FALSE,Review before publishing,2026-10-01 10:41:27 UTC
975212,Giddy Iris Rhizome (Standard Dwarf Bearded),RL Plants & Home Goods,740622,ea,Herd Share Members,0.4,8.4,8.4,9.07,0.5117,FALSE,Review before publishing,2026-10-01 10:41:27 UTC
986027,Shishito Peppers,Grazier's Garden,756207,1/2 lb,Guest Basket,0.4,4.2,4.2,4.54,0.5133,FALSE,Review before publishing,2026-10-01 10:41:27 UTC
1108544,Purple Radish,Little Wings,927365,bu,Guest Basket,0.4,3.15,3.15,3.4,0.5111,FALSE,Review before publishing,2026-10-01 10:41:27 UTC
1026134,Lavender Goodness Soap Bar,Granny Smith All Natural,815779,4.5 oz ea,Guest Basket,0.4,8.33,8.33,9,0.5126,FALSE,Review before publishing,2026-10-01 10:41:27 UTC
1026136,Gardener's Scrub Soap Bar- Lemongrass and Rosemary,Granny Smith All Natural,815781,4.5 oz ea,Guest Basket,0.4,8.33,8.33,9,0.5126,FALSE,Review before publishing,2026-10-01 10:41:27 UTC
1026139,Shampoo Bar-  Honeysuckle,Granny Smith All Natural,815785,4.5 oz ea,Guest Basket,0.4,8.33,8.33,9,0.5126,FALSE,Review before publishing,2026-10-01 10:41:27 UTC
1026139,Shampoo Bar-  Honeysuckle,Granny Smith All Natural,815785,4.5 oz ea,CSA Members,0.4,8.33,8,8.64,0.4521,FALSE,Review local/Local Line price difference before publishing,2026-10-01 10:41:27 UTC
1058759,Watercress,Organically Grown Company,865051,bu,Guest Basket,0.4,3.6,3.6,3.89,0.5136,FALSE,Review before publishing,2026-10-01 10:41:27 UTC
806126,Pickled Beets,Sweet Creek,527191,16 oz,Guest Basket,0.4,7.83,7.83,8.46,0.5134,FALSE,Review before publishing,2026-10-01 10:41:27 UTC
806095,Dill Relish,Sweet Creek,527160,16 oz,Guest Basket,0.4,7.76,7.76,8.38,0.5126,FALSE,Review before publishing,2026-10-01 10:41:27 UTC
806146,Tomatillo Salsa,Sweet Creek,527211,16 oz,Guest Basket,0.4,7.67,7.67,8.28,0.5109,FALSE,Review before publishing,2026-10-01 10:41:27 UTC
1133722,"Kaiware, Green Microgreens",Organically Grown Company,969101,2 oz ea,Guest Basket,0.4,7.63,7.63,8.24,0.5119,FALSE,Review before publishing,2026-10-01 10:41:27 UTC
805790,"Mixed Apple ""Seconds""",Small is Beautiful Farm,526846,each,Guest Basket,0.4,0.7,0.7,0.76,0.52,FALSE,Review before publishing,2026-10-01 10:41:27 UTC
806104,Up & At 'Em Pancake Mix,Lonesome Whistle,527168,1.6 lbs,Guest Basket,0.4,7.46,7.46,8.06,0.5122,FALSE,Review before publishing,2026-10-01 10:41:27 UTC
812532,Red Russian Kale,Little Wings,534390,bu,CSA Members,0.4,3.22,3.22,3.48,0.513,FALSE,Review before publishing,2026-10-01 10:41:27 UTC
806055,Gluten Free Mini Banana Bread Loaf,Elegant Elephant Baking Co.,527119,each,CSA Members,0.4,7,7,7.56,0.512,FALSE,Review before publishing,2026-10-01 10:41:27 UTC
806065,Gluten Free Seven Layer Cookie,Elegant Elephant Baking Co.,527128,each,CSA Members,0.4,3.5,3.5,3.78,0.512,FALSE,Review before publishing,2026-10-01 10:41:27 UTC
806065,Gluten Free Seven Layer Cookie,Elegant Elephant Baking Co.,527128,each,Guest Basket,0.4,3.5,3.5,3.78,0.512,FALSE,Review before publishing,2026-10-01 10:41:27 UTC
897018,Lavender Olive Oil Sugar Scrub,River Ranch Oregon Olive OIl,638088,ea  4oz. jar,Guest Basket,0.4,7,7,7.56,0.512,FALSE,Review before publishing,2026-10-01 10:41:27 UTC
912730,Hakurei Turnips,Little Wings,658104,1 bunch,Guest Basket,0.4,3.5,3.5,3.78,0.512,FALSE,Review before publishing,2026-10-01 10:41:27 UTC
964210,Fresh Thyme,Grazier's Garden,725645,each,Guest Basket,0.4,3.99,3.99,4.31,0.5123,FALSE,Review before publishing,2026-10-01 10:41:27 UTC
987329,Cauliflower,Camas Swale Farm,758110,ea,Guest Basket,0.4,7,7,7.56,0.512,FALSE,Review before publishing,2026-10-01 10:41:27 UTC
1131919,Cone Cabbage,Camas Swale Farm,966334,ea,Guest Basket,0.4,3.5,3.5,3.78,0.512,FALSE,Review before publishing,2026-10-01 10:41:27 UTC
805981,Savoy Cabbage,Organically Grown Company,527041,each,Guest Basket,0.4,3.15,3.15,3.4,0.5111,FALSE,Review before publishing,2026-10-01 10:41:27 UTC
897629,Emmer Farro,Lonesome Whistle,638988,1.25 lb Bag,Guest Basket,0.4,6.3,6.3,6.8,0.5111,FALSE,Review before publishing,2026-10-01 10:41:27 UTC
1094879,"""Sanitize Naturally"" Hand Sanitizer Spray w/ Lemongrass, Orange & Peppermint Essential Oils",Granny Smith All Natural,909473,1 oz ea,Guest Basket,0.4,6.86,6.86,7.41,0.5122,FALSE,Review before publishing,2026-10-01 10:41:27 UTC
862903,Italian Kale Raab,Organically Grown Company,592913,bu,Herd Share Members,0.4,3.22,3.22,3.48,0.513,FALSE,Review before publishing,2026-10-01 10:41:27 UTC
1058758,Red Mustard Mizuna,Organically Grown Company,865050,ea,CSA Members,0.4,3.22,3.22,3.48,0.513,FALSE,Review before publishing,2026-10-01 10:41:27 UTC
1131456,Pink Raspberries,Organically Grown Company,965788,1/2 pt,Guest Basket,0.4,6.44,6.44,6.96,0.513,FALSE,Review before publishing,2026-10-01 10:41:27 UTC
805938,Sunchokes,Organically Grown Company,526998,1 lb,Guest Basket,0.4,5.74,5.74,6.2,0.5122,FALSE,Review before publishing,2026-10-01 10:41:27 UTC
805944,Poblano Peppers,Little Wings,527004,1 lb,Guest Basket,0.4,6.3,6.3,6.8,0.5111,FALSE,Review before publishing,2026-10-01 10:41:27 UTC
897631,Dark Northern Rye Flour,Lonesome Whistle,638990,1.6 lbs,CSA Members,0.4,6.3,6.3,6.8,0.5111,FALSE,Review before publishing,2026-10-01 10:41:27 UTC
928528,Tetsakabuto Winter Squash,Full Farm CSA,676672,ea,Guest Basket,0.4,5.6,5.6,6.05,0.5125,FALSE,Review before publishing,2026-10-01 10:41:27 UTC
805929,Hungarian Hot Wax Pepper,Little Wings,526989,lb.,Herd Share Members,0.4,5.95,5.95,6.43,0.5129,FALSE,Review before publishing,2026-10-01 10:41:27 UTC
1129572,Purple Kohlrabi,Little Wings,963331,1 lb,Guest Basket,0.4,3.15,3.15,3.4,0.5111,FALSE,Review before publishing,2026-10-01 10:41:27 UTC
805997,Red Butterhead Lettuce,Little Wings,527057,each,Guest Basket,0.4,2.8,2.8,3.02,0.51,FALSE,Review before publishing,2026-10-01 10:41:27 UTC
910701,Shishito Pepper Pint,Grazier's Garden,655777,each,CSA Members,0.4,4.2,4.2,4.54,0.5133,FALSE,Review before publishing,2026-10-01 10:41:27 UTC
976636,Red Leaf Lettuce,Red Tail Growers,742475,ea,Guest Basket,0.4,2.8,2.8,3.02,0.51,FALSE,Review before publishing,2026-10-01 10:41:27 UTC
1058709,Fuji Apple (WA),Organically Grown Company,864990,ea,CSA Members,0.4,1.26,1.35,1.46,0.6222,FALSE,Review local/Local Line price difference before publishing,2026-10-01 10:41:27 UTC
1091676,Red Radish,Red Tail Growers,905380,each,Guest Basket,0.4,2.8,2.8,3.02,0.51,FALSE,Review before publishing,2026-10-01 10:41:27 UTC
1106688,Chunks of Sweetmeat Squash,Small is Beautiful Farm,924741,bag,Guest Basket,0.4,5.6,5.6,6.05,0.5125,FALSE,Review before publishing,2026-10-01 10:41:27 UTC
806023,Ginger Turmeric Jun,BNF Kombucha and Jun,527085,16 fl. oz,Guest Basket,0.4,5.25,5.25,5.67,0.512,FALSE,Review before publishing,2026-10-01 10:41:27 UTC
806049,Pear Jun,BNF Kombucha and Jun,527113,16 fl. oz,Guest Basket,0.4,5.25,5.25,5.67,0.512,FALSE,Review before publishing,2026-10-01 10:41:27 UTC
806049,Pear Jun,BNF Kombucha and Jun,527113,16 fl. oz,CSA Members,0.4,5.25,5.25,5.67,0.512,FALSE,Review before publishing,2026-10-01 10:41:27 UTC
806007,Pink Beauty Radish,Winter Green Farm,527067,each,Herd Share Members,0.4,2.45,2.45,2.65,0.5143,FALSE,Review before publishing,2026-10-01 10:41:27 UTC
976879,Strawberry Mint Kombucha,BNF Kombucha and Jun,742884,ea,Guest Basket,0.4,4.68,4.68,5.05,0.512,FALSE,Review before publishing,2026-10-01 10:41:27 UTC
805940,Pea Shoots,Little Wings,527000,4 oz,Guest Basket,0.4,4.55,4.55,4.91,0.5108,FALSE,Review before publishing,2026-10-01 10:41:27 UTC
928531,Red Skinned Daikon Radish,Winter Green Farm,676675,lb,Guest Basket,0.4,4.48,4.48,4.84,0.5125,FALSE,Review before publishing,2026-10-01 10:41:27 UTC
997517,Winterbor Mixed Curly Kale Bunch,Grazier's Garden,772950,bu,Guest Basket,0.4,4.2,4.2,4.54,0.5133,FALSE,Review before publishing,2026-10-01 10:41:27 UTC
1012966,Handcrafted Cedar Coasters,RL Plants & Home Goods,796544,2 pack,Herd Share Members,0.4,4.2,4.2,4.54,0.5133,FALSE,Review before publishing,2026-10-01 10:41:27 UTC
1107077,Fresh Sage,Grazier's Garden,925321,bu,Guest Basket,0.4,3.99,3.99,4.31,0.5123,FALSE,Review before publishing,2026-10-01 10:41:27 UTC
1058758,Red Mustard Mizuna,Organically Grown Company,865050,ea,Guest Basket,0.4,3.22,3.22,3.48,0.513,FALSE,Review before publishing,2026-10-01 10:41:27 UTC
928741,Broccoli Microgreens,Lone Wolf Ranch,676917,1 oz. pk,Guest Basket,0.4,3.5,3.5,3.78,0.512,FALSE,Review before publishing,2026-10-01 10:41:27 UTC
995640,Fresh Chocolate Mint,Grazier's Garden,770068,bu,Guest Basket,0.4,3.5,3.5,3.78,0.512,FALSE,Review before publishing,2026-10-01 10:41:27 UTC
982583,Green Kohlrabi,Little Wings,751076,1 bunch,Guest Basket,0.4,3.15,3.15,3.4,0.5111,FALSE,Review before publishing,2026-10-01 10:41:27 UTC
805893,Fava Beans,Little Wings,526952,1 lb,Guest Basket,0.4,3.08,3.08,3.33,0.5136,FALSE,Review before publishing,2026-10-01 10:41:27 UTC
1128173,Salad Turnips (Hakurei),Grazier's Garden,961508,bu,Guest Basket,0.4,3.01,3.01,3.25,0.5116,FALSE,Review before publishing,2026-10-01 10:41:27 UTC
805813,Fresh Rosemary,Grazier's Garden,526870,each,Herd Share Members,0.4,2.8,2.8,3.02,0.51,FALSE,Review before publishing,2026-10-01 10:41:27 UTC
805866,Ho mi Zi (asian mustard heads),Camas Swale Farm,526924,each,Guest Basket,0.4,2.8,2.8,3.02,0.51,FALSE,Review before publishing,2026-10-01 10:41:27 UTC
879552,Green Garlic,Red Tail Growers,615273,bu,Guest Basket,0.4,2.8,2.8,3.02,0.51,FALSE,Review before publishing,2026-10-01 10:41:27 UTC
912556,Red Chard,Red Tail Growers,657843,ea,Guest Basket,0.4,2.8,2.8,3.02,0.51,FALSE,Review before publishing,2026-10-01 10:41:27 UTC
976168,French Breakfast Radish,Grazier's Garden,741892,Bunch,Guest Basket,0.4,2.8,2.8,3.02,0.51,FALSE,Review before publishing,2026-10-01 10:41:27 UTC
1121876,Bok choi raab-,Camas Swale Farm,950198,bu,Guest Basket,0.4,2.8,2.8,3.02,0.51,FALSE,Review before publishing,2026-10-01 10:41:27 UTC
1129571,Green Kohlrabi,Little Wings,963330,1 lb,Guest Basket,0.4,3.15,3.15,3.4,0.5111,FALSE,Review before publishing,2026-10-01 10:41:27 UTC
806007,Pink Beauty Radish,Winter Green Farm,527067,each,Guest Basket,0.4,2.45,2.45,2.65,0.5143,FALSE,Review before publishing,2026-10-01 10:41:27 UTC
1005219,Rainbow Carrots,Red Tail Growers,785523,1 lb,Guest Basket,0.4,2.1,2.1,2.27,0.5133,FALSE,Review before publishing,2026-10-01 10:41:27 UTC
805459,"Organic Pasture Raised Chicken Eggs, 1/2 dozen",Deck Family Farm,600222,1/2 dozen,SNAP,0.6574,6.28,6.28,6.28,0.657,TRUE,HOLD: preserve existing SNAP price,2026-10-01 10:41:27 UTC
805461,Raw A2/A2 Milk,"Creamy Cow, LLC",526465,1/2 gallon,SNAP,0.4,21,21,21,0.4,TRUE,HOLD: preserve existing SNAP price,2026-10-01T16:20:39.336Z
805464,"Henni Penni Hispanico Cheese, 4 Month Aged,  5.9-6.9 oz","Creamy Cow, LLC",526468,5.9-6.9 oz,SNAP,0.4,15.74,15.74,15.74,0.4004,TRUE,HOLD: preserve existing SNAP price,2026-10-01 10:41:27 UTC
805465,"Live Culture Yogurt, 1 quart","Creamy Cow, LLC",526469,1 quart,SNAP,0.4,14,14,14,0.4,TRUE,HOLD: preserve existing SNAP price,2026-10-01T16:20:39.683Z
805466,"Lucianna Toma Rustica Cheese, 4 Month Aged, 7-8 oz","Creamy Cow, LLC",526471,7-8 oz,SNAP,0.4,16.58,16.58,16.58,0.4003,TRUE,HOLD: preserve existing SNAP price,2026-10-01 10:41:27 UTC
805469,"Ophelia Asiago Cheese - Special 12 month Aged, 4.8-5.8 oz","Creamy Cow, LLC",526475,4.8-5.8 oz,SNAP,0.4,13.97,13.97,13.97,0.3998,TRUE,HOLD: preserve existing SNAP price,2026-10-01 10:41:27 UTC
805470,Raw Cultured Butter,"Creamy Cow, LLC",526476,0.5 lbs,SNAP,0.4,19.6,19.6,19.6,0.4,TRUE,HOLD: preserve existing SNAP price,2026-10-01 10:41:27 UTC
805471,Raw Cultured Buttermilk,"Creamy Cow, LLC",526477,1 quart,SNAP,0.4,15.4,15,15,0.3636,TRUE,HOLD: preserve existing SNAP price,2026-10-01 10:41:27 UTC
805472,Raw Farmer's Cheese,"Creamy Cow, LLC",526478,12 oz,SNAP,0.4,14,14,14,0.4,TRUE,HOLD: preserve existing SNAP price,2026-10-01 10:41:27 UTC
805473,Raw Fresh Sweet Cream,"Creamy Cow, LLC",526479,1 pint,SNAP,0.4,14,14,14,0.4,TRUE,HOLD: preserve existing SNAP price,2026-10-01T16:20:39.589Z
805474,"Raw Fresh Whole Milk, 1/2 gallon","Creamy Cow, LLC",526481,1/2 gallon,SNAP,0.4,14,15,15,0.5,TRUE,HOLD: preserve existing SNAP price,2026-10-01T16:20:38.924Z
805475,Raw Sweet Cream Butter,"Creamy Cow, LLC",526482,0.5 lbs,SNAP,0.4,16.8,16.8,16.8,0.4,TRUE,HOLD: preserve existing SNAP price,2026-10-01T16:20:40.004Z
805476,Raw Whey,"Creamy Cow, LLC",526483,1 quart,SNAP,0.4,9.8,10.5,10.5,0.5,TRUE,HOLD: preserve existing SNAP price,2026-10-01 10:41:27 UTC
805477,Sour Cream,"Creamy Cow, LLC",526484,package,SNAP,0.4,16.8,16.8,16.8,0.4,TRUE,HOLD: preserve existing SNAP price,2026-10-01 10:41:27 UTC
805652,"Pork Chop, Bone-in",Deck Family Farm,526705,1.20 - 1.50 lbs,Herd Share Members,0.6574,19.38,19.38,20.93,0.7904,FALSE,Review before publishing,2026-10-01 10:41:27 UTC
805652,"Pork Chop, Bone-in",Deck Family Farm,526705,1.20 - 1.50 lbs,Guest Basket,0.6574,19.38,19.38,20.93,0.7904,FALSE,Review before publishing,2026-10-01 10:41:27 UTC
805652,"Pork Chop, Bone-in",Deck Family Farm,526705,1.20 - 1.50 lbs,SNAP,0.6574,19.38,19.38,19.38,0.6578,TRUE,HOLD: preserve existing SNAP price,2026-10-01 10:41:27 UTC
805652,"Pork Chop, Bone-in",Deck Family Farm,526705,1.20 - 1.50 lbs,CSA Members,0.6574,19.38,19.38,20.93,0.7904,FALSE,Review before publishing,2026-10-01 10:41:27 UTC
805653,"Bacon Ends & Pieces, Pork",Deck Family Farm,526706,8 oz,SNAP,0.6574,9.86,9.86,9.86,0.6571,TRUE,HOLD: preserve existing SNAP price,2026-10-01 10:41:27 UTC
805653,"Bacon Ends & Pieces, Pork",Deck Family Farm,526706,8 oz,CSA Members,0.6574,9.86,9.86,10.65,0.7899,FALSE,Review before publishing,2026-10-01 10:41:27 UTC
805654,"Pork Shoulder Roast, Small",Deck Family Farm,526707,"Small, 2.00 - 2.79 lbs",SNAP,0.6574,38.67,38.67,38.67,0.6575,TRUE,HOLD: preserve existing SNAP price,2026-10-01 10:41:27 UTC
805658,Chuck roast,Deck Family Farm,526711,2.30 - 2.90 lbs,SNAP,0.6574,37.31,37.31,37.31,0.6575,TRUE,HOLD: preserve existing SNAP price,2026-10-01T16:20:39.691Z
805659,Rack of Lamb,Deck Family Farm,526712,2.50 - 3.10 lbs,SNAP,0.6574,54,54,54,0.6575,TRUE,HOLD: preserve existing SNAP price,2026-10-01 10:41:27 UTC
805660,Beef Heart,Deck Family Farm,526713,2.50 - 3.5 lbs,CSA Members,0.6574,25.56,25.56,27.6,0.7899,FALSE,Review before publishing,2026-10-01 10:41:27 UTC
805660,Beef Heart,Deck Family Farm,526713,2.50 - 3.5 lbs,Guest Basket,0.6574,25.56,25.56,27.6,0.7899,FALSE,Review before publishing,2026-10-01 10:41:27 UTC
805660,Beef Heart,Deck Family Farm,526713,2.50 - 3.5 lbs,SNAP,0.6574,25.56,25.56,25.56,0.6576,TRUE,HOLD: preserve existing SNAP price,2026-10-01 10:41:27 UTC
805661,"Red Ranger Roasting Chicken, Small",Deck Family Farm,642346,"Small, 3.00 - 4.00 lbs",SNAP,0.6574,31.39,31.39,31.39,0.6573,TRUE,HOLD: preserve existing SNAP price,2026-10-01 10:41:27 UTC
805663,"Rendered Beef Tallow, 16 oz",Deck Family Farm's Hyland Artisinal Meats,547722,16 oz,CSA Members,0.6574,17.93,17.93,19.36,0.7893,FALSE,Review before publishing,2026-10-01 10:41:27 UTC
805663,"Rendered Beef Tallow, 16 oz",Deck Family Farm's Hyland Artisinal Meats,547722,16 oz,SNAP,0.6574,17.93,17.93,17.93,0.6571,TRUE,HOLD: preserve existing SNAP price,2026-10-01 10:41:27 UTC
805664,Hamburger Patties,Deck Family Farm,526717,1.00 lbs,CSA Members,0.6574,13.91,13.91,15.02,0.7902,FALSE,Review before publishing,2026-10-01 10:41:27 UTC
805664,Hamburger Patties,Deck Family Farm,526717,1.00 lbs,Herd Share Members,0.6574,13.91,13.91,15.02,0.7902,FALSE,Review before publishing,2026-10-01 10:41:27 UTC
805664,Hamburger Patties,Deck Family Farm,526717,1.00 lbs,Guest Basket,0.6574,13.91,13.91,15.02,0.7902,FALSE,Review before publishing,2026-10-01 10:41:27 UTC
805664,Hamburger Patties,Deck Family Farm,526717,1.00 lbs,SNAP,0.6574,13.91,13.91,13.91,0.6579,TRUE,HOLD: preserve existing SNAP price,2026-10-01 10:41:27 UTC
805665,"Rendered Pork Leaf Lard, 8 oz",Deck Family Farm's Hyland Artisinal Meats,595381,8 oz,SNAP,0.6574,8.97,8.97,8.97,0.658,TRUE,HOLD: preserve existing SNAP price,2026-10-01 10:41:27 UTC
805665,"Rendered Pork Leaf Lard, 8 oz",Deck Family Farm's Hyland Artisinal Meats,595381,8 oz,CSA Members,0.6574,8.97,8.97,9.69,0.7911,FALSE,Review before publishing,2026-10-01 10:41:27 UTC
805667,Beef Stew Meat,Deck Family Farm,526720,1.1 - 1.3 lbs,SNAP,0.6574,19.91,19.91,19.91,0.6578,TRUE,HOLD: preserve existing SNAP price,2026-10-01 10:41:27 UTC
805668,Ribeye Steak,Deck Family Farm,526721,0.80 - 1.10 lbs,SNAP,0.6574,34.51,34.51,34.51,0.6575,TRUE,HOLD: preserve existing SNAP price,2026-10-01T16:20:39.167Z
805669,"Chicken Part, Breast, Bone-In",Deck Family Farm,526722,1.30 - 1.70 lbs,SNAP,0.6574,16.14,16.14,16.14,0.6571,TRUE,HOLD: preserve existing SNAP price,2026-10-01T16:20:38.654Z
805670,"Roast Beef, Sliced",Deck Family Farm,526723,8 oz,CSA Members,0.6574,17.93,17.93,19.36,0.7893,FALSE,Review before publishing,2026-10-01 10:41:27 UTC
805670,"Roast Beef, Sliced",Deck Family Farm,526723,8 oz,SNAP,0.6574,17.93,17.93,17.93,0.6571,TRUE,HOLD: preserve existing SNAP price,2026-10-01 10:41:27 UTC
805673,"Cornish Roasting Chicken, Extra Large",Deck Family Farm,608372,"Extra Large, 5.00 - 6.00 lbs",SNAP,0.6574,39.46,35.52,35.52,0.4918,TRUE,HOLD: preserve existing SNAP price,2026-10-01 10:41:27 UTC
805675,"Olympia Provisions, Rosette D'Oregon Salami",Deck Family Farm,526728,4.5 oz,Guest Basket,0.6574,17.93,17.93,19.36,0.7893,FALSE,Review before publishing,2026-10-01 10:41:27 UTC
805675,"Olympia Provisions, Rosette D'Oregon Salami",Deck Family Farm,526728,4.5 oz,SNAP,0.6574,17.93,17.93,17.93,0.6571,TRUE,HOLD: preserve existing SNAP price,2026-10-01 10:41:27 UTC
805676,"Chicken Part, Hindquarter",Deck Family Farm,526729,1.00 - 1.50 lbs,SNAP,0.6574,13.46,13.46,13.46,0.6576,TRUE,HOLD: preserve existing SNAP price,2026-10-01T16:20:40.324Z
805677,Chicken Liver,Deck Family Farm,526730,1/2 lb bag,SNAP,0.6574,8.52,8.52,8.52,0.6576,TRUE,HOLD: preserve existing SNAP price,2026-10-01 10:41:27 UTC
805678,Sage & Sea Salt Sausage,Deck Family Farm,526731,8 oz,SNAP,0.6574,13.32,13.32,13.32,0.6573,TRUE,HOLD: preserve existing SNAP price,2026-10-01 10:41:27 UTC
805679,"Chicken Part, Wings",Deck Family Farm,526732,1.50 - 2.00,SNAP,0.6574,18.84,18.84,18.84,0.657,TRUE,HOLD: preserve existing SNAP price,2026-10-01 10:41:27 UTC
805682,Polish Kielbasa,Deck Family Farm,526735,12 oz,SNAP,0.6574,17.49,17.49,17.49,0.6578,TRUE,HOLD: preserve existing SNAP price,2026-10-01 10:41:27 UTC
805682,Polish Kielbasa,Deck Family Farm,526735,12 oz,CSA Members,0.6574,17.49,17.49,18.89,0.7905,FALSE,Review before publishing,2026-10-01 10:41:27 UTC
805685,Stewing Hen,Deck Family Farm,526738,2 - 3 lbs,SNAP,0.6574,19.74,19.74,19.74,0.6574,TRUE,HOLD: preserve existing SNAP price,2026-10-01 10:41:27 UTC
805686,Fresh Garlic Sausage Links,Deck Family Farm,526739,12 oz,SNAP,0.6574,17.49,17.49,17.49,0.6578,TRUE,HOLD: preserve existing SNAP price,2026-10-01 10:41:27 UTC
805687,Summer Sausage,Deck Family Farm,526740,8 oz,SNAP,0.6574,15.25,15.25,15.25,0.6576,TRUE,HOLD: preserve existing SNAP price,2026-10-01 10:41:27 UTC
805688,Natural Ground Beef,Deck Family Farm,526741,1 lbs,SNAP,0.6574,10.76,10.76,10.76,0.6579,TRUE,HOLD: preserve existing SNAP price,2026-10-01T16:20:40.005Z
805689,Organic Ground Beef,Deck Family Farm,526742,1 lbs,SNAP,0.6574,12.56,12.56,12.56,0.657,TRUE,HOLD: preserve existing SNAP price,2026-10-01T16:20:38.572Z
805691,Ground Pork,Deck Family Farm,526744,1.00 lbs,SNAP,0.6574,8.61,8.61,8.61,0.6583,TRUE,HOLD: preserve existing SNAP price,2026-10-01T16:20:40.644Z
805692,Sweet Italian Sausage Links,Deck Family Farm,526745,12 oz,SNAP,0.6574,17.49,17.49,17.49,0.6578,TRUE,HOLD: preserve existing SNAP price,2026-10-01 10:41:27 UTC
805693,"Honey Maple Ham, Sliced",Deck Family Farm,526746,8 oz,SNAP,0.6574,17.49,17.49,17.49,0.6578,TRUE,HOLD: preserve existing SNAP price,2026-10-01 10:41:27 UTC
805694,Tamari Pressed Beef Jerky,Deck Family Farm,526747,3 oz,SNAP,0.6574,8.97,8.97,8.97,0.658,TRUE,HOLD: preserve existing SNAP price,2026-10-01 10:41:27 UTC
805697,Turkey Gizzards,Deck Family Farm,526750,ea. 1/2 lb.,CSA Members,0.6574,22.37,22.37,24.16,0.7896,FALSE,Review before publishing,2026-10-01 10:41:27 UTC
805697,Turkey Gizzards,Deck Family Farm,526750,ea. 1/2 lb.,Herd Share Members,0.6574,22.37,22.37,24.16,0.7896,FALSE,Review before publishing,2026-10-01 10:41:27 UTC
805697,Turkey Gizzards,Deck Family Farm,526750,ea. 1/2 lb.,SNAP,0.6574,22.37,22.37,22.37,0.657,TRUE,HOLD: preserve existing SNAP price,2026-10-01 10:41:27 UTC
805699,Turkey Liver,Deck Family Farm,526752,ea. 1/2 lb.,CSA Members,0.6574,13.46,13.46,14.54,0.7906,FALSE,Review before publishing,2026-10-01 10:41:27 UTC
805699,Turkey Liver,Deck Family Farm,526752,ea. 1/2 lb.,Herd Share Members,0.6574,13.46,13.46,14.54,0.7906,FALSE,Review before publishing,2026-10-01 10:41:27 UTC
805699,Turkey Liver,Deck Family Farm,526752,ea. 1/2 lb.,SNAP,0.6574,13.46,13.46,13.46,0.6576,TRUE,HOLD: preserve existing SNAP price,2026-10-01 10:41:27 UTC
805701,Korean Style Beef Ribs,Deck Family Farm,526754,1.20 - 1.40 lbs,CSA Members,0.6574,22.74,22.74,24.56,0.7901,FALSE,Review before publishing,2026-10-01 10:41:27 UTC
805701,Korean Style Beef Ribs,Deck Family Farm,526754,1.20 - 1.40 lbs,SNAP,0.6574,22.74,22.74,22.74,0.6574,TRUE,HOLD: preserve existing SNAP price,2026-10-01 10:41:27 UTC
805703,Lamb Neck Slices,Deck Family Farm,526756,1.10 - 1.50 lbs,Guest Basket,0.6574,18.08,18.08,19.53,0.7901,FALSE,Review before publishing,2026-10-01 10:41:27 UTC
805703,Lamb Neck Slices,Deck Family Farm,526756,1.10 - 1.50 lbs,SNAP,0.6574,18.08,18.08,18.08,0.6572,TRUE,HOLD: preserve existing SNAP price,2026-10-01 10:41:27 UTC
805710,"Lamb Shank, Whole",Deck Family Farm,526763,2.00 - 2.50 lbs,SNAP,0.6574,24.21,24.21,24.21,0.6571,TRUE,HOLD: preserve existing SNAP price,2026-10-01 10:41:27 UTC
805711,Lamb Shoulder Roast,Deck Family Farm,526764,2.30 - 2.70 lbs,SNAP,0.6574,44.85,44.85,44.85,0.6574,TRUE,HOLD: preserve existing SNAP price,2026-10-01 10:41:27 UTC
805712,Lamb Stew,Deck Family Farm,526765,0.90 - 1.10 lbs,SNAP,0.6574,19.29,19.29,19.29,0.6572,TRUE,HOLD: preserve existing SNAP price,2026-10-01 10:41:27 UTC
805713,"Landjaeger Jerky, 3 pack",Deck Family Farm,526766,3 oz,CSA Members,0.6574,14.8,14.8,15.98,0.7895,FALSE,Review before publishing,2026-10-01 10:41:27 UTC
805713,"Landjaeger Jerky, 3 pack",Deck Family Farm,526766,3 oz,SNAP,0.6574,14.8,14.8,14.8,0.6573,TRUE,HOLD: preserve existing SNAP price,2026-10-01 10:41:27 UTC
805716,New York Steak,Deck Family Farm,526769,0.50 - 0.90 lbs,SNAP,0.6574,23.24,23.24,23.24,0.6576,TRUE,HOLD: preserve existing SNAP price,2026-10-01T16:20:39.977Z
805719,"Pastrami, Sliced",Deck Family Farm,526772,8 oz,CSA Members,0.6574,17.93,17.93,19.36,0.7893,FALSE,Review before publishing,2026-10-01 10:41:27 UTC
805719,"Pastrami, Sliced",Deck Family Farm,526772,8 oz,Guest Basket,0.6574,17.93,17.93,19.36,0.7893,FALSE,Review before publishing,2026-10-01 10:41:27 UTC
805719,"Pastrami, Sliced",Deck Family Farm,526772,8 oz,SNAP,0.6574,17.93,17.93,17.93,0.6571,TRUE,HOLD: preserve existing SNAP price,2026-10-01 10:41:27 UTC
805720,Peppered Knife Cut Beef Jerky,Deck Family Farm,526773,3 oz,CSA Members,0.6574,16.14,16.14,17.43,0.7895,FALSE,Review before publishing,2026-10-01 10:41:27 UTC
805720,Peppered Knife Cut Beef Jerky,Deck Family Farm,526773,3 oz,SNAP,0.6574,16.14,16.14,16.14,0.6571,TRUE,HOLD: preserve existing SNAP price,2026-10-01 10:41:27 UTC
805721,Pepperoni stick,Deck Family Farm,526775,6 oz,Guest Basket,0.6574,17.93,17.93,19.36,0.7893,FALSE,Review before publishing,2026-10-01 10:41:27 UTC
805721,Pepperoni stick,Deck Family Farm,526775,6 oz,SNAP,0.6574,17.93,17.93,17.93,0.6571,TRUE,HOLD: preserve existing SNAP price,2026-10-01 10:41:27 UTC
805724,"Bacon, Pork",Deck Family Farm,526778,8 oz,SNAP,0.6574,11.67,11.67,11.67,0.6577,TRUE,HOLD: preserve existing SNAP price,2026-10-01T16:20:39.266Z
805730,The Daily Jar Tote/Jar Bag: Organic Waxed Canvas-WFTO Certified,Jar Joy Goods,526785,each,Guest Basket,0.4,58.73,58.73,63.43,0.512,FALSE,Review before publishing,2026-10-01 10:41:27 UTC
805730,The Daily Jar Tote/Jar Bag: Organic Waxed Canvas-WFTO Certified,Jar Joy Goods,526785,each,CSA Members,0.4,58.73,58.73,63.43,0.512,FALSE,Review before publishing,2026-10-01 10:41:27 UTC
805731,The Insulated Jar Tote/Jar Bag: Hemp + Natural Rubber (Yulex),Jar Joy Goods,526786,each,Herd Share Members,0.4,154.7,143.65,155.14,0.404,FALSE,Review local/Local Line price difference before publishing,2026-10-01 10:41:27 UTC
805731,The Insulated Jar Tote/Jar Bag: Hemp + Natural Rubber (Yulex),Jar Joy Goods,526786,each,Guest Basket,0.4,154.7,154.7,167.08,0.512,FALSE,Review before publishing,2026-10-01 10:41:27 UTC
805731,The Insulated Jar Tote/Jar Bag: Hemp + Natural Rubber (Yulex),Jar Joy Goods,526786,each,CSA Members,0.4,154.7,143.65,155.14,0.404,FALSE,Review local/Local Line price difference before publishing,2026-10-01 10:41:27 UTC
805732,Handcrafted Whisk Brooms,,526787,each,CSA Members,0.4,28,26.6,26.6,0.33,TRUE,HOLD: missing local vendor,2026-05-11 06:49:59 UTC
805732,Handcrafted Whisk Brooms,,526787,each,Herd Share Members,0.4,28,26.6,26.6,0.33,TRUE,HOLD: missing local vendor,2026-05-11 06:49:59 UTC
805732,Handcrafted Whisk Brooms,,526787,each,Guest Basket,0.55,31,28,28,0.4,TRUE,HOLD: missing local vendor,2026-05-11 06:49:59 UTC
805732,Handcrafted Whisk Brooms,,526787,each,SNAP,0.4,28,26.6,26.6,0.33,TRUE,HOLD: missing local vendor,2026-05-11 06:49:59 UTC
805733,Handcrafted Egg Pushers,,526788,each,CSA Members,0.4,11.2,10.64,10.64,0.33,TRUE,HOLD: missing local vendor,2026-05-11 06:49:59 UTC
805733,Handcrafted Egg Pushers,,526788,each,Herd Share Members,0.4,11.2,10.64,10.64,0.33,TRUE,HOLD: missing local vendor,2026-05-11 06:49:59 UTC
805733,Handcrafted Egg Pushers,,526788,each,Guest Basket,0.55,12.4,11.2,11.2,0.4,TRUE,HOLD: missing local vendor,2026-05-11 06:49:59 UTC
805733,Handcrafted Egg Pushers,,526788,each,SNAP,0.4,11.2,10.64,10.64,0.33,TRUE,HOLD: missing local vendor,2026-05-11 06:49:59 UTC
805735,Handcrafted  Wooden Bowls Large 20 Oz,,526790,each,CSA Members,0.4,49,46.2,46.2,0.32,TRUE,HOLD: missing local vendor,2026-05-11 06:49:59 UTC
805735,Handcrafted  Wooden Bowls Large 20 Oz,,526790,each,Herd Share Members,0.4,49,46.2,46.2,0.32,TRUE,HOLD: missing local vendor,2026-05-11 06:49:59 UTC
805735,Handcrafted  Wooden Bowls Large 20 Oz,,526790,each,Guest Basket,0.55,54.25,49,49,0.4,TRUE,HOLD: missing local vendor,2026-05-11 06:49:59 UTC
805735,Handcrafted  Wooden Bowls Large 20 Oz,,526790,each,SNAP,0.4,49,46.2,46.2,0.32,TRUE,HOLD: missing local vendor,2026-05-11 06:49:59 UTC
805736,"Handcrafted Wooden Bowls, Small 14 oz",,526791,each,CSA Members,0.4,42,39.6,39.6,0.32,TRUE,HOLD: missing local vendor,2026-05-11 06:49:59 UTC
805736,"Handcrafted Wooden Bowls, Small 14 oz",,526791,each,Herd Share Members,0.4,42,39.6,39.6,0.32,TRUE,HOLD: missing local vendor,2026-05-11 06:49:59 UTC
805736,"Handcrafted Wooden Bowls, Small 14 oz",,526791,each,SNAP,0.4,42,39.6,39.6,0.32,TRUE,HOLD: missing local vendor,2026-05-11 06:49:59 UTC
805736,"Handcrafted Wooden Bowls, Small 14 oz",,526791,each,Guest Basket,0.55,46.5,42,42,0.4,TRUE,HOLD: missing local vendor,2026-05-11 06:49:59 UTC
805737,Handcrafted Wood & Metal Dustpan,,526792,each,CSA Members,0.4,56.7,33.75,33.75,-0.1667,TRUE,HOLD: missing local vendor,2026-05-11 06:49:59 UTC
805737,Handcrafted Wood & Metal Dustpan,,526792,each,Herd Share Members,0.4,56.7,33.75,33.75,-0.1667,TRUE,HOLD: missing local vendor,2026-05-11 06:49:59 UTC
805737,Handcrafted Wood & Metal Dustpan,,526792,each,SNAP,0.4,56.7,33.75,33.75,-0.1667,TRUE,HOLD: missing local vendor,2026-05-11 06:49:59 UTC
805739,Handcrafted Wooden Chopsticks,,526794,each,CSA Members,0.4,12.6,11.97,11.97,0.33,TRUE,HOLD: missing local vendor,2026-05-11 06:49:59 UTC
805739,Handcrafted Wooden Chopsticks,,526794,each,Herd Share Members,0.4,12.6,11.97,11.97,0.33,TRUE,HOLD: missing local vendor,2026-05-11 06:49:59 UTC
805739,Handcrafted Wooden Chopsticks,,526794,each,Guest Basket,0.55,13.95,12.6,12.6,0.4,TRUE,HOLD: missing local vendor,2026-05-11 06:49:59 UTC
805739,Handcrafted Wooden Chopsticks,,526794,each,SNAP,0.4,12.6,11.97,11.97,0.33,TRUE,HOLD: missing local vendor,2026-05-11 06:49:59 UTC
805740,Handcrafted Wooden Fancy Kitchen Spoons,,526795,each,CSA Members,0.4,28,26.6,26.6,0.33,TRUE,HOLD: missing local vendor,2026-05-11 06:49:59 UTC
805740,Handcrafted Wooden Fancy Kitchen Spoons,,526795,each,Herd Share Members,0.4,28,26.6,26.6,0.33,TRUE,HOLD: missing local vendor,2026-05-11 06:49:59 UTC
805740,Handcrafted Wooden Fancy Kitchen Spoons,,526795,each,Guest Basket,0.55,31,28,28,0.4,TRUE,HOLD: missing local vendor,2026-05-11 06:49:59 UTC
805740,Handcrafted Wooden Fancy Kitchen Spoons,,526795,each,SNAP,0.4,28,26.6,26.6,0.33,TRUE,HOLD: missing local vendor,2026-05-11 06:49:59 UTC
805741,Handcrafted Wooden Plain Kitchen Stir Stix,,526796,each,CSA Members,0.4,12.6,11.88,11.88,0.32,TRUE,HOLD: missing local vendor,2026-05-11 06:49:59 UTC
805741,Handcrafted Wooden Plain Kitchen Stir Stix,,526796,each,Herd Share Members,0.4,12.6,11.88,11.88,0.32,TRUE,HOLD: missing local vendor,2026-05-11 06:49:59 UTC
805741,Handcrafted Wooden Plain Kitchen Stir Stix,,526796,each,Guest Basket,0.55,13.95,12.6,12.6,0.4,TRUE,HOLD: missing local vendor,2026-05-11 06:49:59 UTC
805741,Handcrafted Wooden Plain Kitchen Stir Stix,,526796,each,SNAP,0.4,12.6,11.88,11.88,0.32,TRUE,HOLD: missing local vendor,2026-05-11 06:49:59 UTC
805742,Handcrafted Wooden Plates,,526797,each,CSA Members,0.4,56.7,33.75,33.75,-0.1667,TRUE,HOLD: missing local vendor,2026-05-11 06:49:59 UTC
805742,Handcrafted Wooden Plates,,526797,each,Herd Share Members,0.4,56.7,33.75,33.75,-0.1667,TRUE,HOLD: missing local vendor,2026-05-11 06:49:59 UTC
805742,Handcrafted Wooden Plates,,526797,each,SNAP,0.4,56.7,33.75,33.75,-0.1667,TRUE,HOLD: missing local vendor,2026-05-11 06:49:59 UTC
805744,Handcrafted Wooden Serving Spoons,,526799,each,CSA Members,0.4,67.9,40.5,40.5,-0.1649,TRUE,HOLD: missing local vendor,2026-05-11 06:49:59 UTC
805744,Handcrafted Wooden Serving Spoons,,526799,each,Herd Share Members,0.4,67.9,40.5,40.5,-0.1649,TRUE,HOLD: missing local vendor,2026-05-11 06:49:59 UTC
805744,Handcrafted Wooden Serving Spoons,,526799,each,SNAP,0.4,67.9,40.5,40.5,-0.1649,TRUE,HOLD: missing local vendor,2026-05-11 06:49:59 UTC
805745,Handcrafted Wooden Spatulas,,526800,each,CSA Members,0.4,29.4,17.5,17.5,-0.1667,TRUE,HOLD: missing local vendor,2026-05-11 06:49:59 UTC
805745,Handcrafted Wooden Spatulas,,526800,each,Herd Share Members,0.4,29.4,17.5,17.5,-0.1667,TRUE,HOLD: missing local vendor,2026-05-11 06:49:59 UTC
805745,Handcrafted Wooden Spatulas,,526800,each,SNAP,0.4,29.4,17.5,17.5,-0.1667,TRUE,HOLD: missing local vendor,2026-05-11 06:49:59 UTC
805746,Handcrafted Fancy Wooden Eating Spoons,,526801,each,CSA Members,0.4,28,26.6,26.6,0.33,TRUE,HOLD: missing local vendor,2026-05-11 06:49:59 UTC
805746,Handcrafted Fancy Wooden Eating Spoons,,526801,each,Herd Share Members,0.4,28,26.6,26.6,0.33,TRUE,HOLD: missing local vendor,2026-05-11 06:49:59 UTC
805746,Handcrafted Fancy Wooden Eating Spoons,,526801,each,Guest Basket,0.55,31,28,28,0.4,TRUE,HOLD: missing local vendor,2026-05-11 06:49:59 UTC
805746,Handcrafted Fancy Wooden Eating Spoons,,526801,each,SNAP,0.4,28,26.6,26.6,0.33,TRUE,HOLD: missing local vendor,2026-05-11 06:49:59 UTC
805747,Handcrafted Wooden Teaspoons,,526802,each,CSA Members,0.4,33.95,20.25,20.25,-0.1649,TRUE,HOLD: missing local vendor,2026-05-11 06:49:59 UTC
805747,Handcrafted Wooden Teaspoons,,526802,each,Herd Share Members,0.4,33.95,20.25,20.25,-0.1649,TRUE,HOLD: missing local vendor,2026-05-11 06:49:59 UTC
805747,Handcrafted Wooden Teaspoons,,526802,each,SNAP,0.4,33.95,20.25,20.25,-0.1649,TRUE,HOLD: missing local vendor,2026-05-11 06:49:59 UTC
805748,Dark Purple Iris Rhizome,RL Plants & Home Goods,526803,each,CSA Members,0.4,5.6,5.6,6.05,0.5125,FALSE,Review before publishing,2026-10-01 10:41:27 UTC
805748,Dark Purple Iris Rhizome,RL Plants & Home Goods,526803,each,SNAP,0.4,5.6,5.6,5.6,0.4,TRUE,HOLD: preserve existing SNAP price,2026-10-01 10:41:27 UTC
805749,Hen and Chicks Succulents,RL Plants & Home Goods,526804,each,CSA Members,0.4,4.2,4.2,4.54,0.5133,FALSE,Review before publishing,2026-10-01 10:41:27 UTC
805749,Hen and Chicks Succulents,RL Plants & Home Goods,526804,each,SNAP,0.4,4.2,4.2,4.2,0.4,TRUE,HOLD: preserve existing SNAP price,2026-10-01 10:41:27 UTC
805750,Sedum Palmeri Succulents,RL Plants & Home Goods,526805,each,CSA Members,0.4,5.6,5.6,6.05,0.5125,FALSE,Review before publishing,2026-10-01 10:41:27 UTC
805750,Sedum Palmeri Succulents,RL Plants & Home Goods,526805,each,SNAP,0.4,5.6,5.6,5.6,0.4,TRUE,HOLD: preserve existing SNAP price,2026-10-01 10:41:27 UTC
805751,"Sedum Rupestre ""Blue Spruce""",RL Plants & Home Goods,526806,each,CSA Members,0.4,5.6,5.6,6.05,0.5125,FALSE,Review before publishing,2026-10-01 10:41:27 UTC
805751,"Sedum Rupestre ""Blue Spruce""",RL Plants & Home Goods,526806,each,SNAP,0.4,5.6,5.6,5.6,0.4,TRUE,HOLD: preserve existing SNAP price,2026-10-01 10:41:27 UTC
805752,Yellow Iris Rhizome,RL Plants & Home Goods,526807,each,CSA Members,0.4,5.6,5.6,6.05,0.5125,FALSE,Review before publishing,2026-10-01 10:41:27 UTC
805752,Yellow Iris Rhizome,RL Plants & Home Goods,526807,each,Guest Basket,0.4,5.6,5.6,6.05,0.5125,FALSE,Review before publishing,2026-10-01 10:41:27 UTC
805753,Cut Flower Bouquet,Small is Beautiful Farm,526808,each,SNAP,0.4,14,14,14,0.4,TRUE,HOLD: preserve existing SNAP price,2026-10-01 10:41:27 UTC
805753,Cut Flower Bouquet,Small is Beautiful Farm,526808,each,CSA Members,0.4,14,14,15.12,0.512,FALSE,Review before publishing,2026-10-01 10:41:27 UTC
805755,Striped Eggplant,Little Wings,526810,1 lb,SNAP,0.4,4.2,4.2,4.2,0.4,TRUE,HOLD: preserve existing SNAP price,2026-10-01 10:41:27 UTC
805755,Striped Eggplant,Little Wings,526810,1 lb,CSA Members,0.4,4.2,4.2,4.54,0.5133,FALSE,Review before publishing,2026-10-01 10:41:27 UTC
805757,Honeydew Melon,Grazier's Garden,526812,each,Guest Basket,0.4,9.31,9.31,10.05,0.5113,FALSE,Review before publishing,2026-10-01 10:41:27 UTC
805757,Honeydew Melon,Grazier's Garden,526812,each,Herd Share Members,0.4,9.31,9.31,10.05,0.5113,FALSE,Review before publishing,2026-10-01 10:41:27 UTC
805757,Honeydew Melon,Grazier's Garden,526812,each,CSA Members,0.4,9.31,9.31,10.05,0.5113,FALSE,Review before publishing,2026-10-01 10:41:27 UTC
805757,Honeydew Melon,Grazier's Garden,526812,each,SNAP,0.4,9.31,9.31,9.31,0.4,TRUE,HOLD: preserve existing SNAP price,2026-10-01 10:41:27 UTC
805758,Frozen Blueberries,Full Farm CSA,526813,~1.0 lbs,SNAP,0.4,6.3,6.3,6.3,0.4,TRUE,HOLD: preserve existing SNAP price,2026-10-01 10:41:27 UTC
805764,Quince,Full Farm CSA,526820,each,CSA Members,0.4,2.1,2.1,2.27,0.5133,FALSE,Review before publishing,2026-10-01 10:41:27 UTC
805764,Quince,Full Farm CSA,526820,each,Herd Share Members,0.4,2.1,2.1,2.27,0.5133,FALSE,Review before publishing,2026-10-01 10:41:27 UTC
805764,Quince,Full Farm CSA,526820,each,SNAP,0.4,2.1,2.1,2.1,0.4,TRUE,HOLD: preserve existing SNAP price,2026-10-01 10:41:27 UTC
805764,Quince,Full Farm CSA,526820,each,Guest Basket,0.4,2.1,2.1,2.27,0.5133,FALSE,Review before publishing,2026-10-01 10:41:27 UTC
805765,Frozen Strawberries,Full Farm CSA,526821,~1 lbs,SNAP,0.4,9.8,9.8,9.8,0.4,TRUE,HOLD: preserve existing SNAP price,2026-10-01 10:41:27 UTC
805767,Fresh Strawberries,Grazier's Garden,526823,Pint,SNAP,0.4,5.95,5.95,5.95,0.4,TRUE,HOLD: preserve existing SNAP price,2026-10-01 10:41:27 UTC
805767,Fresh Strawberries,Grazier's Garden,526823,Pint,CSA Members,0.4,5.95,5.95,6.43,0.5129,FALSE,Review before publishing,2026-10-01 10:41:27 UTC
805768,Canary Melon,,526824,each,CSA Members,0.4,4.2,4.2,4.2,0.4,TRUE,HOLD: missing local vendor,2026-10-01 10:41:27 UTC
805768,Canary Melon,,526824,each,Herd Share Members,0.4,4.2,4.2,4.2,0.4,TRUE,HOLD: missing local vendor,2026-10-01 10:41:27 UTC
805768,Canary Melon,,526824,each,Guest Basket,0.55,4.65,4.2,4.2,0.4,TRUE,HOLD: missing local vendor,2026-10-01 10:41:27 UTC
805768,Canary Melon,,526824,each,SNAP,0.4,4.2,4.2,4.2,0.4,TRUE,HOLD: missing local vendor,2026-10-01 10:41:27 UTC
805769,Cantaloupe,Grazier's Garden,526825,each,CSA Members,0.4,6.65,6.65,7.18,0.5116,FALSE,Review before publishing,2026-10-01 10:41:27 UTC
805769,Cantaloupe,Grazier's Garden,526825,each,SNAP,0.4,6.65,6.65,6.65,0.4,TRUE,HOLD: preserve existing SNAP price,2026-10-01 10:41:27 UTC
805770,Fuzzy Kiwis,,526826,each,CSA Members,0.4,2.45,1.5,1.5,-0.1429,TRUE,HOLD: missing local vendor,2026-10-01 10:41:27 UTC
805770,Fuzzy Kiwis,,526826,each,Herd Share Members,0.4,2.45,1.5,1.5,-0.1429,TRUE,HOLD: missing local vendor,2026-10-01 10:41:27 UTC
805770,Fuzzy Kiwis,,526826,each,SNAP,0.4,2.45,1.5,1.5,-0.1429,TRUE,HOLD: missing local vendor,2026-10-01 10:41:27 UTC
805771,Cathay Bell Watermelon,,526827,ea.,Herd Share Members,0.4,8.88,8.5,8.5,0.3407,TRUE,HOLD: missing local vendor,2026-10-01 10:41:27 UTC
805771,Cathay Bell Watermelon,,526827,ea.,Guest Basket,0.55,9.83,8.88,8.88,0.4006,TRUE,HOLD: missing local vendor,2026-10-01 10:41:27 UTC
805771,Cathay Bell Watermelon,,526827,ea.,CSA Members,0.4,8.88,8.5,8.5,0.3407,TRUE,HOLD: missing local vendor,2026-10-01 10:41:27 UTC
805771,Cathay Bell Watermelon,,526827,ea.,SNAP,0.4,8.88,8.5,8.5,0.3407,TRUE,HOLD: missing local vendor,2026-10-01 10:41:27 UTC
805772,Blackberries,Organically Grown Company,526828,1/2  pt,SNAP,0.4,6.65,6.65,6.65,0.4,TRUE,HOLD: preserve existing SNAP price,2026-10-01 10:41:27 UTC
805781,Red D'Anjou Pears,Organically Grown Company,526837,each,SNAP,0.4,1.4,1.4,1.4,0.4,TRUE,HOLD: preserve existing SNAP price,2026-10-01 10:41:27 UTC
805782,Red Raspberries,Organically Grown Company,526838,1/2 pt,CSA Members,0.4,6.65,6.65,7.18,0.5116,FALSE,Review before publishing,2026-10-01 10:41:27 UTC
805782,Red Raspberries,Organically Grown Company,526838,1/2 pt,SNAP,0.4,6.65,6.65,6.65,0.4,TRUE,HOLD: preserve existing SNAP price,2026-10-01 10:41:27 UTC
805785,d'Anjou Pear,,526841,each,CSA Members,0.4,2.1,1.25,1.25,-0.1667,TRUE,HOLD: missing local vendor,2026-10-01 10:41:27 UTC
805785,d'Anjou Pear,,526841,each,Herd Share Members,0.4,2.1,1.25,1.25,-0.1667,TRUE,HOLD: missing local vendor,2026-10-01 10:41:27 UTC
805785,d'Anjou Pear,,526841,each,Guest Basket,0.55,2.33,2.1,2.1,0.4,TRUE,HOLD: missing local vendor,2026-10-01 10:41:27 UTC
805785,d'Anjou Pear,,526841,each,SNAP,0.4,2.1,1.25,1.25,-0.1667,TRUE,HOLD: missing local vendor,2026-10-01 10:41:27 UTC
805788,Green Grapes,,526844,each,CSA Members,0.4,5.95,3.5,3.5,-0.1765,TRUE,HOLD: missing local vendor,2026-10-01 10:41:27 UTC
805788,Green Grapes,,526844,each,Herd Share Members,0.4,5.95,3.5,3.5,-0.1765,TRUE,HOLD: missing local vendor,2026-10-01 10:41:27 UTC
805788,Green Grapes,,526844,each,SNAP,0.4,5.95,3.5,3.5,-0.1765,TRUE,HOLD: missing local vendor,2026-10-01 10:41:27 UTC
805790,"Mixed Apple ""Seconds""",Small is Beautiful Farm,526846,each,SNAP,0.4,0.7,0.7,0.7,0.4,TRUE,HOLD: preserve existing SNAP price,2026-10-01 10:41:27 UTC
805793,Prune Plum,Small is Beautiful Farm,526849,each,Guest Basket,0.4,4.2,4.2,4.54,0.5133,FALSE,Review before publishing,2026-10-01 10:41:27 UTC
805793,Prune Plum,Small is Beautiful Farm,526849,each,CSA Members,0.4,4.2,4.2,4.54,0.5133,FALSE,Review before publishing,2026-10-01 10:41:27 UTC
805793,Prune Plum,Small is Beautiful Farm,526849,each,SNAP,0.4,4.2,4.2,4.2,0.4,TRUE,HOLD: preserve existing SNAP price,2026-10-01 10:41:27 UTC
805797,"Flat, Strawberries",,526853,each,CSA Members,0.4,81.55,48.5,48.5,-0.1674,TRUE,HOLD: missing local vendor,2026-10-01 10:41:27 UTC
805797,"Flat, Strawberries",,526853,each,Herd Share Members,0.4,81.55,48.5,48.5,-0.1674,TRUE,HOLD: missing local vendor,2026-10-01 10:41:27 UTC
805797,"Flat, Strawberries",,526853,each,SNAP,0.4,81.55,48.5,48.5,-0.1674,TRUE,HOLD: missing local vendor,2026-10-01 10:41:27 UTC
805806,Rhubarb,Full Farm CSA,526862,1 lb,CSA Members,0.4,4.9,4.9,5.29,0.5114,FALSE,Review before publishing,2026-10-01 10:41:27 UTC
805806,Rhubarb,Full Farm CSA,526862,1 lb,Herd Share Members,0.4,4.9,4.9,5.29,0.5114,FALSE,Review before publishing,2026-10-01 10:41:27 UTC
805806,Rhubarb,Full Farm CSA,526862,1 lb,Guest Basket,0.4,4.9,5.42,5.85,0.6714,FALSE,Review local/Local Line price difference before publishing,2026-10-01 10:41:27 UTC
805806,Rhubarb,Full Farm CSA,526862,1 lb,SNAP,0.4,4.9,4.9,4.9,0.4,TRUE,HOLD: preserve existing SNAP price,2026-10-01 10:41:27 UTC
805809,Fresh Spearmint,Grazier's Garden,526867,Bunch,SNAP,0.4,2.8,2.8,2.8,0.4,TRUE,HOLD: preserve existing SNAP price,2026-10-01 10:41:27 UTC
805809,Fresh Spearmint,Grazier's Garden,526867,Bunch,CSA Members,0.4,2.8,2.8,3.02,0.51,FALSE,Review before publishing,2026-10-01 10:41:27 UTC
805813,Fresh Rosemary,Grazier's Garden,526870,each,CSA Members,0.4,2.8,2.8,3.02,0.51,FALSE,Review before publishing,2026-10-01 10:41:27 UTC
805813,Fresh Rosemary,Grazier's Garden,526870,each,SNAP,0.4,2.8,2.8,2.8,0.4,TRUE,HOLD: preserve existing SNAP price,2026-10-01 10:41:27 UTC
805813,Fresh Rosemary,Grazier's Garden,526870,each,Guest Basket,0.4,2.8,2.8,3.02,0.51,FALSE,Review before publishing,2026-10-01 10:41:27 UTC
805814,Speckled Roman Tomato,Grazier's Garden,526871,1 lb,Herd Share Members,0.4,5.95,5.95,6.43,0.5129,FALSE,Review before publishing,2026-10-01 10:41:27 UTC
805814,Speckled Roman Tomato,Grazier's Garden,526871,1 lb,SNAP,0.4,5.95,5.95,5.95,0.4,TRUE,HOLD: preserve existing SNAP price,2026-10-01 10:41:27 UTC
805814,Speckled Roman Tomato,Grazier's Garden,526871,1 lb,CSA Members,0.4,5.95,5.95,6.43,0.5129,FALSE,Review before publishing,2026-10-01 10:41:27 UTC
805816,Rutabega,Organically Grown Company,526873,1 lb,Guest Basket,0.4,2.66,2.66,2.87,0.5105,FALSE,Review before publishing,2026-10-01 10:41:27 UTC
805816,Rutabega,Organically Grown Company,526873,1 lb,CSA Members,0.4,2.66,2.66,2.87,0.5105,FALSE,Review before publishing,2026-10-01 10:41:27 UTC
805816,Rutabega,Organically Grown Company,526873,1 lb,Herd Share Members,0.4,2.66,2.66,2.87,0.5105,FALSE,Review before publishing,2026-10-01 10:41:27 UTC
805816,Rutabega,Organically Grown Company,526873,1 lb,SNAP,0.4,2.66,2.66,2.66,0.4,TRUE,HOLD: preserve existing SNAP price,2026-10-01 10:41:27 UTC
805819,Celeriac,,526876,each,CSA Members,0.4,2.8,2.8,2.8,0.4,TRUE,HOLD: missing local vendor,2026-10-01 10:41:27 UTC
805819,Celeriac,,526876,each,Herd Share Members,0.4,2.8,2.8,2.8,0.4,TRUE,HOLD: missing local vendor,2026-10-01 10:41:27 UTC
805819,Celeriac,,526876,each,Guest Basket,0.55,3.1,2.8,2.8,0.4,TRUE,HOLD: missing local vendor,2026-10-01 10:41:27 UTC
805819,Celeriac,,526876,each,SNAP,0.4,2.8,2.8,2.8,0.4,TRUE,HOLD: missing local vendor,2026-10-01 10:41:27 UTC
805822,Spring Onion Bunch,Winter Green Farm,526879,1 bunch,CSA Members,0.4,4.2,4.2,4.54,0.5133,FALSE,Review before publishing,2026-10-01 10:41:27 UTC
805822,Spring Onion Bunch,Winter Green Farm,526879,1 bunch,SNAP,0.4,4.2,4.2,4.2,0.4,TRUE,HOLD: preserve existing SNAP price,2026-10-01 10:41:27 UTC
805827,Sungold Cherry Tomato Pint,Organically Grown Company,526885,each,SNAP,0.4,4.9,4.9,4.9,0.4,TRUE,HOLD: preserve existing SNAP price,2026-10-01 10:41:27 UTC
805831,Collard Greens,Organically Grown Company,526888,each,SNAP,0.4,2.31,2.31,2.31,0.4,TRUE,HOLD: preserve existing SNAP price,2026-10-01 10:41:27 UTC
805832,Spinach  1/2 Lb.,Small is Beautiful Farm,526889,each,CSA Members,0.4,5.6,5.6,6.05,0.5125,FALSE,Review before publishing,2026-10-01 10:41:27 UTC
805832,Spinach  1/2 Lb.,Small is Beautiful Farm,526889,each,SNAP,0.4,5.6,5.6,5.6,0.4,TRUE,HOLD: preserve existing SNAP price,2026-10-01 10:41:27 UTC
805837,Watermelon Radish,Little Wings,526894,1 lb,Herd Share Members,0.4,4.83,4.83,5.22,0.513,FALSE,Review before publishing,2026-10-01 10:41:27 UTC
805837,Watermelon Radish,Little Wings,526894,1 lb,CSA Members,0.4,4.83,4.83,5.22,0.513,FALSE,Review before publishing,2026-10-01 10:41:27 UTC
805837,Watermelon Radish,Little Wings,526894,1 lb,SNAP,0.4,4.83,4.83,4.83,0.4,TRUE,HOLD: preserve existing SNAP price,2026-10-01 10:41:27 UTC
805837,Watermelon Radish,Little Wings,526894,1 lb,Guest Basket,0.4,4.83,4.83,5.22,0.513,FALSE,Review before publishing,2026-10-01 10:41:27 UTC
805838,Arugula,Small is Beautiful Farm,526896,1 bunch,Herd Share Members,0.4,3.5,3.5,3.78,0.512,FALSE,Review before publishing,2026-10-01 10:41:27 UTC
805838,Arugula,Small is Beautiful Farm,526896,1 bunch,CSA Members,0.4,3.5,3.5,3.78,0.512,FALSE,Review before publishing,2026-10-01 10:41:27 UTC
805838,Arugula,Small is Beautiful Farm,526896,1 bunch,Guest Basket,0.4,3.5,3.5,3.78,0.512,FALSE,Review before publishing,2026-10-01 10:41:27 UTC
805838,Arugula,Small is Beautiful Farm,526896,1 bunch,SNAP,0.4,3.5,3.5,3.5,0.4,TRUE,HOLD: preserve existing SNAP price,2026-10-01 10:41:27 UTC
805839,Sweet Potato “Seconds”,,526897,1 lb,CSA Members,0.4,4.55,2.75,2.75,-0.1538,TRUE,HOLD: missing local vendor,2026-10-01 10:41:27 UTC
805839,Sweet Potato “Seconds”,,526897,1 lb,Herd Share Members,0.4,4.55,2.75,2.75,-0.1538,TRUE,HOLD: missing local vendor,2026-10-01 10:41:27 UTC
805839,Sweet Potato “Seconds”,,526897,1 lb,SNAP,0.4,4.55,2.75,2.75,-0.1538,TRUE,HOLD: missing local vendor,2026-10-01 10:41:27 UTC
805840,Escarole,Red Tail Growers,526898,each,CSA Members,0.4,3.29,3.29,3.55,0.5106,FALSE,Review before publishing,2026-10-01 10:41:27 UTC
805840,Escarole,Red Tail Growers,526898,each,Guest Basket,0.4,3.29,3.29,3.55,0.5106,FALSE,Review before publishing,2026-10-01 10:41:27 UTC
805840,Escarole,Red Tail Growers,526898,each,SNAP,0.4,3.29,3.29,3.29,0.4,TRUE,HOLD: preserve existing SNAP price,2026-10-01 10:41:27 UTC
805841,Yellow Summer Squash,Grazier's Garden,526899,1 lb,SNAP,0.4,2.8,2.8,2.8,0.4,TRUE,HOLD: preserve existing SNAP price,2026-10-01 10:41:27 UTC
805841,Yellow Summer Squash,Grazier's Garden,526899,1 lb,Guest Basket,0.4,2.8,2.8,3.02,0.51,FALSE,Review before publishing,2026-10-01 10:41:27 UTC
805841,Yellow Summer Squash,Grazier's Garden,526899,1 lb,CSA Members,0.4,2.8,2.8,3.02,0.51,FALSE,Review before publishing,2026-10-01 10:41:27 UTC
805841,Yellow Summer Squash,Grazier's Garden,526899,1 lb,Herd Share Members,0.4,2.8,2.8,3.02,0.51,FALSE,Review before publishing,2026-10-01 10:41:27 UTC
805842,Tatsoi,Red Tail Growers,526900,1/2 lb bag,CSA Members,0.4,4.9,4.9,5.29,0.5114,FALSE,Review before publishing,2026-10-01 10:41:27 UTC
805842,Tatsoi,Red Tail Growers,526900,1/2 lb bag,Herd Share Members,0.4,4.9,4.9,5.29,0.5114,FALSE,Review before publishing,2026-10-01 10:41:27 UTC
805842,Tatsoi,Red Tail Growers,526900,1/2 lb bag,SNAP,0.4,4.9,4.9,4.9,0.4,TRUE,HOLD: preserve existing SNAP price,2026-10-01 10:41:27 UTC
805845,Yellow Potatoes (Canada Gold),Winter Green Farm,526903,1 lb,SNAP,0.4,3.01,3.01,3.01,0.4,TRUE,HOLD: preserve existing SNAP price,2026-10-01 10:41:27 UTC
805846,Walla Walla Onions,,526904,1 lb,CSA Members,0.4,2.8,1.75,1.75,-0.125,TRUE,HOLD: missing local vendor,2026-10-01 10:41:27 UTC
805846,Walla Walla Onions,,526904,1 lb,Herd Share Members,0.4,2.8,1.75,1.75,-0.125,TRUE,HOLD: missing local vendor,2026-10-01 10:41:27 UTC
805846,Walla Walla Onions,,526904,1 lb,SNAP,0.4,2.8,1.75,1.75,-0.125,TRUE,HOLD: missing local vendor,2026-10-01 10:41:27 UTC
805847,Butternut Squash,Grazier's Garden,526905,each,Herd Share Members,0.4,4.9,4.9,5.29,0.5114,FALSE,Review before publishing,2026-10-01 10:41:27 UTC
805847,Butternut Squash,Grazier's Garden,526905,each,SNAP,0.4,4.9,4.9,4.9,0.4,TRUE,HOLD: preserve existing SNAP price,2026-10-01 10:41:27 UTC
805847,Butternut Squash,Grazier's Garden,526905,each,Guest Basket,0.4,4.9,4.9,5.29,0.5114,FALSE,Review before publishing,2026-10-01 10:41:27 UTC
805847,Butternut Squash,Grazier's Garden,526905,each,CSA Members,0.4,4.9,4.9,5.29,0.5114,FALSE,Review before publishing,2026-10-01 10:41:27 UTC
805848,Green Curly Kale,Little Wings,526906,each,SNAP,0.4,2.8,2.8,2.8,0.4,TRUE,HOLD: preserve existing SNAP price,2026-10-01 10:41:27 UTC
805855,Paste Tomatoes,Grazier's Garden,526913,1 lb,Herd Share Members,0.4,3.5,3.5,3.78,0.512,FALSE,Review before publishing,2026-10-01 10:41:27 UTC
805855,Paste Tomatoes,Grazier's Garden,526913,1 lb,Guest Basket,0.4,3.5,3.5,3.78,0.512,FALSE,Review before publishing,2026-10-01 10:41:27 UTC
805855,Paste Tomatoes,Grazier's Garden,526913,1 lb,CSA Members,0.4,3.5,3.5,3.78,0.512,FALSE,Review before publishing,2026-10-01 10:41:27 UTC
805855,Paste Tomatoes,Grazier's Garden,526913,1 lb,SNAP,0.4,3.5,3.5,3.5,0.4,TRUE,HOLD: preserve existing SNAP price,2026-10-01 10:41:27 UTC
805856,Green Mizuna,Little Wings,526915,each,CSA Members,0.4,3.15,3.15,3.4,0.5111,FALSE,Review before publishing,2026-10-01 10:41:27 UTC
805856,Green Mizuna,Little Wings,526915,each,Guest Basket,0.4,3.15,3.15,3.4,0.5111,FALSE,Review before publishing,2026-10-01 10:41:27 UTC
805856,Green Mizuna,Little Wings,526915,each,Herd Share Members,0.4,3.15,3.15,3.4,0.5111,FALSE,Review before publishing,2026-10-01 10:41:27 UTC
805856,Green Mizuna,Little Wings,526915,each,SNAP,0.4,3.15,3.15,3.15,0.4,TRUE,HOLD: preserve existing SNAP price,2026-10-01 10:41:27 UTC
805858,Broccoli Greens,Grazier's Garden,526916,each,CSA Members,0.4,5.95,5.95,6.43,0.5129,FALSE,Review before publishing,2026-10-01 10:41:27 UTC
805858,Broccoli Greens,Grazier's Garden,526916,each,Herd Share Members,0.4,5.95,5.95,6.43,0.5129,FALSE,Review before publishing,2026-10-01 10:41:27 UTC
805858,Broccoli Greens,Grazier's Garden,526916,each,SNAP,0.4,5.95,5.95,5.95,0.4,TRUE,HOLD: preserve existing SNAP price,2026-10-01 10:41:27 UTC
805858,Broccoli Greens,Grazier's Garden,526916,each,Guest Basket,0.4,5.95,5.95,6.43,0.5129,FALSE,Review before publishing,2026-10-01 10:41:27 UTC
805861,Purple and Green Broccolini,Red Tail Growers,526919,each,Guest Basket,0.4,3.85,3.85,4.16,0.5127,FALSE,Review before publishing,2026-10-01 10:41:27 UTC
805861,Purple and Green Broccolini,Red Tail Growers,526919,each,CSA Members,0.4,3.85,3.85,4.16,0.5127,FALSE,Review before publishing,2026-10-01 10:41:27 UTC
805861,Purple and Green Broccolini,Red Tail Growers,526919,each,Herd Share Members,0.4,3.85,3.85,4.16,0.5127,FALSE,Review before publishing,2026-10-01 10:41:27 UTC
805861,Purple and Green Broccolini,Red Tail Growers,526919,each,SNAP,0.4,3.85,3.85,3.85,0.4,TRUE,HOLD: preserve existing SNAP price,2026-10-01 10:41:27 UTC
805862,Oxheart Heirloom Tomatoes,Grazier's Garden,526920,1 lb,CSA Members,0.4,5.6,5.6,6.05,0.5125,FALSE,Review before publishing,2026-10-01 10:41:27 UTC
805862,Oxheart Heirloom Tomatoes,Grazier's Garden,526920,1 lb,Guest Basket,0.4,5.6,5.6,6.05,0.5125,FALSE,Review before publishing,2026-10-01 10:41:27 UTC
805862,Oxheart Heirloom Tomatoes,Grazier's Garden,526920,1 lb,Herd Share Members,0.4,5.6,5.6,6.05,0.5125,FALSE,Review before publishing,2026-10-01 10:41:27 UTC
805862,Oxheart Heirloom Tomatoes,Grazier's Garden,526920,1 lb,SNAP,0.4,5.6,5.6,5.6,0.4,TRUE,HOLD: preserve existing SNAP price,2026-10-01 10:41:27 UTC
805866,Ho mi Zi (asian mustard heads),Camas Swale Farm,526924,each,SNAP,0.4,2.8,2.8,2.8,0.4,TRUE,HOLD: preserve existing SNAP price,2026-10-01 10:41:27 UTC
805866,Ho mi Zi (asian mustard heads),Camas Swale Farm,526924,each,CSA Members,0.4,2.8,2.8,3.02,0.51,FALSE,Review before publishing,2026-10-01 10:41:27 UTC
805869,Green  Butterhead Lettuce,Little Wings,526927,each,CSA Members,0.4,2.8,2.8,3.02,0.51,FALSE,Review before publishing,2026-10-01 10:41:27 UTC
805869,Green  Butterhead Lettuce,Little Wings,526927,each,SNAP,0.4,2.8,2.8,2.8,0.4,TRUE,HOLD: preserve existing SNAP price,2026-10-01 10:41:27 UTC
805869,Green  Butterhead Lettuce,Little Wings,526927,each,Guest Basket,0.4,2.8,2.8,3.02,0.51,FALSE,Review before publishing,2026-10-01 10:41:27 UTC
805870,Honeynut Squash,Camas Swale Farm,526928,each,Herd Share Members,0.4,4.55,4.55,4.91,0.5108,FALSE,Review before publishing,2026-10-01 10:41:27 UTC
805870,Honeynut Squash,Camas Swale Farm,526928,each,SNAP,0.4,4.55,4.55,4.55,0.4,TRUE,HOLD: preserve existing SNAP price,2026-10-01 10:41:27 UTC
805870,Honeynut Squash,Camas Swale Farm,526928,each,CSA Members,0.4,4.55,4.55,4.91,0.5108,FALSE,Review before publishing,2026-10-01 10:41:27 UTC
805872,Celery,Camas Swale Farm,526930,each,SNAP,0.4,3.5,3.5,3.5,0.4,TRUE,HOLD: preserve existing SNAP price,2026-10-01 10:41:27 UTC
805873,Butternut Squash,Full Farm CSA,526931,3-4 lbs each,SNAP,0.4,4.09,4.09,4.09,0.4007,TRUE,HOLD: preserve existing SNAP price,2026-10-01 10:41:27 UTC
805874,Kale Mix,Red Tail Growers,526932,1/2 lb,CSA Members,0.4,5.95,5.95,6.43,0.5129,FALSE,Review before publishing,2026-10-01 10:41:27 UTC
805874,Kale Mix,Red Tail Growers,526932,1/2 lb,Guest Basket,0.4,5.95,5.95,6.43,0.5129,FALSE,Review before publishing,2026-10-01 10:41:27 UTC
805874,Kale Mix,Red Tail Growers,526932,1/2 lb,SNAP,0.4,5.95,5.95,5.95,0.4,TRUE,HOLD: preserve existing SNAP price,2026-10-01 10:41:27 UTC
805875,Crimini Mushrooms,Organically Grown Company,526933,1 lb,SNAP,0.4,5.53,5.53,5.53,0.4,TRUE,HOLD: preserve existing SNAP price,2026-10-01T16:20:40.259Z
805876,Red Cherry Tomatoes,Little Wings,526934,each,CSA Members,0.4,4.9,4.9,5.29,0.5114,FALSE,Review before publishing,2026-10-01 10:41:27 UTC
805876,Red Cherry Tomatoes,Little Wings,526934,each,SNAP,0.4,4.9,4.9,4.9,0.4,TRUE,HOLD: preserve existing SNAP price,2026-10-01 10:41:27 UTC
805877,Castlefranco Chicory Head,Red Tail Growers,526935,each,CSA Members,0.4,2.59,2.59,2.8,0.5135,FALSE,Review before publishing,2026-10-01 10:41:27 UTC
805877,Castlefranco Chicory Head,Red Tail Growers,526935,each,Herd Share Members,0.4,2.59,2.59,2.8,0.5135,FALSE,Review before publishing,2026-10-01 10:41:27 UTC
805877,Castlefranco Chicory Head,Red Tail Growers,526935,each,Guest Basket,0.4,2.59,2.59,2.8,0.5135,FALSE,Review before publishing,2026-10-01 10:41:27 UTC
805877,Castlefranco Chicory Head,Red Tail Growers,526935,each,SNAP,0.4,2.59,2.59,2.59,0.4,TRUE,HOLD: preserve existing SNAP price,2026-10-01 10:41:27 UTC
805880,Fresh Chives,Red Tail Growers,526938,each,CSA Members,0.4,2.8,2.8,3.02,0.51,FALSE,Review before publishing,2026-10-01 10:41:27 UTC
805880,Fresh Chives,Red Tail Growers,526938,each,SNAP,0.4,2.8,2.8,2.8,0.4,TRUE,HOLD: preserve existing SNAP price,2026-10-01 10:41:27 UTC
805881,Cayenne Pepper,,526939,each,CSA Members,0.4,1.4,1.33,1.33,0.33,TRUE,HOLD: missing local vendor,2026-10-01 10:41:27 UTC
805881,Cayenne Pepper,,526939,each,Herd Share Members,0.4,1.4,1.33,1.33,0.33,TRUE,HOLD: missing local vendor,2026-10-01 10:41:27 UTC
805881,Cayenne Pepper,,526939,each,SNAP,0.4,1.4,1.33,1.33,0.33,TRUE,HOLD: missing local vendor,2026-10-01 10:41:27 UTC
805881,Cayenne Pepper,,526939,each,Guest Basket,0.55,1.55,1.4,1.4,0.4,TRUE,HOLD: missing local vendor,2026-10-01 10:41:27 UTC
805882,Green Cabbage,Red Tail Growers,526940,each,SNAP,0.4,5.6,5.6,5.6,0.4,TRUE,HOLD: preserve existing SNAP price,2026-10-01 10:41:27 UTC
805884,Delfino Cilantro,Red Tail Growers,526942,each,Herd Share Members,0.4,2.8,2.8,3.02,0.51,FALSE,Review before publishing,2026-10-01 10:41:27 UTC
805884,Delfino Cilantro,Red Tail Growers,526942,each,CSA Members,0.4,2.8,2.8,3.02,0.51,FALSE,Review before publishing,2026-10-01 10:41:27 UTC
805884,Delfino Cilantro,Red Tail Growers,526942,each,SNAP,0.4,2.8,2.8,2.8,0.4,TRUE,HOLD: preserve existing SNAP price,2026-10-01 10:41:27 UTC
805884,Delfino Cilantro,Red Tail Growers,526942,each,Guest Basket,0.4,2.8,2.8,3.02,0.51,FALSE,Review before publishing,2026-10-01 10:41:27 UTC
805885,Crisphead Lettuce,,526943,each,CSA Members,0.4,4.9,3,3,-0.1429,TRUE,HOLD: missing local vendor,2026-10-01 10:41:27 UTC
805885,Crisphead Lettuce,,526943,each,Herd Share Members,0.4,4.9,3,3,-0.1429,TRUE,HOLD: missing local vendor,2026-10-01 10:41:27 UTC
805885,Crisphead Lettuce,,526943,each,SNAP,0.4,4.9,3,3,-0.1429,TRUE,HOLD: missing local vendor,2026-10-01 10:41:27 UTC
805887,Padron Peppers,Camas Swale Farm,526945,1 pt,CSA Members,0.4,4.2,4.2,4.54,0.5133,FALSE,Review before publishing,2026-10-01 10:41:27 UTC
805887,Padron Peppers,Camas Swale Farm,526945,1 pt,SNAP,0.4,4.2,4.2,4.2,0.4,TRUE,HOLD: preserve existing SNAP price,2026-10-01 10:41:27 UTC
805888,Delicata Squash,Full Farm CSA,526946,about 2 lbs each,SNAP,0.4,3.22,3.22,3.22,0.4,TRUE,HOLD: preserve existing SNAP price,2026-10-01 10:41:27 UTC
805889,Dill,Camas Swale Farm,526947,each,CSA Members,0.4,2.8,2.8,3.02,0.51,FALSE,Review before publishing,2026-10-01 10:41:27 UTC
805889,Dill,Camas Swale Farm,526947,each,SNAP,0.4,2.8,2.8,2.8,0.4,TRUE,HOLD: preserve existing SNAP price,2026-10-01 10:41:27 UTC
805890,Lions Mane Mushrooms,Organically Grown Company,526948,1/2 lb,CSA Members,0.4,6.93,6.93,7.48,0.5111,FALSE,Review before publishing,2026-10-01 10:41:27 UTC
805890,Lions Mane Mushrooms,Organically Grown Company,526948,1/2 lb,Guest Basket,0.4,6.93,6.93,7.48,0.5111,FALSE,Review before publishing,2026-10-01 10:41:27 UTC
805890,Lions Mane Mushrooms,Organically Grown Company,526948,1/2 lb,Herd Share Members,0.4,6.93,6.93,7.48,0.5111,FALSE,Review before publishing,2026-10-01 10:41:27 UTC
805890,Lions Mane Mushrooms,Organically Grown Company,526948,1/2 lb,SNAP,0.4,6.93,6.93,6.93,0.4,TRUE,HOLD: preserve existing SNAP price,2026-10-01 10:41:27 UTC
805891,Edible Calendula Flower,Grazier's Garden,526949,each,CSA Members,0.4,5.6,5.6,6.05,0.5125,FALSE,Review before publishing,2026-10-01 10:41:27 UTC
805891,Edible Calendula Flower,Grazier's Garden,526949,each,SNAP,0.4,5.6,5.6,5.6,0.4,TRUE,HOLD: preserve existing SNAP price,2026-10-01 10:41:27 UTC
805891,Edible Calendula Flower,Grazier's Garden,526949,each,Herd Share Members,0.4,5.6,5.6,6.05,0.5125,FALSE,Review before publishing,2026-10-01 10:41:27 UTC
805892,Pickling Cucumber,Camas Swale Farm,526950,1 lb,CSA Members,0.4,3.5,3.5,3.78,0.512,FALSE,Review before publishing,2026-10-01 10:41:27 UTC
805892,Pickling Cucumber,Camas Swale Farm,526950,1 lb,Herd Share Members,0.4,3.5,3.5,3.78,0.512,FALSE,Review before publishing,2026-10-01 10:41:27 UTC
805892,Pickling Cucumber,Camas Swale Farm,526950,1 lb,Guest Basket,0.4,3.5,3.5,3.78,0.512,FALSE,Review before publishing,2026-10-01 10:41:27 UTC
805892,Pickling Cucumber,Camas Swale Farm,526950,1 lb,SNAP,0.4,3.5,3.5,3.5,0.4,TRUE,HOLD: preserve existing SNAP price,2026-10-01 10:41:27 UTC
805893,Fava Beans,Little Wings,526952,1 lb,CSA Members,0.4,3.08,3.08,3.33,0.5136,FALSE,Review before publishing,2026-10-01 10:41:27 UTC
805893,Fava Beans,Little Wings,526952,1 lb,SNAP,0.4,3.08,3.08,3.08,0.4,TRUE,HOLD: preserve existing SNAP price,2026-10-01 10:41:27 UTC
805898,Fennel,Little Wings,526956,each,SNAP,0.4,3.15,3.15,3.15,0.4,TRUE,HOLD: preserve existing SNAP price,2026-10-01 10:41:27 UTC
805899,French Breakfast Radish,Red Tail Growers,526957,each,Guest Basket,0.4,2.59,2.59,2.8,0.5135,FALSE,Review before publishing,2026-10-01 10:41:27 UTC
805899,French Breakfast Radish,Red Tail Growers,526957,each,Herd Share Members,0.4,2.59,2.59,2.8,0.5135,FALSE,Review before publishing,2026-10-01 10:41:27 UTC
805899,French Breakfast Radish,Red Tail Growers,526957,each,CSA Members,0.4,2.59,2.59,2.8,0.5135,FALSE,Review before publishing,2026-10-01 10:41:27 UTC
805899,French Breakfast Radish,Red Tail Growers,526957,each,SNAP,0.4,2.59,2.59,2.59,0.4,TRUE,HOLD: preserve existing SNAP price,2026-10-01 10:41:27 UTC
805900,Parsnips,Organically Grown Company,526958,1 lb,SNAP,0.4,3.5,3.5,3.5,0.4,TRUE,HOLD: preserve existing SNAP price,2026-10-01 10:41:27 UTC
805902,Sage,Little Wings,526960,each,CSA Members,0.4,2.8,2.8,3.02,0.51,FALSE,Review before publishing,2026-10-01 10:41:27 UTC
805902,Sage,Little Wings,526960,each,Herd Share Members,0.4,2.8,2.8,3.02,0.51,FALSE,Review before publishing,2026-10-01 10:41:27 UTC
805902,Sage,Little Wings,526960,each,Guest Basket,0.4,2.8,2.8,3.02,0.51,FALSE,Review before publishing,2026-10-01 10:41:27 UTC
805902,Sage,Little Wings,526960,each,SNAP,0.4,2.8,2.8,2.8,0.4,TRUE,HOLD: preserve existing SNAP price,2026-10-01 10:41:27 UTC
805903,Banana Shallots,,526961,1 lb,Herd Share Members,0.4,4.9,4.9,4.9,0.4,TRUE,HOLD: missing local vendor,2026-10-01 10:41:27 UTC
805903,Banana Shallots,,526961,1 lb,SNAP,0.4,4.9,4.9,4.9,0.4,TRUE,HOLD: missing local vendor,2026-10-01 10:41:27 UTC
805903,Banana Shallots,,526961,1 lb,CSA Members,0.4,4.9,4.9,4.9,0.4,TRUE,HOLD: missing local vendor,2026-10-01 10:41:27 UTC
805904,Portabella Mushrooms,Organically Grown Company,526962,each,CSA Members,0.4,10.15,10.15,10.96,0.5117,FALSE,Review before publishing,2026-10-01 10:41:27 UTC
805904,Portabella Mushrooms,Organically Grown Company,526962,each,Herd Share Members,0.4,10.15,10.15,10.96,0.5117,FALSE,Review before publishing,2026-10-01 10:41:27 UTC
805904,Portabella Mushrooms,Organically Grown Company,526962,each,SNAP,0.4,10.15,10.15,10.15,0.4,TRUE,HOLD: preserve existing SNAP price,2026-10-01 10:41:27 UTC
805906,Fresh Thyme,Red Tail Growers,526964,each,CSA Members,0.4,2.8,2.8,3.02,0.51,FALSE,Review before publishing,2026-10-01 10:41:27 UTC
805906,Fresh Thyme,Red Tail Growers,526964,each,SNAP,0.4,2.8,2.8,2.8,0.4,TRUE,HOLD: preserve existing SNAP price,2026-10-01 10:41:27 UTC
805907,Fresno Peppers,Camas Swale Farm,526965,1 lb,CSA Members,0.4,7,7,7.56,0.512,FALSE,Review before publishing,2026-10-01 10:41:27 UTC
805907,Fresno Peppers,Camas Swale Farm,526965,1 lb,SNAP,0.4,7,7,7,0.4,TRUE,HOLD: preserve existing SNAP price,2026-10-01 10:41:27 UTC
805909,Garlic Scapes,Camas Swale Farm,526967,bunch,CSA Members,0.4,3.5,3.5,3.78,0.512,FALSE,Review before publishing,2026-10-01 10:41:27 UTC
805909,Garlic Scapes,Camas Swale Farm,526967,bunch,Herd Share Members,0.4,3.5,3.5,3.78,0.512,FALSE,Review before publishing,2026-10-01 10:41:27 UTC
805909,Garlic Scapes,Camas Swale Farm,526967,bunch,Guest Basket,0.4,3.5,3.5,3.78,0.512,FALSE,Review before publishing,2026-10-01 10:41:27 UTC
805909,Garlic Scapes,Camas Swale Farm,526967,bunch,SNAP,0.4,3.5,3.5,3.5,0.4,TRUE,HOLD: preserve existing SNAP price,2026-10-01 10:41:27 UTC
805911,Frisee Lettuce,Little Wings,526969,each,SNAP,0.4,3.5,3.5,3.5,0.4,TRUE,HOLD: preserve existing SNAP price,2026-10-01 10:41:27 UTC
805911,Frisee Lettuce,Little Wings,526969,each,CSA Members,0.4,3.5,3.5,3.78,0.512,FALSE,Review before publishing,2026-10-01 10:41:27 UTC
805913,Green Bell Pepper,Camas Swale Farm,526971,1 lb,CSA Members,0.4,3.5,3.5,3.78,0.512,FALSE,Review before publishing,2026-10-01 10:41:27 UTC
805913,Green Bell Pepper,Camas Swale Farm,526971,1 lb,SNAP,0.4,3.5,3.5,3.5,0.4,TRUE,HOLD: preserve existing SNAP price,2026-10-01 10:41:27 UTC
805918,Red Onion,Small is Beautiful Farm,526979,lb,CSA Members,0.4,2.1,2.1,2.27,0.5133,FALSE,Review before publishing,2026-10-01 10:41:27 UTC
805918,Red Onion,Small is Beautiful Farm,526979,lb,SNAP,0.4,2.1,2.1,2.1,0.4,TRUE,HOLD: preserve existing SNAP price,2026-10-01 10:41:27 UTC
805919,Green Romaine Little Gem,Red Tail Growers,526978,each,CSA Members,0.4,1.89,1.89,2.04,0.5111,FALSE,Review before publishing,2026-10-01 10:41:27 UTC
805919,Green Romaine Little Gem,Red Tail Growers,526978,each,SNAP,0.4,1.89,1.89,1.89,0.4,TRUE,HOLD: preserve existing SNAP price,2026-10-01 10:41:27 UTC
805920,Red Bell Peppers,Camas Swale Farm,526980,each,CSA Members,0.4,7.7,7.7,8.32,0.5127,FALSE,Review before publishing,2026-10-01 10:41:27 UTC
805920,Red Bell Peppers,Camas Swale Farm,526980,each,Herd Share Members,0.4,7.7,7.7,8.32,0.5127,FALSE,Review before publishing,2026-10-01 10:41:27 UTC
805920,Red Bell Peppers,Camas Swale Farm,526980,each,SNAP,0.4,7.7,7.7,7.7,0.4,TRUE,HOLD: preserve existing SNAP price,2026-10-01 10:41:27 UTC
805921,Green Romaine Lettuce,,526981,each,CSA Members,0.4,2.45,2.5,2.5,0.4286,TRUE,HOLD: missing local vendor,2026-10-01 10:41:27 UTC
805921,Green Romaine Lettuce,,526981,each,Herd Share Members,0.4,2.45,2.5,2.5,0.4286,TRUE,HOLD: missing local vendor,2026-10-01 10:41:27 UTC
805921,Green Romaine Lettuce,,526981,each,Guest Basket,0.55,2.71,2.45,2.45,0.4,TRUE,HOLD: missing local vendor,2026-10-01 10:41:27 UTC
805921,Green Romaine Lettuce,,526981,each,SNAP,0.4,2.45,2.5,2.5,0.4286,TRUE,HOLD: missing local vendor,2026-10-01 10:41:27 UTC
805922,Green Tomatoes,Grazier's Garden,526982,1 lb,CSA Members,0.4,2.8,2.8,3.02,0.51,FALSE,Review before publishing,2026-10-01 10:41:27 UTC
805922,Green Tomatoes,Grazier's Garden,526982,1 lb,Guest Basket,0.4,2.8,2.8,3.02,0.51,FALSE,Review before publishing,2026-10-01 10:41:27 UTC
805922,Green Tomatoes,Grazier's Garden,526982,1 lb,SNAP,0.4,2.8,2.8,2.8,0.4,TRUE,HOLD: preserve existing SNAP price,2026-10-01 10:41:27 UTC
805925,Green Scallions,Camas Swale Farm,526985,each,CSA Members,0.4,2.8,2.8,3.02,0.51,FALSE,Review before publishing,2026-10-01 10:41:27 UTC
805925,Green Scallions,Camas Swale Farm,526985,each,SNAP,0.4,2.8,2.8,2.8,0.4,TRUE,HOLD: preserve existing SNAP price,2026-10-01 10:41:27 UTC
805927,Shiitake Mushrooms,Organically Grown Company,526987,1/2 lb,SNAP,0.4,5.71,5.71,5.71,0.3995,TRUE,HOLD: preserve existing SNAP price,2026-10-01T16:20:40.672Z
805928,Sweet Salad Turnips,Red Tail Growers,526988,bu,SNAP,0.4,3.5,3.5,3.5,0.4,TRUE,HOLD: preserve existing SNAP price,2026-10-01 10:41:27 UTC
805928,Sweet Salad Turnips,Red Tail Growers,526988,bu,CSA Members,0.4,3.5,3.5,3.78,0.512,FALSE,Review before publishing,2026-10-01 10:41:27 UTC
805929,Hungarian Hot Wax Pepper,Little Wings,526989,lb.,Guest Basket,0.4,5.95,5.95,6.43,0.5129,FALSE,Review before publishing,2026-10-01 10:41:27 UTC
805929,Hungarian Hot Wax Pepper,Little Wings,526989,lb.,CSA Members,0.4,5.95,5.95,6.43,0.5129,FALSE,Review before publishing,2026-10-01 10:41:27 UTC
805929,Hungarian Hot Wax Pepper,Little Wings,526989,lb.,SNAP,0.4,5.95,5.95,5.95,0.4,TRUE,HOLD: preserve existing SNAP price,2026-10-01 10:41:27 UTC
805932,Shallots,Red Tail Growers,526992,1 lb,SNAP,0.4,5.6,5.6,5.6,0.4,TRUE,HOLD: preserve existing SNAP price,2026-10-01 10:41:27 UTC
805933,Purple Bell Peppers,Grazier's Garden,526993,each,Herd Share Members,0.4,2.8,2.8,3.02,0.51,FALSE,Review before publishing,2026-10-01 10:41:27 UTC
805933,Purple Bell Peppers,Grazier's Garden,526993,each,Guest Basket,0.4,2.8,2.8,3.02,0.51,FALSE,Review before publishing,2026-10-01 10:41:27 UTC
805933,Purple Bell Peppers,Grazier's Garden,526993,each,CSA Members,0.4,2.8,2.8,3.02,0.51,FALSE,Review before publishing,2026-10-01 10:41:27 UTC
805933,Purple Bell Peppers,Grazier's Garden,526993,each,SNAP,0.4,2.8,2.8,2.8,0.4,TRUE,HOLD: preserve existing SNAP price,2026-10-01 10:41:27 UTC
805934,"Herb Bundle: Rosemary, Thyme and Sage Combo",Little Wings,526994,each,CSA Members,0.4,2.8,2.8,3.02,0.51,FALSE,Review before publishing,2026-10-01 10:41:27 UTC
805934,"Herb Bundle: Rosemary, Thyme and Sage Combo",Little Wings,526994,each,SNAP,0.4,2.8,2.8,2.8,0.4,TRUE,HOLD: preserve existing SNAP price,2026-10-01 10:41:27 UTC
805936,Fresh Oregano,Grazier's Garden,526996,Bunch,SNAP,0.4,2.8,2.8,2.8,0.4,TRUE,HOLD: preserve existing SNAP price,2026-10-01 10:41:27 UTC
805936,Fresh Oregano,Grazier's Garden,526996,Bunch,CSA Members,0.4,2.8,2.8,3.02,0.51,FALSE,Review before publishing,2026-10-01 10:41:27 UTC
805938,Sunchokes,Organically Grown Company,526998,1 lb,SNAP,0.4,5.74,5.74,5.74,0.4,TRUE,HOLD: preserve existing SNAP price,2026-10-01 10:41:27 UTC
805939,Jalapeño Peppers,Little Wings,526999,Lb.,Herd Share Members,0.4,4.9,4.9,5.29,0.5114,FALSE,Review before publishing,2026-10-01 10:41:27 UTC
805939,Jalapeño Peppers,Little Wings,526999,Lb.,Guest Basket,0.4,4.9,4.9,5.29,0.5114,FALSE,Review before publishing,2026-10-01 10:41:27 UTC
805939,Jalapeño Peppers,Little Wings,526999,Lb.,SNAP,0.4,4.9,4.9,4.9,0.4,TRUE,HOLD: preserve existing SNAP price,2026-10-01 10:41:27 UTC
805939,Jalapeño Peppers,Little Wings,526999,Lb.,CSA Members,0.4,4.9,4.9,5.29,0.5114,FALSE,Review before publishing,2026-10-01 10:41:27 UTC
805940,Pea Shoots,Little Wings,527000,4 oz,CSA Members,0.4,4.55,4.55,4.91,0.5108,FALSE,Review before publishing,2026-10-01 10:41:27 UTC
805940,Pea Shoots,Little Wings,527000,4 oz,SNAP,0.4,4.55,4.55,4.55,0.4,TRUE,HOLD: preserve existing SNAP price,2026-10-01 10:41:27 UTC
805941,Sugar Snap Peas,Little Wings,527001,1 lb,CSA Members,0.4,9.1,9.1,9.83,0.5123,FALSE,Review before publishing,2026-10-01 10:41:27 UTC
805941,Sugar Snap Peas,Little Wings,527001,1 lb,SNAP,0.4,9.1,9.1,9.1,0.4,TRUE,HOLD: preserve existing SNAP price,2026-10-01 10:41:27 UTC
805942,Candy Sweet Onion,Red Tail Growers,527002,1 lb,Herd Share Members,0.4,2.1,2.1,2.27,0.5133,FALSE,Review before publishing,2026-10-01 10:41:27 UTC
805942,Candy Sweet Onion,Red Tail Growers,527002,1 lb,Guest Basket,0.4,2.1,2.1,2.27,0.5133,FALSE,Review before publishing,2026-10-01 10:41:27 UTC
805942,Candy Sweet Onion,Red Tail Growers,527002,1 lb,CSA Members,0.4,2.1,2.1,2.27,0.5133,FALSE,Review before publishing,2026-10-01 10:41:27 UTC
805942,Candy Sweet Onion,Red Tail Growers,527002,1 lb,SNAP,0.4,2.1,2.1,2.1,0.4,TRUE,HOLD: preserve existing SNAP price,2026-10-01 10:41:27 UTC
805943,Red Jimmy Nardello Peppers,Little Wings,527003,1 lb,CSA Members,0.4,5.6,5.6,6.05,0.5125,FALSE,Review before publishing,2026-10-01 10:41:27 UTC
805943,Red Jimmy Nardello Peppers,Little Wings,527003,1 lb,SNAP,0.4,5.6,5.6,5.6,0.4,TRUE,HOLD: preserve existing SNAP price,2026-10-01 10:41:27 UTC
805944,Poblano Peppers,Little Wings,527004,1 lb,CSA Members,0.4,6.3,6.3,6.8,0.5111,FALSE,Review before publishing,2026-10-01 10:41:27 UTC
805944,Poblano Peppers,Little Wings,527004,1 lb,SNAP,0.4,6.3,6.3,6.3,0.4,TRUE,HOLD: preserve existing SNAP price,2026-10-01 10:41:27 UTC
805945,Sugarloaf Chicory,Organically Grown Company,527005,each,Guest Basket,0.4,4.49,4.49,4.85,0.5109,FALSE,Review before publishing,2026-10-01 10:41:27 UTC
805945,Sugarloaf Chicory,Organically Grown Company,527005,each,SNAP,0.4,4.49,4.49,4.49,0.3988,TRUE,HOLD: preserve existing SNAP price,2026-10-01 10:41:27 UTC
805945,Sugarloaf Chicory,Organically Grown Company,527005,each,CSA Members,0.4,4.49,4.49,4.85,0.5109,FALSE,Review before publishing,2026-10-01 10:41:27 UTC
805948,Orange Kabocha Squash,Red Tail Growers,527008,each,CSA Members,0.4,5.6,5.6,6.05,0.5125,FALSE,Review before publishing,2026-10-01 10:41:27 UTC
805948,Orange Kabocha Squash,Red Tail Growers,527008,each,Herd Share Members,0.4,5.6,5.6,6.05,0.5125,FALSE,Review before publishing,2026-10-01 10:41:27 UTC
805948,Orange Kabocha Squash,Red Tail Growers,527008,each,SNAP,0.4,5.6,5.6,5.6,0.4,TRUE,HOLD: preserve existing SNAP price,2026-10-01 10:41:27 UTC
805948,Orange Kabocha Squash,Red Tail Growers,527008,each,Guest Basket,0.4,5.6,5.6,6.05,0.5125,FALSE,Review before publishing,2026-10-01 10:41:27 UTC
805950,Bi-Color Corn,Camas Swale Farm,527010,each,SNAP,0.4,1.54,1.54,1.54,0.4,TRUE,HOLD: preserve existing SNAP price,2026-10-01 10:41:27 UTC
805951,Purple Onion,Grazier's Garden,527011,each,CSA Members,0.4,6.65,6.65,7.18,0.5116,FALSE,Review before publishing,2026-10-01 10:41:27 UTC
805951,Purple Onion,Grazier's Garden,527011,each,Herd Share Members,0.4,6.65,6.65,7.18,0.5116,FALSE,Review before publishing,2026-10-01 10:41:27 UTC
805951,Purple Onion,Grazier's Garden,527011,each,SNAP,0.4,6.65,6.65,6.65,0.4,TRUE,HOLD: preserve existing SNAP price,2026-10-01 10:41:27 UTC
805952,Kohlrabi Purple or Green,,527012,1 bunch,CSA Members,0.4,3.15,3.02,3.02,0.3422,TRUE,HOLD: missing local vendor,2026-06-06 10:41:50 UTC
805952,Kohlrabi Purple or Green,,527012,1 bunch,Herd Share Members,0.4,3.15,3.02,3.02,0.3422,TRUE,HOLD: missing local vendor,2026-06-06 10:41:50 UTC
805952,Kohlrabi Purple or Green,,527012,1 bunch,Guest Basket,0.55,3.49,3.15,3.15,0.4,TRUE,HOLD: missing local vendor,2026-06-06 10:41:50 UTC
805952,Kohlrabi Purple or Green,,527012,1 bunch,SNAP,0.4,3.15,3.02,3.02,0.3422,TRUE,HOLD: missing local vendor,2026-06-06 10:41:50 UTC
805954,Sweet Italian Peppers,Camas Swale Farm,527014,each,CSA Members,0.4,4.69,4.69,5.07,0.5134,FALSE,Review before publishing,2026-10-01 10:41:27 UTC
805954,Sweet Italian Peppers,Camas Swale Farm,527014,each,Herd Share Members,0.4,4.69,4.69,5.07,0.5134,FALSE,Review before publishing,2026-10-01 10:41:27 UTC
805954,Sweet Italian Peppers,Camas Swale Farm,527014,each,Guest Basket,0.4,4.69,4.69,5.07,0.5134,FALSE,Review before publishing,2026-10-01 10:41:27 UTC
805954,Sweet Italian Peppers,Camas Swale Farm,527014,each,SNAP,0.4,4.69,4.69,4.69,0.4,TRUE,HOLD: preserve existing SNAP price,2026-10-01 10:41:27 UTC
805955,Purple Sprouting Broccoli,Grazier's Garden,527015,each,Guest Basket,0.4,3.85,3.85,4.16,0.5127,FALSE,Review before publishing,2026-10-01 10:41:27 UTC
805955,Purple Sprouting Broccoli,Grazier's Garden,527015,each,CSA Members,0.4,3.85,3.85,4.16,0.5127,FALSE,Review before publishing,2026-10-01 10:41:27 UTC
805955,Purple Sprouting Broccoli,Grazier's Garden,527015,each,Herd Share Members,0.4,3.85,3.85,4.16,0.5127,FALSE,Review before publishing,2026-10-01 10:41:27 UTC
805955,Purple Sprouting Broccoli,Grazier's Garden,527015,each,SNAP,0.4,3.85,3.85,3.85,0.4,TRUE,HOLD: preserve existing SNAP price,2026-10-01 10:41:27 UTC
805956,Braising Chicories,Red Tail Growers,527016,1/2 lb,Herd Share Members,0.4,5.6,5.6,6.05,0.5125,FALSE,Review before publishing,2026-10-01 10:41:27 UTC
805956,Braising Chicories,Red Tail Growers,527016,1/2 lb,Guest Basket,0.4,5.6,5.6,6.05,0.5125,FALSE,Review before publishing,2026-10-01 10:41:27 UTC
805956,Braising Chicories,Red Tail Growers,527016,1/2 lb,CSA Members,0.4,5.6,5.6,6.05,0.5125,FALSE,Review before publishing,2026-10-01 10:41:27 UTC
805956,Braising Chicories,Red Tail Growers,527016,1/2 lb,SNAP,0.4,5.6,5.6,5.6,0.4,TRUE,HOLD: preserve existing SNAP price,2026-10-01 10:41:27 UTC
805957,Italian (Dino) Kale,Camas Swale Farm,527017,bu.,SNAP,0.4,2.66,2.66,2.66,0.4,TRUE,HOLD: preserve existing SNAP price,2026-10-01 10:41:27 UTC
805958,Rainbow Chard,Grazier's Garden,527019,each,CSA Members,0.4,3,3,3.24,0.514,FALSE,Review before publishing,2026-10-01 10:41:27 UTC
805958,Rainbow Chard,Grazier's Garden,527019,each,SNAP,0.4,3,3,3,0.4019,TRUE,HOLD: preserve existing SNAP price,2026-10-01 10:41:27 UTC
805962,Red Butter-head Little Gem Lettuce,,527022,each,CSA Members,0.4,1.96,1.88,1.88,0.3429,TRUE,HOLD: missing local vendor,2026-10-01 10:41:27 UTC
805962,Red Butter-head Little Gem Lettuce,,527022,each,Herd Share Members,0.4,1.96,1.88,1.88,0.3429,TRUE,HOLD: missing local vendor,2026-10-01 10:41:27 UTC
805962,Red Butter-head Little Gem Lettuce,,527022,each,SNAP,0.4,1.96,1.88,1.88,0.3429,TRUE,HOLD: missing local vendor,2026-10-01 10:41:27 UTC
805962,Red Butter-head Little Gem Lettuce,,527022,each,Guest Basket,0.55,2.17,1.96,1.96,0.4,TRUE,HOLD: missing local vendor,2026-10-01 10:41:27 UTC
805963,Swiss Chard,Camas Swale Farm,527023,each,CSA Members,0.4,4.55,4.55,4.91,0.5108,FALSE,Review before publishing,2026-10-01 10:41:27 UTC
805963,Swiss Chard,Camas Swale Farm,527023,each,Herd Share Members,0.4,4.55,4.55,4.91,0.5108,FALSE,Review before publishing,2026-10-01 10:41:27 UTC
805963,Swiss Chard,Camas Swale Farm,527023,each,SNAP,0.4,4.55,4.55,4.55,0.4,TRUE,HOLD: preserve existing SNAP price,2026-10-01 10:41:27 UTC
805964,Green Pole Beans,,527024,1 lb,CSA Members,0.4,6.3,6.08,6.08,0.3511,TRUE,HOLD: missing local vendor,2026-10-01 10:41:27 UTC
805964,Green Pole Beans,,527024,1 lb,Herd Share Members,0.4,6.3,6.08,6.08,0.3511,TRUE,HOLD: missing local vendor,2026-10-01 10:41:27 UTC
805964,Green Pole Beans,,527024,1 lb,SNAP,0.4,6.3,6.08,6.08,0.3511,TRUE,HOLD: missing local vendor,2026-10-01 10:41:27 UTC
805964,Green Pole Beans,,527024,1 lb,Guest Basket,0.55,6.98,6.3,6.3,0.4,TRUE,HOLD: missing local vendor,2026-10-01 10:41:27 UTC
805965,Red Slicer Tomato,Grazier's Garden,527025,lb,Herd Share Members,0.4,2.8,2.8,3.02,0.51,FALSE,Review before publishing,2026-10-01 10:41:27 UTC
805965,Red Slicer Tomato,Grazier's Garden,527025,lb,Guest Basket,0.4,2.8,2.8,3.02,0.51,FALSE,Review before publishing,2026-10-01 10:41:27 UTC
805965,Red Slicer Tomato,Grazier's Garden,527025,lb,CSA Members,0.4,2.8,2.8,3.02,0.51,FALSE,Review before publishing,2026-10-01 10:41:27 UTC
805965,Red Slicer Tomato,Grazier's Garden,527025,lb,SNAP,0.4,2.8,2.8,2.8,0.4,TRUE,HOLD: preserve existing SNAP price,2026-10-01 10:41:27 UTC
805967,Sweet Gypsy Red Peppers,Small is Beautiful Farm,527027,each,CSA Members,0.4,1.4,1.4,1.51,0.51,FALSE,Review before publishing,2026-10-01 10:41:27 UTC
805967,Sweet Gypsy Red Peppers,Small is Beautiful Farm,527027,each,Herd Share Members,0.4,1.4,1.4,1.51,0.51,FALSE,Review before publishing,2026-10-01 10:41:27 UTC
805967,Sweet Gypsy Red Peppers,Small is Beautiful Farm,527027,each,Guest Basket,0.4,1.4,1.4,1.51,0.51,FALSE,Review before publishing,2026-10-01 10:41:27 UTC
805967,Sweet Gypsy Red Peppers,Small is Beautiful Farm,527027,each,SNAP,0.4,1.4,1.4,1.4,0.4,TRUE,HOLD: preserve existing SNAP price,2026-10-01 10:41:27 UTC
805975,Orange Bell Pepper,Little Wings,527035,1 lb,CSA Members,0.4,6.16,6.16,6.65,0.5114,FALSE,Review before publishing,2026-10-01 10:41:27 UTC
805975,Orange Bell Pepper,Little Wings,527035,1 lb,SNAP,0.4,6.16,6.16,6.16,0.4,TRUE,HOLD: preserve existing SNAP price,2026-10-01 10:41:27 UTC
805977,Salad Mix,Little Wings,527037,1/2 lb,CSA Members,0.4,6.3,6.3,6.8,0.5111,FALSE,Review before publishing,2026-10-01 10:41:27 UTC
805977,Salad Mix,Little Wings,527037,1/2 lb,SNAP,0.4,6.3,6.3,6.3,0.4,TRUE,HOLD: preserve existing SNAP price,2026-10-01 10:41:27 UTC
805978,Parsley,Camas Swale Farm,527038,each,CSA Members,0.4,2.8,2.8,3.02,0.51,FALSE,Review before publishing,2026-10-01 10:41:27 UTC
805978,Parsley,Camas Swale Farm,527038,each,SNAP,0.4,2.8,2.8,2.8,0.4,TRUE,HOLD: preserve existing SNAP price,2026-10-01 10:41:27 UTC
805979,Green Zucchini,Camas Swale Farm,527039,1 lb,SNAP,0.4,2.8,2.8,2.8,0.4,TRUE,HOLD: preserve existing SNAP price,2026-10-01 10:41:27 UTC
805979,Green Zucchini,Camas Swale Farm,527039,1 lb,CSA Members,0.4,2.8,2.8,3.02,0.51,FALSE,Review before publishing,2026-10-01 10:41:27 UTC
805981,Savoy Cabbage,Organically Grown Company,527041,each,SNAP,0.4,3.15,3.15,3.15,0.4,TRUE,HOLD: preserve existing SNAP price,2026-10-01 10:41:27 UTC
805982,Peppermint,,527042,each,CSA Members,0.4,4.9,3,3,-0.1429,TRUE,HOLD: missing local vendor,2026-10-01 10:41:27 UTC
805982,Peppermint,,527042,each,Herd Share Members,0.4,4.9,3,3,-0.1429,TRUE,HOLD: missing local vendor,2026-10-01 10:41:27 UTC
805982,Peppermint,,527042,each,SNAP,0.4,4.9,3,3,-0.1429,TRUE,HOLD: missing local vendor,2026-10-01 10:41:27 UTC
805983,Shishito Frying Pepper,Camas Swale Farm,527043,each,CSA Members,0.4,4.2,4.2,4.54,0.5133,FALSE,Review before publishing,2026-10-01 10:41:27 UTC
805983,Shishito Frying Pepper,Camas Swale Farm,527043,each,SNAP,0.4,4.2,4.2,4.2,0.4,TRUE,HOLD: preserve existing SNAP price,2026-10-01 10:41:27 UTC
805984,Purple Kohlrabi,Little Wings,527048,1 bunch,CSA Members,0.4,3.15,3.15,3.4,0.5111,FALSE,Review before publishing,2026-10-01 10:41:27 UTC
805984,Purple Kohlrabi,Little Wings,527048,1 bunch,Guest Basket,0.4,3.15,3.15,3.4,0.5111,FALSE,Review before publishing,2026-10-01 10:41:27 UTC
805984,Purple Kohlrabi,Little Wings,527048,1 bunch,SNAP,0.4,3.15,3.15,3.15,0.4,TRUE,HOLD: preserve existing SNAP price,2026-10-01 10:41:27 UTC
805986,Red Slicer Tomatoes,Grazier's Garden,527045,1 lb,SNAP,0.4,3.08,3.08,3.08,0.4,TRUE,HOLD: preserve existing SNAP price,2026-10-01 10:41:27 UTC
805986,Red Slicer Tomatoes,Grazier's Garden,527045,1 lb,Herd Share Members,0.4,3.08,3.08,3.33,0.5136,FALSE,Review before publishing,2026-10-01 10:41:27 UTC
805986,Red Slicer Tomatoes,Grazier's Garden,527045,1 lb,CSA Members,0.4,3.08,3.08,3.33,0.5136,FALSE,Review before publishing,2026-10-01 10:41:27 UTC
805986,Red Slicer Tomatoes,Grazier's Garden,527045,1 lb,Guest Basket,0.4,3.08,3.08,3.33,0.5136,FALSE,Review before publishing,2026-10-01 10:41:27 UTC
805990,Purple Scallions,Little Wings,527049,each,CSA Members,0.4,2.8,2.8,3.02,0.51,FALSE,Review before publishing,2026-10-01 10:41:27 UTC
805990,Purple Scallions,Little Wings,527049,each,SNAP,0.4,2.8,2.8,2.8,0.4,TRUE,HOLD: preserve existing SNAP price,2026-10-01 10:41:27 UTC
805991,Red Radicchio,Red Tail Growers,527051,each,CSA Members,0.4,3.29,3.29,3.55,0.5106,FALSE,Review before publishing,2026-10-01 10:41:27 UTC
805991,Red Radicchio,Red Tail Growers,527051,each,SNAP,0.4,3.29,3.29,3.29,0.4,TRUE,HOLD: preserve existing SNAP price,2026-10-01 10:41:27 UTC
805993,Castelfranco Radicchio,Red Tail Growers,527053,each,CSA Members,0.4,2.8,2.8,3.02,0.51,FALSE,Review before publishing,2026-10-01 10:41:27 UTC
805993,Castelfranco Radicchio,Red Tail Growers,527053,each,Guest Basket,0.4,2.8,2.8,3.02,0.51,FALSE,Review before publishing,2026-10-01 10:41:27 UTC
805993,Castelfranco Radicchio,Red Tail Growers,527053,each,Herd Share Members,0.4,2.8,2.8,3.02,0.51,FALSE,Review before publishing,2026-10-01 10:41:27 UTC
805993,Castelfranco Radicchio,Red Tail Growers,527053,each,SNAP,0.4,2.8,2.8,2.8,0.4,TRUE,HOLD: preserve existing SNAP price,2026-10-01 10:41:27 UTC
805995,Radicchio Treviso,Red Tail Growers,527055,each,Guest Basket,0.4,2.8,2.8,3.02,0.51,FALSE,Review before publishing,2026-10-01 10:41:27 UTC
805995,Radicchio Treviso,Red Tail Growers,527055,each,Herd Share Members,0.4,2.8,2.8,3.02,0.51,FALSE,Review before publishing,2026-10-01 10:41:27 UTC
805995,Radicchio Treviso,Red Tail Growers,527055,each,CSA Members,0.4,2.8,2.8,3.02,0.51,FALSE,Review before publishing,2026-10-01 10:41:27 UTC
805995,Radicchio Treviso,Red Tail Growers,527055,each,SNAP,0.4,2.8,2.8,2.8,0.4,TRUE,HOLD: preserve existing SNAP price,2026-10-01 10:41:27 UTC
805997,Red Butterhead Lettuce,Little Wings,527057,each,CSA Members,0.4,2.8,2.8,3.02,0.51,FALSE,Review before publishing,2026-10-01 10:41:27 UTC
805997,Red Butterhead Lettuce,Little Wings,527057,each,SNAP,0.4,2.8,2.8,2.8,0.4,TRUE,HOLD: preserve existing SNAP price,2026-10-01 10:41:27 UTC
805999,Sora Radish,Grazier's Garden,527059,each,CSA Members,0.4,2.8,2.8,3.02,0.51,FALSE,Review before publishing,2026-10-01 10:41:27 UTC
805999,Sora Radish,Grazier's Garden,527059,each,Guest Basket,0.4,2.8,2.8,3.02,0.51,FALSE,Review before publishing,2026-10-01 10:41:27 UTC
805999,Sora Radish,Grazier's Garden,527059,each,Herd Share Members,0.4,2.8,2.8,3.02,0.51,FALSE,Review before publishing,2026-10-01 10:41:27 UTC
805999,Sora Radish,Grazier's Garden,527059,each,SNAP,0.4,2.8,2.8,2.8,0.4,TRUE,HOLD: preserve existing SNAP price,2026-10-01 10:41:27 UTC
806007,Pink Beauty Radish,Winter Green Farm,527067,each,SNAP,0.4,2.45,2.45,2.45,0.4,TRUE,HOLD: preserve existing SNAP price,2026-10-01 10:41:27 UTC
806007,Pink Beauty Radish,Winter Green Farm,527067,each,CSA Members,0.4,2.45,2.45,2.65,0.5143,FALSE,Review before publishing,2026-10-01 10:41:27 UTC
806009,Slicer Cucumbers,Camas Swale Farm,527069,1 lb,SNAP,0.4,2.8,2.8,2.8,0.4,TRUE,HOLD: preserve existing SNAP price,2026-10-01 10:41:27 UTC
806012,Yacon Tuber,Full Farm CSA,527072,1 lb,CSA Members,0.4,3.5,3.5,3.78,0.512,FALSE,Review before publishing,2026-10-01 10:41:27 UTC
806012,Yacon Tuber,Full Farm CSA,527072,1 lb,Herd Share Members,0.4,3.5,3.5,3.78,0.512,FALSE,Review before publishing,2026-10-01 10:41:27 UTC
806012,Yacon Tuber,Full Farm CSA,527072,1 lb,Guest Basket,0.4,3.5,3.5,3.78,0.512,FALSE,Review before publishing,2026-10-01 10:41:27 UTC
806012,Yacon Tuber,Full Farm CSA,527072,1 lb,SNAP,0.4,3.5,3.5,3.5,0.4,TRUE,HOLD: preserve existing SNAP price,2026-10-01 10:41:27 UTC
806019,Gluten Free Banana Cream Pie,Elegant Elephant Baking Co.,527081,"6""",SNAP,0.4,11.2,11.2,11.2,0.4,TRUE,HOLD: preserve existing SNAP price,2026-10-01 10:41:27 UTC
806020,Blackberry Herbalism Kombucha,BNF Kombucha and Jun,527082,16 fl. oz,SNAP,0.4,4.68,4.68,4.68,0.4012,TRUE,HOLD: preserve existing SNAP price,2026-10-01 10:41:27 UTC
806022,Gluten Free Blackberry Hand Pie,Elegant Elephant Baking Co.,527084,each,SNAP,0.4,4.2,4.2,4.2,0.4,TRUE,HOLD: preserve existing SNAP price,2026-10-01 10:41:27 UTC
806023,Ginger Turmeric Jun,BNF Kombucha and Jun,527085,16 fl. oz,SNAP,0.4,5.25,5.25,5.25,0.4,TRUE,HOLD: preserve existing SNAP price,2026-10-01 10:41:27 UTC
806023,Ginger Turmeric Jun,BNF Kombucha and Jun,527085,16 fl. oz,CSA Members,0.4,5.25,5.25,5.67,0.512,FALSE,Review before publishing,2026-10-01 10:41:27 UTC
806024,Braided Challah (plain),Reality Kitchen Nonprofit,527086,each,SNAP,0.4,9.1,9.1,9.1,0.4,TRUE,HOLD: preserve existing SNAP price,2026-10-01 10:41:27 UTC
806025,Gluten Free Blueberry Scone,Elegant Elephant Baking Co.,527087,each,SNAP,0.4,4.2,4.2,4.2,0.4,TRUE,HOLD: preserve existing SNAP price,2026-10-01 10:41:27 UTC
806025,Gluten Free Blueberry Scone,Elegant Elephant Baking Co.,527087,each,Guest Basket,0.4,4.2,4.2,4.54,0.5133,FALSE,Review before publishing,2026-10-01 10:41:27 UTC
806025,Gluten Free Blueberry Scone,Elegant Elephant Baking Co.,527087,each,CSA Members,0.4,4.2,4.2,4.54,0.5133,FALSE,Review before publishing,2026-10-01 10:41:27 UTC
806026,Braided Challah (seeded),Reality Kitchen Nonprofit,527088,each,SNAP,0.4,9.1,9.1,9.1,0.4,TRUE,HOLD: preserve existing SNAP price,2026-10-01 10:41:27 UTC
806027,Ginger Zen Kombucha,BNF Kombucha and Jun,527089,16 fl. oz,Guest Basket,0.4,4.68,4.68,5.05,0.512,FALSE,Review before publishing,2026-10-01 10:41:27 UTC
806027,Ginger Zen Kombucha,BNF Kombucha and Jun,527089,16 fl. oz,SNAP,0.4,4.68,4.68,4.68,0.4012,TRUE,HOLD: preserve existing SNAP price,2026-10-01 10:41:27 UTC
806027,Ginger Zen Kombucha,BNF Kombucha and Jun,527089,16 fl. oz,CSA Members,0.4,4.68,4.68,5.05,0.512,FALSE,Review before publishing,2026-10-01 10:41:27 UTC
806028,Gluten Free Box of 5 Cupcakes,Elegant Elephant Baking Co.,527090,each,Guest Basket,0.4,8.4,8.4,9.07,0.5117,FALSE,Review before publishing,2026-10-01 10:41:27 UTC
806028,Gluten Free Box of 5 Cupcakes,Elegant Elephant Baking Co.,527090,each,SNAP,0.4,8.4,8.4,8.4,0.4,TRUE,HOLD: preserve existing SNAP price,2026-10-01 10:41:27 UTC
806028,Gluten Free Box of 5 Cupcakes,Elegant Elephant Baking Co.,527090,each,CSA Members,0.4,8.4,8.4,9.07,0.5117,FALSE,Review before publishing,2026-10-01 10:41:27 UTC
806029,Challah Sandwich Loaf,Reality Kitchen Nonprofit,527091,each,SNAP,0.4,9.1,9.1,9.1,0.4,TRUE,HOLD: preserve existing SNAP price,2026-10-01 10:41:27 UTC
806030,Gluten Free Brownie Bite with Chocolate Chips,Elegant Elephant Baking Co.,527092,each,SNAP,0.4,3.5,3.5,3.5,0.4,TRUE,HOLD: preserve existing SNAP price,2026-10-01 10:41:27 UTC
806031,Grape Lavender Kombucha,BNF Kombucha and Jun,527093,16 fl. oz,SNAP,0.4,4.68,4.68,4.68,0.4012,TRUE,HOLD: preserve existing SNAP price,2026-10-01 10:41:27 UTC
806032,Gluten Free Cheddar Rolls,Elegant Elephant Baking Co.,527094,bag of 4,SNAP,0.4,8.75,8.75,8.75,0.4,TRUE,HOLD: preserve existing SNAP price,2026-10-01 10:41:27 UTC
806032,Gluten Free Cheddar Rolls,Elegant Elephant Baking Co.,527094,bag of 4,CSA Members,0.4,8.75,8.75,9.45,0.512,FALSE,Review before publishing,2026-10-01 10:41:27 UTC
806033,Sourdough Rye Sandwich Loaf,Reality Kitchen Nonprofit,527095,each,SNAP,0.4,8.75,8.75,8.75,0.4,TRUE,HOLD: preserve existing SNAP price,2026-10-01 10:41:27 UTC
806034,Hibiscus Mint Yerbe Mate Kombucha,BNF Kombucha and Jun,527096,16. fl oz,CSA Members,0.4,4.68,4.68,5.05,0.512,FALSE,Review before publishing,2026-10-01 10:41:27 UTC
806034,Hibiscus Mint Yerbe Mate Kombucha,BNF Kombucha and Jun,527096,16. fl oz,SNAP,0.4,4.68,4.68,4.68,0.4012,TRUE,HOLD: preserve existing SNAP price,2026-10-01 10:41:27 UTC
806034,Hibiscus Mint Yerbe Mate Kombucha,BNF Kombucha and Jun,527096,16. fl oz,Guest Basket,0.4,4.68,4.68,5.05,0.512,FALSE,Review before publishing,2026-10-01 10:41:27 UTC
806035,Gluten Free Chocolate Cream Pie,Elegant Elephant Baking Co.,527097,"6""",SNAP,0.4,11.2,11.2,11.2,0.4,TRUE,HOLD: preserve existing SNAP price,2026-10-01 10:41:27 UTC
806036,Mango Marigold Kombucha,BNF Kombucha and Jun,527098,16 fl. oz,SNAP,0.4,4.68,4.68,4.68,0.4012,TRUE,HOLD: preserve existing SNAP price,2026-10-01 10:41:27 UTC
806037,Wholewheat Multigrain Sandwich Loaf,Reality Kitchen Nonprofit,527099,each,SNAP,0.4,8.75,8.75,8.75,0.4,TRUE,HOLD: preserve existing SNAP price,2026-10-01 10:41:27 UTC
806038,Gluten Free Chocolate Donut,Elegant Elephant Baking Co.,527100,each,SNAP,0.4,3.29,3.29,3.29,0.4,TRUE,HOLD: preserve existing SNAP price,2026-10-01 10:41:27 UTC
806040,Moonfruit Yerbe Mate Kombucha,BNF Kombucha and Jun,527102,16 fl. oz,SNAP,0.4,4.68,4.68,4.68,0.4012,TRUE,HOLD: preserve existing SNAP price,2026-10-01 10:41:27 UTC
806041,Gluten Free Cinnamon Roll Pan,Elegant Elephant Baking Co.,527105,"6""",SNAP,0.4,8.4,8.4,8.4,0.4,TRUE,HOLD: preserve existing SNAP price,2026-10-01 10:41:27 UTC
806042,Oregon Blueberry Kombucha,BNF Kombucha and Jun,527106,16 fl. oz,CSA Members,0.4,4.68,4.68,5.05,0.512,FALSE,Review before publishing,2026-10-01 10:41:27 UTC
806042,Oregon Blueberry Kombucha,BNF Kombucha and Jun,527106,16 fl. oz,SNAP,0.4,4.68,4.68,4.68,0.4012,TRUE,HOLD: preserve existing SNAP price,2026-10-01 10:41:27 UTC
806043,Flavor Infused Olive Oil- Garlic 100mL,River Ranch Oregon Olive OIl,527107,3.38 oz. 100mL,Guest Basket,0.4,15.33,15.33,16.56,0.5123,FALSE,Review before publishing,2026-10-01 10:41:27 UTC
806043,Flavor Infused Olive Oil- Garlic 100mL,River Ranch Oregon Olive OIl,527107,3.38 oz. 100mL,SNAP,0.4,15.33,15.33,15.33,0.4,TRUE,HOLD: preserve existing SNAP price,2026-10-01 10:41:27 UTC
806044,Gluten Free Croutons,Elegant Elephant Baking Co.,527108,each,SNAP,0.4,7.35,7.35,7.35,0.4,TRUE,HOLD: preserve existing SNAP price,2026-10-01 10:41:27 UTC
806044,Gluten Free Croutons,Elegant Elephant Baking Co.,527108,each,Guest Basket,0.4,7.35,7.35,7.94,0.5124,FALSE,Review before publishing,2026-10-01 10:41:27 UTC
806044,Gluten Free Croutons,Elegant Elephant Baking Co.,527108,each,CSA Members,0.4,7.35,7.35,7.94,0.5124,FALSE,Review before publishing,2026-10-01 10:41:27 UTC
806045,Peach Rose Kombucha,BNF Kombucha and Jun,527109,16 fl. oz,SNAP,0.4,4.68,4.68,4.68,0.4012,TRUE,HOLD: preserve existing SNAP price,2026-10-01 10:41:27 UTC
806046,Gluten Free Dinner Rolls,Elegant Elephant Baking Co.,527110,bag of 6,SNAP,0.4,8.05,8.05,8.05,0.4,TRUE,HOLD: preserve existing SNAP price,2026-10-01 10:41:27 UTC
806048,Gluten Free Half Almond Loaf Sliced,Elegant Elephant Baking Co.,527112,each,SNAP,0.4,7,7,7,0.4,TRUE,HOLD: preserve existing SNAP price,2026-10-01 10:41:27 UTC
806049,Pear Jun,BNF Kombucha and Jun,527113,16 fl. oz,SNAP,0.4,5.25,5.25,5.25,0.4,TRUE,HOLD: preserve existing SNAP price,2026-10-01 10:41:27 UTC
806051,Flavor Infused Olive Oil- Rosemary and Basil 100mL,River Ranch Oregon Olive OIl,527115,3.38oz (100mL),SNAP,0.4,15.33,15.33,15.33,0.4,TRUE,HOLD: preserve existing SNAP price,2026-10-01 10:41:27 UTC
806051,Flavor Infused Olive Oil- Rosemary and Basil 100mL,River Ranch Oregon Olive OIl,527115,3.38oz (100mL),Guest Basket,0.4,15.33,15.33,16.56,0.5123,FALSE,Review before publishing,2026-10-01 10:41:27 UTC
806052,Pomegranate Cardamom Kombucha,BNF Kombucha and Jun,527116,16 fl. oz,CSA Members,0.4,4.47,4.47,4.83,0.5141,FALSE,Review before publishing,2026-10-01 10:41:27 UTC
806052,Pomegranate Cardamom Kombucha,BNF Kombucha and Jun,527116,16 fl. oz,Guest Basket,0.4,4.47,4.47,4.83,0.5141,FALSE,Review before publishing,2026-10-01 10:41:27 UTC
806052,Pomegranate Cardamom Kombucha,BNF Kombucha and Jun,527116,16 fl. oz,SNAP,0.4,4.47,4.47,4.47,0.4013,TRUE,HOLD: preserve existing SNAP price,2026-10-01 10:41:27 UTC
806055,Gluten Free Mini Banana Bread Loaf,Elegant Elephant Baking Co.,527119,each,SNAP,0.4,7,7,7,0.4,TRUE,HOLD: preserve existing SNAP price,2026-10-01 10:41:27 UTC
806056,Raspberry Reishi Jun,BNF Kombucha and Jun,527120,16 fl. oz,SNAP,0.4,5.25,5.25,5.25,0.4,TRUE,HOLD: preserve existing SNAP price,2026-10-01 10:41:27 UTC
806057,Gluten Free Mixed Berry Pie,Elegant Elephant Baking Co.,527121,"9""",SNAP,0.4,23.8,23.8,23.8,0.4,TRUE,HOLD: preserve existing SNAP price,2026-10-01 10:41:27 UTC
806057,Gluten Free Mixed Berry Pie,Elegant Elephant Baking Co.,527121,"9""",Guest Basket,0.4,23.8,23.8,25.7,0.5118,FALSE,Review before publishing,2026-10-01 10:41:27 UTC
806059,Skullcap Lemon Yerbe Mate Kombucha,BNF Kombucha and Jun,527124,16 fl. oz,SNAP,0.4,4.68,4.68,4.68,0.4012,TRUE,HOLD: preserve existing SNAP price,2026-10-01 10:41:27 UTC
806060,Gluten Free Pizza Dough,Elegant Elephant Baking Co.,527123,22 oz. each,SNAP,0.4,6.65,6.65,6.65,0.4,TRUE,HOLD: preserve existing SNAP price,2026-10-01 10:41:27 UTC
806062,Gluten Free Potato Loaf with Teff,Elegant Elephant Baking Co.,527126,each,Guest Basket,0.4,9.8,9.8,10.58,0.5114,FALSE,Review before publishing,2026-10-01 10:41:27 UTC
806062,Gluten Free Potato Loaf with Teff,Elegant Elephant Baking Co.,527126,each,SNAP,0.4,9.8,9.8,9.8,0.4,TRUE,HOLD: preserve existing SNAP price,2026-10-01 10:41:27 UTC
806062,Gluten Free Potato Loaf with Teff,Elegant Elephant Baking Co.,527126,each,CSA Members,0.4,9.8,9.8,10.58,0.5114,FALSE,Review before publishing,2026-10-01 10:41:27 UTC
806063,Brown Teff Flour,Camas Country Mill,527127,3 lbs,CSA Members,0.4,15.47,15.47,16.71,0.5122,FALSE,Review before publishing,2026-10-01 10:41:27 UTC
806063,Brown Teff Flour,Camas Country Mill,527127,3 lbs,SNAP,0.4,15.47,15.47,15.47,0.4,TRUE,HOLD: preserve existing SNAP price,2026-10-01 10:41:27 UTC
806065,Gluten Free Seven Layer Cookie,Elegant Elephant Baking Co.,527128,each,SNAP,0.4,3.5,3.5,3.5,0.4,TRUE,HOLD: preserve existing SNAP price,2026-10-01 10:41:27 UTC
806066,Gluten Free Sourdough Baguette,Elegant Elephant Baking Co.,527130,each,CSA Members,0.4,7,7,7.56,0.512,FALSE,Review before publishing,2026-10-01 10:41:27 UTC
806066,Gluten Free Sourdough Baguette,Elegant Elephant Baking Co.,527130,each,Herd Share Members,0.4,7,7,7.56,0.512,FALSE,Review before publishing,2026-10-01 10:41:27 UTC
806066,Gluten Free Sourdough Baguette,Elegant Elephant Baking Co.,527130,each,Guest Basket,0.4,7,7,7.56,0.512,FALSE,Review before publishing,2026-10-01 10:41:27 UTC
806066,Gluten Free Sourdough Baguette,Elegant Elephant Baking Co.,527130,each,SNAP,0.4,7,7,7,0.4,TRUE,HOLD: preserve existing SNAP price,2026-10-01 10:41:27 UTC
806067,Camas Pizza Blend,Camas Country Mill,527131,4 lbs,Guest Basket,0.4,15.33,15.33,16.56,0.5123,FALSE,Review before publishing,2026-10-01 10:41:27 UTC
806067,Camas Pizza Blend,Camas Country Mill,527131,4 lbs,SNAP,0.4,15.33,15.33,15.33,0.4,TRUE,HOLD: preserve existing SNAP price,2026-10-01 10:41:27 UTC
806076,Apricot Fruit Spread,Sweet Creek,527140,10 oz,SNAP,0.4,7.87,7.87,7.87,0.4004,TRUE,HOLD: preserve existing SNAP price,2026-10-01 10:41:27 UTC
806080,Cayenne Kettle Corn,Lonesome Whistle,527144,0.4 lb bag,SNAP,0.4,5.6,5.6,5.6,0.4,TRUE,HOLD: preserve existing SNAP price,2026-10-01 10:41:27 UTC
806080,Cayenne Kettle Corn,Lonesome Whistle,527144,0.4 lb bag,Guest Basket,0.4,5.6,5.6,6.05,0.5125,FALSE,Review before publishing,2026-10-01 10:41:27 UTC
806081,Blackberry Fruit Spread,Sweet Creek,527145,10 oz,SNAP,0.4,6.27,6.27,6.27,0.3996,TRUE,HOLD: preserve existing SNAP price,2026-10-01 10:41:27 UTC
806082,Dakota Black Heirloom Popcorn,Lonesome Whistle,527146,2 lbs,Guest Basket,0.4,14,14,15.12,0.512,FALSE,Review before publishing,2026-10-01 10:41:27 UTC
806082,Dakota Black Heirloom Popcorn,Lonesome Whistle,527146,2 lbs,SNAP,0.4,14,14,14,0.4,TRUE,HOLD: preserve existing SNAP price,2026-10-01 10:41:27 UTC
806082,Dakota Black Heirloom Popcorn,Lonesome Whistle,527146,2 lbs,CSA Members,0.4,14,14,15.12,0.512,FALSE,Review before publishing,2026-10-01 10:41:27 UTC
806082,Dakota Black Heirloom Popcorn,Lonesome Whistle,527146,2 lbs,Herd Share Members,0.4,14,14,15.12,0.512,FALSE,Review before publishing,2026-10-01 10:41:27 UTC
806085,Blueberry Apple Sauce,Sweet Creek,527149,each,SNAP,0.4,8.96,8.96,8.96,0.4,TRUE,HOLD: preserve existing SNAP price,2026-10-01 10:41:27 UTC
806086,Einkorn Fusilli,Lonesome Whistle,527150,0.5 lb bag,SNAP,0.4,4.66,4.66,4.66,0.3994,TRUE,HOLD: preserve existing SNAP price,2026-10-01 10:41:27 UTC
806086,Einkorn Fusilli,Lonesome Whistle,527150,0.5 lb bag,CSA Members,0.4,4.66,4.66,5.03,0.5105,FALSE,Review before publishing,2026-10-01 10:41:27 UTC
806088,Maris Widgeon Macaroni,Lonesome Whistle,527152,0.5 lb bag,SNAP,0.4,5.6,5.6,5.6,0.4,TRUE,HOLD: preserve existing SNAP price,2026-10-01 10:41:27 UTC
806088,Maris Widgeon Macaroni,Lonesome Whistle,527152,0.5 lb bag,CSA Members,0.4,5.6,5.6,6.05,0.5125,FALSE,Review before publishing,2026-10-01 10:41:27 UTC
806089,Blueberry Fruit Spread,Sweet Creek,527153,10 oz,SNAP,0.4,6.27,6.27,6.27,0.3996,TRUE,HOLD: preserve existing SNAP price,2026-10-01 10:41:27 UTC
806090,Garlic Dill Popcorn,Lonesome Whistle,527154,0.4 lb bag,SNAP,0.4,5.6,5.6,5.6,0.4,TRUE,HOLD: preserve existing SNAP price,2026-10-01 10:41:27 UTC
806091,Organic All Purpose Low Gluten Flour,Camas Country Mill,527155,4 lbs,SNAP,0.4,13.3,13.3,13.3,0.4,TRUE,HOLD: preserve existing SNAP price,2026-10-01 10:41:27 UTC
806092,Cinnamon Apple Sauce,Sweet Creek,527156,32 oz,SNAP,0.4,8.43,8.43,8.43,0.4003,TRUE,HOLD: preserve existing SNAP price,2026-10-01 10:41:27 UTC
806092,Cinnamon Apple Sauce,Sweet Creek,527156,32 oz,CSA Members,0.4,8.43,8.43,9.1,0.5116,FALSE,Review before publishing,2026-10-01 10:41:27 UTC
806093,Jalapeno Cheddar Popcorn,Lonesome Whistle,527157,0.4 lb bag,SNAP,0.4,5.6,5.6,5.6,0.4,TRUE,HOLD: preserve existing SNAP price,2026-10-01 10:41:27 UTC
806094,Organic Buckwheat Flour,Camas Country Mill,642172,3 lbs,Guest Basket,0.4,12.88,12.88,13.91,0.512,FALSE,Review before publishing,2026-10-01 10:41:27 UTC
806094,Organic Buckwheat Flour,Camas Country Mill,642172,3 lbs,SNAP,0.4,12.88,12.88,12.88,0.4,TRUE,HOLD: preserve existing SNAP price,2026-10-01 10:41:27 UTC
806095,Dill Relish,Sweet Creek,527160,16 oz,SNAP,0.4,7.76,7.76,7.76,0.4007,TRUE,HOLD: preserve existing SNAP price,2026-10-01 10:41:27 UTC
806096,Lemon Lavender Popcorn,Lonesome Whistle,527159,0.4 lb bag,SNAP,0.4,5.6,5.6,5.6,0.4,TRUE,HOLD: preserve existing SNAP price,2026-10-01 10:41:27 UTC
806097,Nutritional Yeast Popcorn,Lonesome Whistle,527161,0.4 lb bag,SNAP,0.4,5.6,5.6,5.6,0.4,TRUE,HOLD: preserve existing SNAP price,2026-10-01 10:41:27 UTC
806099,"Enchilada Red Sauce, Medium",Sweet Creek,527163,16 oz,SNAP,0.4,6.89,6.89,6.89,0.4004,TRUE,HOLD: preserve existing SNAP price,2026-10-01 10:41:27 UTC
806100,Dakota Black Kettle Corn,Lonesome Whistle,527164,0.4 lb bag,SNAP,0.4,5.6,5.6,5.6,0.4,TRUE,HOLD: preserve existing SNAP price,2026-10-01 10:41:27 UTC
806102,Rise & Shine Gluten Free Pancake Mix,Lonesome Whistle,527166,1.6 lbs,Guest Basket,0.4,7.46,7.46,8.06,0.5122,FALSE,Review before publishing,2026-10-01 10:41:27 UTC
806102,Rise & Shine Gluten Free Pancake Mix,Lonesome Whistle,527166,1.6 lbs,SNAP,0.4,7.46,7.46,7.46,0.3996,TRUE,HOLD: preserve existing SNAP price,2026-10-01 10:41:27 UTC
806104,Up & At 'Em Pancake Mix,Lonesome Whistle,527168,1.6 lbs,SNAP,0.4,7.46,7.46,7.46,0.3996,TRUE,HOLD: preserve existing SNAP price,2026-10-01 10:41:27 UTC
806106,Green Enchilada Sauce,Sweet Creek,527170,each,SNAP,0.4,7.7,7.7,7.7,0.4,TRUE,HOLD: preserve existing SNAP price,2026-10-01 10:41:27 UTC
806107,Roasted Hazelnuts 4 oz,Farmhands Co-Op,527172,4 oz bag,CSA Members,0.4,6.3,6.3,6.8,0.5111,FALSE,Review before publishing,2026-10-01 10:41:27 UTC
806107,Roasted Hazelnuts 4 oz,Farmhands Co-Op,527172,4 oz bag,SNAP,0.4,6.3,6.3,6.3,0.4,TRUE,HOLD: preserve existing SNAP price,2026-10-01 10:41:27 UTC
806109,Jalapeno Relish,Sweet Creek,527174,each,SNAP,0.4,14.7,14.7,14.7,0.4,TRUE,HOLD: preserve existing SNAP price,2026-10-01 10:41:27 UTC
806109,Jalapeno Relish,Sweet Creek,527174,each,Guest Basket,0.4,14.7,14.7,15.88,0.5124,FALSE,Review before publishing,2026-10-01 10:41:27 UTC
806110,Oregon Wild Rice,Camas Country Mill,527175,16 oz,SNAP,0.4,16.1,16.1,16.1,0.4,TRUE,HOLD: preserve existing SNAP price,2026-10-01 10:41:27 UTC
806113,Just Apple Apple Sauce,Sweet Creek,527178,32 oz,SNAP,0.4,8.43,8.43,8.43,0.4003,TRUE,HOLD: preserve existing SNAP price,2026-10-01 10:41:27 UTC
806115,Organic Oat Flakes,Camas Country Mill,527180,4 lbs,SNAP,0.4,21.84,21.84,21.84,0.4,TRUE,HOLD: preserve existing SNAP price,2026-10-01 10:41:27 UTC
806115,Organic Oat Flakes,Camas Country Mill,527180,4 lbs,Guest Basket,0.4,21.84,21.84,23.59,0.5122,FALSE,Review before publishing,2026-10-01 10:41:27 UTC
806118,Organic Corn Flour,Camas Country Mill,527183,2.5 lbs,Guest Basket,0.4,15.12,15.12,16.33,0.512,FALSE,Review before publishing,2026-10-01 10:41:27 UTC
806118,Organic Corn Flour,Camas Country Mill,527183,2.5 lbs,SNAP,0.4,15.12,15.12,15.12,0.4,TRUE,HOLD: preserve existing SNAP price,2026-10-01 10:41:27 UTC
806119,Mushroom Tomato Sauce,Sweet Creek,527184,16 oz,SNAP,0.4,7.9,7.9,7.9,0.4007,TRUE,HOLD: preserve existing SNAP price,2026-10-01 10:41:27 UTC
806122,Organic Sonora Soft White Wheat Flour,Camas Country Mill,527187,4 lbs,SNAP,0.4,18.62,18.62,18.62,0.4,TRUE,HOLD: preserve existing SNAP price,2026-10-01 10:41:27 UTC
806122,Organic Sonora Soft White Wheat Flour,Camas Country Mill,527187,4 lbs,Guest Basket,0.4,18.62,18.62,20.11,0.512,FALSE,Review before publishing,2026-10-01 10:41:27 UTC
806123,Paul's Dill Pickles,Sweet Creek,527188,32 oz,SNAP,0.4,10.11,10.11,10.11,0.4003,TRUE,HOLD: preserve existing SNAP price,2026-10-01 10:41:27 UTC
806124,Brazil Cerrado Miniero - Dark Roast Coffee Beans,Radiant Coffee Roasters,527189,12 oz,SNAP,0.4,16.8,16.8,16.8,0.4,TRUE,HOLD: preserve existing SNAP price,2026-09-07 10:42:10 UTC
806125,Organic Spelt Flour,Camas Country Mill,642173,2 lb. Bag,SNAP,0.4,12.11,12.11,12.11,0.4,TRUE,HOLD: preserve existing SNAP price,2026-10-01 10:41:27 UTC
806126,Pickled Beets,Sweet Creek,527191,16 oz,SNAP,0.4,7.83,7.83,7.83,0.4007,TRUE,HOLD: preserve existing SNAP price,2026-10-01 10:41:27 UTC
806127,Radiant Balanced Blend - Medium Roast Coffee Beans,Radiant Coffee Roasters,527192,12 oz,SNAP,0.4,16.8,16.8,16.8,0.4,TRUE,HOLD: preserve existing SNAP price,2026-10-01 10:41:27 UTC
806129,Pardina Brown Lentils,Camas Country Mill,527194,3 lbs,SNAP,0.4,15.12,15.12,15.12,0.4,TRUE,HOLD: preserve existing SNAP price,2026-10-01 10:41:27 UTC
806129,Pardina Brown Lentils,Camas Country Mill,527194,3 lbs,CSA Members,0.4,15.12,15.12,16.33,0.512,FALSE,Review before publishing,2026-10-01 10:41:27 UTC
806130,Pickled Jalapenos,Sweet Creek,527195,16 oz,SNAP,0.4,8.83,8.83,8.83,0.3994,TRUE,HOLD: preserve existing SNAP price,2026-10-01 10:41:27 UTC
806131,Radiant Decaf Columbia Coffee Beans,Radiant Coffee Roasters,527196,12 oz,SNAP,0.4,18.2,18.2,18.2,0.4,TRUE,HOLD: preserve existing SNAP price,2026-10-01 10:41:27 UTC
806133,Radiant Midnight Blend - Dark Roast Coffee Beans,Radiant Coffee Roasters,527198,12 oz,SNAP,0.4,16.8,16.8,16.8,0.4,TRUE,HOLD: preserve existing SNAP price,2026-10-01 10:41:27 UTC
806133,Radiant Midnight Blend - Dark Roast Coffee Beans,Radiant Coffee Roasters,527198,12 oz,Guest Basket,0.4,16.8,16.8,18.14,0.5117,FALSE,Review before publishing,2026-10-01 10:41:27 UTC
806134,Raspberry Fruit Spread,Sweet Creek,527199,10 oz,SNAP,0.4,6.27,6.27,6.27,0.3996,TRUE,HOLD: preserve existing SNAP price,2026-10-01 10:41:27 UTC
806135,Sues Soup Mix,Camas Country Mill,527200,3 lbs,Guest Basket,0.4,24.78,24.78,26.76,0.5119,FALSE,Review before publishing,2026-10-01 10:41:27 UTC
806135,Sues Soup Mix,Camas Country Mill,527200,3 lbs,SNAP,0.4,24.78,24.78,24.78,0.4,TRUE,HOLD: preserve existing SNAP price,2026-10-01 10:41:27 UTC
806136,Roasted Garlic Tomato Sauce,Sweet Creek,527201,16 oz,SNAP,0.4,7.38,7.38,7.38,0.4004,TRUE,HOLD: preserve existing SNAP price,2026-10-01 10:41:27 UTC
806137,Three Sisters Porridge,Camas Country Mill,527202,4 lbs,SNAP,0.4,18.55,18.55,18.55,0.4,TRUE,HOLD: preserve existing SNAP price,2026-10-01 10:41:27 UTC
806138,"Salsa, Hot",Sweet Creek,527203,16 oz,SNAP,0.4,5.18,5.18,5.18,0.4,TRUE,HOLD: preserve existing SNAP price,2026-10-01 10:41:27 UTC
806140,"Salsa, Medium",Sweet Creek,527205,16 oz,SNAP,0.4,7.21,7.21,7.21,0.4,TRUE,HOLD: preserve existing SNAP price,2026-10-01 10:41:27 UTC
806142,Strawberry Fruit Spread,Sweet Creek,527207,10 oz,SNAP,0.4,7.35,7.35,7.35,0.4,TRUE,HOLD: preserve existing SNAP price,2026-10-01 10:41:27 UTC
806144,Sweet Relish,Sweet Creek,527209,16 oz,SNAP,0.4,7.84,7.84,7.84,0.4,TRUE,HOLD: preserve existing SNAP price,2026-10-01 10:41:27 UTC
806144,Sweet Relish,Sweet Creek,527209,16 oz,CSA Members,0.4,7.84,7.84,8.47,0.5125,FALSE,Review before publishing,2026-10-01 10:41:27 UTC
806146,Tomatillo Salsa,Sweet Creek,527211,16 oz,SNAP,0.4,7.67,7.67,7.67,0.3996,TRUE,HOLD: preserve existing SNAP price,2026-10-01 10:41:27 UTC
806148,Basil Tomato Sauce,Sweet Creek,527213,16 oz,SNAP,0.4,7.38,7.38,7.38,0.4004,TRUE,HOLD: preserve existing SNAP price,2026-10-01 10:41:27 UTC
806151,"Honey, Bulk Raw",Deck Family Farm,527216,4 gallon,CSA Members,0.6574,406.06,406.06,438.54,0.79,FALSE,Review before publishing,2026-10-01 10:41:27 UTC
806151,"Honey, Bulk Raw",Deck Family Farm,527216,4 gallon,Herd Share Members,0.6574,406.06,406.06,438.54,0.79,FALSE,Review before publishing,2026-10-01 10:41:27 UTC
806151,"Honey, Bulk Raw",Deck Family Farm,527216,4 gallon,Guest Basket,0.6574,406.06,406.06,438.54,0.79,FALSE,Review before publishing,2026-10-01 10:41:27 UTC
806151,"Honey, Bulk Raw",Deck Family Farm,527216,4 gallon,SNAP,0.6574,406.06,406.06,406.06,0.6574,TRUE,HOLD: preserve existing SNAP price,2026-10-01 10:41:27 UTC
806159,"Raw Walnuts, 1 lb",Deck Family Farm,527225,1 lb,CSA Members,0.6574,22.42,22.42,24.21,0.7894,FALSE,Review before publishing,2026-10-01 10:41:27 UTC
806159,"Raw Walnuts, 1 lb",Deck Family Farm,527225,1 lb,SNAP,0.6574,22.42,22.42,22.42,0.6571,TRUE,HOLD: preserve existing SNAP price,2026-10-01 10:41:27 UTC
806161,"Raw Honey, 1 pint",Deck Family Farm,527228,1 pint,SNAP,0.6574,23.32,23.32,23.32,0.6574,TRUE,HOLD: preserve existing SNAP price,2026-10-01 10:41:27 UTC
806164,Gluten Free Apple Pie,Elegant Elephant Baking Co.,527233,"6""",SNAP,0.4,10.5,10.5,10.5,0.4,TRUE,HOLD: preserve existing SNAP price,2026-10-01 10:41:27 UTC
807909,Deck Family Farm's Fall Farm-to-Table Celebration,Full Farm CSA,529295,Adult Ticket (12 and up),Herd Share Members,0.4,105,75,81,0.08,FALSE,Review local/Local Line price difference before publishing,2026-10-01 10:41:27 UTC
807909,Deck Family Farm's Fall Farm-to-Table Celebration,Full Farm CSA,529295,Adult Ticket (12 and up),CSA Members,0.4,105,75,81,0.08,FALSE,Review local/Local Line price difference before publishing,2026-10-01 10:41:27 UTC
807909,Deck Family Farm's Fall Farm-to-Table Celebration,Full Farm CSA,529295,Adult Ticket (12 and up),Guest Basket,0.4,105,75,81,0.08,FALSE,Review local/Local Line price difference before publishing,2026-10-01 10:41:27 UTC
807909,Deck Family Farm's Fall Farm-to-Table Celebration,Full Farm CSA,529295,Adult Ticket (12 and up),SNAP,0.4,105,75,75,0,TRUE,HOLD: preserve existing SNAP price,2026-10-01 10:41:27 UTC
812532,Red Russian Kale,Little Wings,534390,bu,SNAP,0.4,3.22,3.22,3.22,0.4,TRUE,HOLD: preserve existing SNAP price,2026-10-01 10:41:27 UTC
812595,Wildcraft Hot Sauce,Full Farm CSA,534463,ea,CSA Members,0.4,12.6,12.6,13.61,0.5122,FALSE,Review before publishing,2026-10-01 10:41:27 UTC
812595,Wildcraft Hot Sauce,Full Farm CSA,534463,ea,SNAP,0.4,12.6,12.6,12.6,0.4,TRUE,HOLD: preserve existing SNAP price,2026-10-01 10:41:27 UTC
812611,Dandelion,Red Tail Growers,534479,bu,CSA Members,0.4,2.8,2.8,3.02,0.51,FALSE,Review before publishing,2026-10-01 10:41:27 UTC
812611,Dandelion,Red Tail Growers,534479,bu,Herd Share Members,0.4,2.8,2.8,3.02,0.51,FALSE,Review before publishing,2026-10-01 10:41:27 UTC
812611,Dandelion,Red Tail Growers,534479,bu,Guest Basket,0.4,2.8,2.8,3.02,0.51,FALSE,Review before publishing,2026-10-01 10:41:27 UTC
812611,Dandelion,Red Tail Growers,534479,bu,SNAP,0.4,2.8,2.8,2.8,0.4,TRUE,HOLD: preserve existing SNAP price,2026-10-01 10:41:27 UTC
812612,"Dandelion, Red",Red Tail Growers,534480,bu,Guest Basket,0.4,3.29,3.29,3.55,0.5106,FALSE,Review before publishing,2026-10-01 10:41:27 UTC
812612,"Dandelion, Red",Red Tail Growers,534480,bu,CSA Members,0.4,3.29,3.29,3.55,0.5106,FALSE,Review before publishing,2026-10-01 10:41:27 UTC
812612,"Dandelion, Red",Red Tail Growers,534480,bu,SNAP,0.4,3.29,3.29,3.29,0.4,TRUE,HOLD: preserve existing SNAP price,2026-10-01 10:41:27 UTC
812613,Curly Endive,Red Tail Growers,534481,ea,CSA Members,0.4,2.1,2.1,2.27,0.5133,FALSE,Review before publishing,2026-10-01 10:41:27 UTC
812613,Curly Endive,Red Tail Growers,534481,ea,Herd Share Members,0.4,2.1,2.1,2.27,0.5133,FALSE,Review before publishing,2026-10-01 10:41:27 UTC
812613,Curly Endive,Red Tail Growers,534481,ea,Guest Basket,0.4,2.1,2.1,2.27,0.5133,FALSE,Review before publishing,2026-10-01 10:41:27 UTC
812613,Curly Endive,Red Tail Growers,534481,ea,SNAP,0.4,2.1,2.1,2.1,0.4,TRUE,HOLD: preserve existing SNAP price,2026-10-01 10:41:27 UTC
812617,Serrano pepper,Organically Grown Company,534485,1/2 lb,CSA Members,0.4,3.5,3.5,3.78,0.512,FALSE,Review before publishing,2026-10-01 10:41:27 UTC
812617,Serrano pepper,Organically Grown Company,534485,1/2 lb,Herd Share Members,0.4,3.5,3.5,3.78,0.512,FALSE,Review before publishing,2026-10-01 10:41:27 UTC
812617,Serrano pepper,Organically Grown Company,534485,1/2 lb,Guest Basket,0.4,3.5,3.5,3.78,0.512,FALSE,Review before publishing,2026-10-01 10:41:27 UTC
812617,Serrano pepper,Organically Grown Company,534485,1/2 lb,SNAP,0.4,3.5,3.5,3.5,0.4,TRUE,HOLD: preserve existing SNAP price,2026-10-01 10:41:27 UTC
812618,Fresh Red Onion,Camas Swale Farm,534486,pound,CSA Members,0.4,2.24,2.24,2.42,0.5125,FALSE,Review before publishing,2026-10-01 10:41:27 UTC
812618,Fresh Red Onion,Camas Swale Farm,534486,pound,SNAP,0.4,2.24,2.24,2.24,0.4,TRUE,HOLD: preserve existing SNAP price,2026-10-01 10:41:27 UTC
812620,Italian Eggplant,Grazier's Garden,534488,pound,Herd Share Members,0.4,3.92,3.92,4.23,0.5107,FALSE,Review before publishing,2026-10-01 10:41:27 UTC
812620,Italian Eggplant,Grazier's Garden,534488,pound,CSA Members,0.4,3.92,3.92,4.23,0.5107,FALSE,Review before publishing,2026-10-01 10:41:27 UTC
812620,Italian Eggplant,Grazier's Garden,534488,pound,SNAP,0.4,3.92,3.92,3.92,0.4,TRUE,HOLD: preserve existing SNAP price,2026-10-01 10:41:27 UTC
812620,Italian Eggplant,Grazier's Garden,534488,pound,Guest Basket,0.4,3.92,3.92,4.23,0.5107,FALSE,Review before publishing,2026-10-01 10:41:27 UTC
812623,Young Chicory,Red Tail Growers,534491,ea,CSA Members,0.4,2.1,2.1,2.27,0.5133,FALSE,Review before publishing,2026-10-01 10:41:27 UTC
812623,Young Chicory,Red Tail Growers,534491,ea,Herd Share Members,0.4,2.1,2.1,2.27,0.5133,FALSE,Review before publishing,2026-10-01 10:41:27 UTC
812623,Young Chicory,Red Tail Growers,534491,ea,SNAP,0.4,2.1,2.1,2.1,0.4,TRUE,HOLD: preserve existing SNAP price,2026-10-01 10:41:27 UTC
812623,Young Chicory,Red Tail Growers,534491,ea,Guest Basket,0.4,2.1,2.1,2.27,0.5133,FALSE,Review before publishing,2026-10-01 10:41:27 UTC
812624,Spanish Onion,Grazier's Garden,534492,pound,Guest Basket,0.4,5.25,5.25,5.67,0.512,FALSE,Review before publishing,2026-10-01 10:41:27 UTC
812624,Spanish Onion,Grazier's Garden,534492,pound,CSA Members,0.4,5.25,5.25,5.67,0.512,FALSE,Review before publishing,2026-10-01 10:41:27 UTC
812624,Spanish Onion,Grazier's Garden,534492,pound,Herd Share Members,0.4,5.25,5.25,5.67,0.512,FALSE,Review before publishing,2026-10-01 10:41:27 UTC
812624,Spanish Onion,Grazier's Garden,534492,pound,SNAP,0.4,5.25,5.25,5.25,0.4,TRUE,HOLD: preserve existing SNAP price,2026-10-01 10:41:27 UTC
812626,Red Potatoes (Idaho),Organically Grown Company,534494,1 lb,SNAP,0.4,1.4,1.4,1.4,0.4,TRUE,HOLD: preserve existing SNAP price,2026-10-01 10:41:27 UTC
812628,Tomatillos,Little Wings,534496,pound,CSA Members,0.4,4.76,4.76,5.14,0.5118,FALSE,Review before publishing,2026-10-01 10:41:27 UTC
812628,Tomatillos,Little Wings,534496,pound,SNAP,0.4,4.76,4.76,4.76,0.4,TRUE,HOLD: preserve existing SNAP price,2026-10-01 10:41:27 UTC
812652,Green and Red Mixed Grapes,,534520,pt,CSA Members,0.4,4.2,4,4,0.3333,TRUE,HOLD: missing local vendor,2026-10-01 10:41:27 UTC
812652,Green and Red Mixed Grapes,,534520,pt,Herd Share Members,0.4,4.2,4,4,0.3333,TRUE,HOLD: missing local vendor,2026-10-01 10:41:27 UTC
812652,Green and Red Mixed Grapes,,534520,pt,SNAP,0.4,4.2,4,4,0.3333,TRUE,HOLD: missing local vendor,2026-10-01 10:41:27 UTC
812652,Green and Red Mixed Grapes,,534520,pt,Guest Basket,0.55,4.65,4.2,4.2,0.4,TRUE,HOLD: missing local vendor,2026-10-01 10:41:27 UTC
812653,Santa Fe Peppers,Camas Swale Farm,534521,pound,Herd Share Members,0.4,7,7,7.56,0.512,FALSE,Review before publishing,2026-10-01 10:41:27 UTC
812653,Santa Fe Peppers,Camas Swale Farm,534521,pound,Guest Basket,0.4,7,7,7.56,0.512,FALSE,Review before publishing,2026-10-01 10:41:27 UTC
812653,Santa Fe Peppers,Camas Swale Farm,534521,pound,CSA Members,0.4,7,7,7.56,0.512,FALSE,Review before publishing,2026-10-01 10:41:27 UTC
812653,Santa Fe Peppers,Camas Swale Farm,534521,pound,SNAP,0.4,7,7,7,0.4,TRUE,HOLD: preserve existing SNAP price,2026-10-01 10:41:27 UTC
812655,Mix of  Comice/D'Anjou,Organically Grown Company,534523,ea,SNAP,0.4,1.4,1.4,1.4,0.4,TRUE,HOLD: preserve existing SNAP price,2026-10-01 10:41:27 UTC
812656,Dino Lacinato Kale,Little Wings,534524,bu,CSA Members,0.4,2.8,2.8,3.02,0.51,FALSE,Review before publishing,2026-10-01 10:41:27 UTC
812656,Dino Lacinato Kale,Little Wings,534524,bu,SNAP,0.4,2.8,2.8,2.8,0.4,TRUE,HOLD: preserve existing SNAP price,2026-10-01 10:41:27 UTC
812658,Parsley,Little Wings,534526,bu,CSA Members,0.4,2.8,2.8,3.02,0.51,FALSE,Review before publishing,2026-10-01 10:41:27 UTC
812658,Parsley,Little Wings,534526,bu,SNAP,0.4,2.8,2.8,2.8,0.4,TRUE,HOLD: preserve existing SNAP price,2026-10-01 10:41:27 UTC
812659,Cilantro,Little Wings,534527,bu,CSA Members,0.4,2.8,2.8,3.02,0.51,FALSE,Review before publishing,2026-10-01 10:41:27 UTC
812659,Cilantro,Little Wings,534527,bu,SNAP,0.4,2.8,2.8,2.8,0.4,TRUE,HOLD: preserve existing SNAP price,2026-10-01 10:41:27 UTC
813067,Beef Tenderloin,Deck Family Farm,535097,0.40 - 0.70 lbs,SNAP,0.6574,21.21,21.21,21.21,0.657,TRUE,HOLD: preserve existing SNAP price,2026-10-01T16:20:40.304Z
813069,Teres Major Steak,Deck Family Farm,535099,0.40 - 0.70 lbs,Guest Basket,0.6574,12.83,12.83,13.86,0.7907,FALSE,Review before publishing,2026-10-01 10:41:27 UTC
813069,Teres Major Steak,Deck Family Farm,535099,0.40 - 0.70 lbs,SNAP,0.6574,12.83,12.83,12.83,0.6576,TRUE,HOLD: preserve existing SNAP price,2026-10-01 10:41:27 UTC
813071,Beef Shank Osso Buco,Deck Family Farm,535101,2.10 - 2.40 lbs,SNAP,0.6574,39.36,39.36,39.36,0.6573,TRUE,HOLD: preserve existing SNAP price,2026-10-01 10:41:27 UTC
813072,Beef Back Ribs,Deck Family Farm,535102,2.00 - 3.00 lbs,SNAP,0.6574,35.88,35.88,35.88,0.6573,TRUE,HOLD: preserve existing SNAP price,2026-10-01 10:41:27 UTC
813074,Flank Steak,Deck Family Farm,535104,1.10 - 1.40 lbs,SNAP,0.6574,29.15,29.15,29.15,0.6572,TRUE,HOLD: preserve existing SNAP price,2026-10-01 10:41:27 UTC
813075,Beef Flat Iron Steak,Deck Family Farm,535105,0.70 - 1.10 lbs,SNAP,0.6574,20.98,20.98,20.98,0.6572,TRUE,HOLD: preserve existing SNAP price,2026-10-01 10:41:27 UTC
813076,Beef Oxtail,Deck Family Farm,535106,1.40 - 1.90 lbs,SNAP,0.6574,19.24,19.24,19.24,0.6572,TRUE,HOLD: preserve existing SNAP price,2026-10-01 10:41:27 UTC
813078,Pork Bones,Deck Family Farm,535108,3.00 - 5.00 lbs,SNAP,0.6574,8.97,8.97,8.97,0.658,TRUE,HOLD: preserve existing SNAP price,2026-10-01 10:41:27 UTC
813079,"Chicken Feet, 1lb bag",Deck Family Farm,642344,1 lb bag,SNAP,0.6574,8.52,8.52,8.52,0.6576,TRUE,HOLD: preserve existing SNAP price,2026-10-01 10:41:27 UTC
813080,"Pet Food, Organ Blend",Deck Family Farm,535111,1.00 lbs,SNAP,0.6574,10.76,10.76,10.76,0.6579,TRUE,HOLD: preserve existing SNAP price,2026-10-01 10:41:27 UTC
813084,Bratwurst,Deck Family Farm,535115,12 oz,CSA Members,0.6574,17.49,17.49,18.89,0.7905,FALSE,Review before publishing,2026-10-01 10:41:27 UTC
813084,Bratwurst,Deck Family Farm,535115,12 oz,SNAP,0.6574,17.49,17.49,17.49,0.6578,TRUE,HOLD: preserve existing SNAP price,2026-10-01 10:41:27 UTC
813086,"Country Sausage, Bulk",Deck Family Farm,535117,12 oz,SNAP,0.6574,13.91,13.91,13.91,0.6579,TRUE,HOLD: preserve existing SNAP price,2026-10-01 10:41:27 UTC
813092,Ground Lamb,Deck Family Farm,535123,1.00 lbs,SNAP,0.6574,15.25,15.25,15.25,0.6576,TRUE,HOLD: preserve existing SNAP price,2026-10-01 10:41:27 UTC
814845,Top Sirloin Steak,Deck Family Farm,536948,1.30 - 1.60 lbs,SNAP,0.6574,32.52,32.52,32.52,0.6575,TRUE,HOLD: preserve existing SNAP price,2026-10-01T16:20:40.928Z
814849,Turkey Feet,Deck Family Farm,536952,2 lb bag,Herd Share Members,0.6574,10.76,10.76,11.62,0.7904,FALSE,Review before publishing,2026-10-01 10:41:27 UTC
814849,Turkey Feet,Deck Family Farm,536952,2 lb bag,CSA Members,0.6574,10.76,10.76,11.62,0.7904,FALSE,Review before publishing,2026-10-01 10:41:27 UTC
814849,Turkey Feet,Deck Family Farm,536952,2 lb bag,Guest Basket,0.6574,10.76,10.76,11.62,0.7904,FALSE,Review before publishing,2026-10-01 10:41:27 UTC
814849,Turkey Feet,Deck Family Farm,536952,2 lb bag,SNAP,0.6574,10.76,10.76,10.76,0.6579,TRUE,HOLD: preserve existing SNAP price,2026-10-01 10:41:27 UTC
815018,Mini  kubuchas,Red Tail Growers,537155,ea,SNAP,0.4,1.4,1.4,1.4,0.4,TRUE,HOLD: preserve existing SNAP price,2026-10-01 10:41:27 UTC
815018,Mini  kubuchas,Red Tail Growers,537155,ea,Guest Basket,0.4,1.4,1.4,1.51,0.51,FALSE,Review before publishing,2026-10-01 10:41:27 UTC
815018,Mini  kubuchas,Red Tail Growers,537155,ea,CSA Members,0.4,1.4,1.4,1.51,0.51,FALSE,Review before publishing,2026-10-01 10:41:27 UTC
815018,Mini  kubuchas,Red Tail Growers,537155,ea,Herd Share Members,0.4,1.4,1.4,1.51,0.51,FALSE,Review before publishing,2026-10-01 10:41:27 UTC
816241,Pork Spare Ribs,Deck Family Farm,538685,2.00 - 3.00 lbs,SNAP,0.6574,32.52,32.52,32.52,0.6575,TRUE,HOLD: preserve existing SNAP price,2026-10-01 10:41:27 UTC
816242,Baby Back Ribs,Deck Family Farm,538686,0.90 - 1.50 lbs,CSA Members,0.6574,19.38,19.38,20.93,0.7904,FALSE,Review before publishing,2026-10-01 10:41:27 UTC
816242,Baby Back Ribs,Deck Family Farm,538686,0.90 - 1.50 lbs,SNAP,0.6574,19.38,19.38,19.38,0.6578,TRUE,HOLD: preserve existing SNAP price,2026-10-01 10:41:27 UTC
816246,Pork Tenderloin,Deck Family Farm,590546,0.80 - 1.30 lbs,SNAP,0.6574,13.66,13.66,13.66,0.6578,TRUE,HOLD: preserve existing SNAP price,2026-10-01 10:41:27 UTC
816246,Pork Tenderloin,Deck Family Farm,590546,0.80 - 1.30 lbs,CSA Members,0.6574,13.66,13.66,14.75,0.79,FALSE,Review before publishing,2026-10-01 10:41:27 UTC
816472,"Heritage Turkeys, Large",Deck Family Farm,538956,14.01 - 16.00  lbs,SNAP,0.6574,125.58,125.58,125.58,0.6574,TRUE,HOLD: preserve existing SNAP price,2026-10-01 10:41:27 UTC
816472,"Heritage Turkeys, Large",Deck Family Farm,538956,14.01 - 16.00  lbs,CSA Members,0.6574,125.58,125.58,135.63,0.79,FALSE,Review before publishing,2026-10-01 10:41:27 UTC
816905,Cajun Chaurice Sausage Links,Deck Family Farm's Hyland Artisinal Meats,539546,4 links/ pack 14 oz pack,SNAP,0.6574,17.93,17.93,17.93,0.6571,TRUE,HOLD: preserve existing SNAP price,2026-10-01 10:41:27 UTC
818957,Chicken Hearts,Deck Family Farm,541747,1/2 lb bag,SNAP,0.6574,8.52,8.53,8.53,0.6595,TRUE,HOLD: preserve existing SNAP price,2026-10-01 10:41:27 UTC
818959,Chicken Gizzards,Deck Family Farm,541749,1/2 lb pk,Guest Basket,0.6574,10.77,10.77,11.63,0.7892,FALSE,Review before publishing,2026-10-01 10:41:27 UTC
818959,Chicken Gizzards,Deck Family Farm,541749,1/2 lb pk,Herd Share Members,0.6574,10.77,10.77,11.63,0.7892,FALSE,Review before publishing,2026-10-01 10:41:27 UTC
818959,Chicken Gizzards,Deck Family Farm,541749,1/2 lb pk,CSA Members,0.6574,10.77,10.77,11.63,0.7892,FALSE,Review before publishing,2026-10-01 10:41:27 UTC
818959,Chicken Gizzards,Deck Family Farm,541749,1/2 lb pk,SNAP,0.6574,10.77,10.77,10.77,0.6569,TRUE,HOLD: preserve existing SNAP price,2026-10-01 10:41:27 UTC
818963,Greek Loukaniko Sausage Links,Deck Family Farm's Hyland Artisinal Meats,541754,4 links/ pack 14 oz pack,SNAP,0.6574,17.93,17.93,17.93,0.6571,TRUE,HOLD: preserve existing SNAP price,2026-10-01 10:41:27 UTC
821118,Persimmon,Small is Beautiful Farm,544095,ea,CSA Members,0.4,2.1,2.1,2.27,0.5133,FALSE,Review before publishing,2026-10-01 10:41:27 UTC
821118,Persimmon,Small is Beautiful Farm,544095,ea,SNAP,0.4,2.1,2.1,2.1,0.4,TRUE,HOLD: preserve existing SNAP price,2026-10-01 10:41:27 UTC
821118,Persimmon,Small is Beautiful Farm,544095,ea,Herd Share Members,0.4,2.1,2.1,2.27,0.5133,FALSE,Review before publishing,2026-10-01 10:41:27 UTC
821118,Persimmon,Small is Beautiful Farm,544095,ea,Guest Basket,0.4,2.1,2.1,2.27,0.5133,FALSE,Review before publishing,2026-10-01 10:41:27 UTC
821597,Chai Cider,BNF Kombucha and Jun,544654,16 0z,Herd Share Members,0.4,4.68,4.68,5.05,0.512,FALSE,Review before publishing,2026-10-01 10:41:27 UTC
821597,Chai Cider,BNF Kombucha and Jun,544654,16 0z,SNAP,0.4,4.68,4.68,4.68,0.4012,TRUE,HOLD: preserve existing SNAP price,2026-10-01 10:41:27 UTC
821597,Chai Cider,BNF Kombucha and Jun,544654,16 0z,CSA Members,0.4,4.68,4.68,5.05,0.512,FALSE,Review before publishing,2026-10-01 10:41:27 UTC
821597,Chai Cider,BNF Kombucha and Jun,544654,16 0z,Guest Basket,0.4,4.68,4.68,5.05,0.512,FALSE,Review before publishing,2026-10-01 10:41:27 UTC
821704,Acorn squash,Full Farm CSA,544783,1 Each,SNAP,0.4,3.5,3.5,3.5,0.4,TRUE,HOLD: preserve existing SNAP price,2026-10-01 10:41:27 UTC
824215,Purple curly kale,Camas Swale Farm,547697,ea,SNAP,0.4,2.8,2.8,2.8,0.4,TRUE,HOLD: preserve existing SNAP price,2026-10-01 10:41:27 UTC
824215,Purple curly kale,Camas Swale Farm,547697,ea,CSA Members,0.4,2.8,2.8,3.02,0.51,FALSE,Review before publishing,2026-10-01 10:41:27 UTC
824228,"Heidi of the Hills Cheese, 18 Month Aged, 7-8 oz","Creamy Cow, LLC",547711,7-8oz,SNAP,0.4,18.17,18.17,18.17,0.3998,TRUE,HOLD: preserve existing SNAP price,2026-10-01 10:41:27 UTC
824228,"Heidi of the Hills Cheese, 18 Month Aged, 7-8 oz","Creamy Cow, LLC",547711,7-8oz,CSA Members,0.4,18.17,18.17,19.62,0.5116,FALSE,Review before publishing,2026-10-01 10:41:27 UTC
824478,Russet potatoes (CA),Organically Grown Company,548051,1 lb,SNAP,0.4,1.4,1.4,1.4,0.4,TRUE,HOLD: preserve existing SNAP price,2026-10-01 10:41:27 UTC
824480,Purple potatoes,Organically Grown Company,548053,pound,CSA Members,0.4,1.46,1.46,1.58,0.5192,FALSE,Review before publishing,2026-10-01 10:41:27 UTC
824480,Purple potatoes,Organically Grown Company,548053,pound,Herd Share Members,0.4,1.46,1.46,1.58,0.5192,FALSE,Review before publishing,2026-10-01 10:41:27 UTC
824480,Purple potatoes,Organically Grown Company,548053,pound,SNAP,0.4,1.46,1.46,1.46,0.4038,TRUE,HOLD: preserve existing SNAP price,2026-10-01 10:41:27 UTC
824480,Purple potatoes,Organically Grown Company,548053,pound,Guest Basket,0.4,1.46,1.46,1.58,0.5192,FALSE,Review before publishing,2026-10-01 10:41:27 UTC
825305,Matsutake mushrooms,,549219,1/2 lb,Herd Share Members,0.4,15.75,14.96,14.96,0.3298,TRUE,HOLD: missing local vendor,2026-10-01 10:41:27 UTC
825305,Matsutake mushrooms,,549219,1/2 lb,Guest Basket,0.55,17.44,15.75,15.75,0.4,TRUE,HOLD: missing local vendor,2026-10-01 10:41:27 UTC
825305,Matsutake mushrooms,,549219,1/2 lb,CSA Members,0.4,15.75,14.96,14.96,0.3298,TRUE,HOLD: missing local vendor,2026-10-01 10:41:27 UTC
825305,Matsutake mushrooms,,549219,1/2 lb,SNAP,0.4,15.75,14.96,14.96,0.3298,TRUE,HOLD: missing local vendor,2026-10-01 10:41:27 UTC
825306,Chanterelle mushrooms,,549220,1/2 lb,Herd Share Members,0.4,11.9,11.3,11.3,0.3294,TRUE,HOLD: missing local vendor,2026-10-01 10:41:27 UTC
825306,Chanterelle mushrooms,,549220,1/2 lb,CSA Members,0.4,11.9,11.3,11.3,0.3294,TRUE,HOLD: missing local vendor,2026-10-01 10:41:27 UTC
825306,Chanterelle mushrooms,,549220,1/2 lb,SNAP,0.4,11.9,11.3,11.3,0.3294,TRUE,HOLD: missing local vendor,2026-10-01 10:41:27 UTC
825306,Chanterelle mushrooms,,549220,1/2 lb,Guest Basket,0.55,13.18,11.9,11.9,0.4,TRUE,HOLD: missing local vendor,2026-10-01 10:41:27 UTC
825355,Honeynut squash,Camas Swale Farm,549276,ea,SNAP,0.4,4.2,4.2,4.2,0.4,TRUE,HOLD: preserve existing SNAP price,2026-10-01 10:41:27 UTC
825355,Honeynut squash,Camas Swale Farm,549276,ea,CSA Members,0.4,4.2,4.2,4.54,0.5133,FALSE,Review before publishing,2026-10-01 10:41:27 UTC
825355,Honeynut squash,Camas Swale Farm,549276,ea,Guest Basket,0.4,4.2,4.2,4.54,0.5133,FALSE,Review before publishing,2026-10-01 10:41:27 UTC
825355,Honeynut squash,Camas Swale Farm,549276,ea,Herd Share Members,0.4,4.2,4.2,4.54,0.5133,FALSE,Review before publishing,2026-10-01 10:41:27 UTC
825830,Hanger Steak,Deck Family Farm,568280,0.40 - 0.70 lbs,SNAP,0.6574,12.83,12.83,12.83,0.6576,TRUE,HOLD: preserve existing SNAP price,2026-10-01 10:41:27 UTC
825830,Hanger Steak,Deck Family Farm,568280,0.40 - 0.70 lbs,CSA Members,0.6574,12.83,12.83,13.86,0.7907,FALSE,Review before publishing,2026-10-01 10:41:27 UTC
825832,Beef Kidney,Deck Family Farm,549811,0.80 - 1.00 lbs,Guest Basket,0.6574,12.12,12.13,13.1,0.7921,FALSE,Review before publishing,2026-10-01 10:41:27 UTC
825832,Beef Kidney,Deck Family Farm,549811,0.80 - 1.00 lbs,SNAP,0.6574,12.12,12.13,12.13,0.6594,TRUE,HOLD: preserve existing SNAP price,2026-10-01 10:41:27 UTC
825833,Beef Tongue,Deck Family Farm,549812,2.50 - 3.00 lbs,SNAP,0.6574,23.44,23.44,23.44,0.6577,TRUE,HOLD: preserve existing SNAP price,2026-10-01 10:41:27 UTC
825834,Beef Marrow Bones,Deck Family Farm,549813,3.00 - 5.00 lbs,SNAP,0.6574,13.46,13.46,13.46,0.6576,TRUE,HOLD: preserve existing SNAP price,2026-10-01 10:41:27 UTC
825835,Lamb Bones,Deck Family Farm,549814,3.00 - 5.00 lbs,SNAP,0.6574,8.97,8.97,8.97,0.658,TRUE,HOLD: preserve existing SNAP price,2026-10-01 10:41:27 UTC
825835,Lamb Bones,Deck Family Farm,549814,3.00 - 5.00 lbs,CSA Members,0.6574,8.97,8.97,9.69,0.7911,FALSE,Review before publishing,2026-10-01 10:41:27 UTC
825839,Lamb Kabob,Deck Family Farm,549818,1.1 - 1.35,SNAP,0.6574,23.62,23.62,23.62,0.6575,TRUE,HOLD: preserve existing SNAP price,2026-10-01 10:41:27 UTC
825840,Lamb Shank Osso Buco,Deck Family Farm,549819,1.10 - 1.40 lbs,CSA Members,0.6574,15.7,15.7,16.96,0.7909,FALSE,Review before publishing,2026-10-01 10:41:27 UTC
825840,Lamb Shank Osso Buco,Deck Family Farm,549819,1.10 - 1.40 lbs,SNAP,0.6574,15.7,15.7,15.7,0.6579,TRUE,HOLD: preserve existing SNAP price,2026-10-01 10:41:27 UTC
825841,Handcrafted Wooden Fancy Egg Pushers,,549820,ea,CSA Members,0.4,16.8,15.84,15.84,0.32,TRUE,HOLD: missing local vendor,2026-05-11 06:49:59 UTC
825841,Handcrafted Wooden Fancy Egg Pushers,,549820,ea,Herd Share Members,0.4,16.8,15.84,15.84,0.32,TRUE,HOLD: missing local vendor,2026-05-11 06:49:59 UTC
825841,Handcrafted Wooden Fancy Egg Pushers,,549820,ea,SNAP,0.4,16.8,15.84,15.84,0.32,TRUE,HOLD: missing local vendor,2026-05-11 06:49:59 UTC
825841,Handcrafted Wooden Fancy Egg Pushers,,549820,ea,Guest Basket,0.55,18.6,16.8,16.8,0.4,TRUE,HOLD: missing local vendor,2026-05-11 06:49:59 UTC
825842,Handcrafted Maple Candle Holder,,549821,ea,CSA Members,0.4,21,19.8,19.8,0.32,TRUE,HOLD: missing local vendor,2026-05-11 06:49:59 UTC
825842,Handcrafted Maple Candle Holder,,549821,ea,Herd Share Members,0.4,21,19.8,19.8,0.32,TRUE,HOLD: missing local vendor,2026-05-11 06:49:59 UTC
825842,Handcrafted Maple Candle Holder,,549821,ea,SNAP,0.4,21,19.8,19.8,0.32,TRUE,HOLD: missing local vendor,2026-05-11 06:49:59 UTC
825842,Handcrafted Maple Candle Holder,,549821,ea,Guest Basket,0.55,23.25,21,21,0.4,TRUE,HOLD: missing local vendor,2026-05-11 06:49:59 UTC
827440,Olympia Provisions Frankfurter,Deck Family Farm,551690,12 oz,SNAP,0.6574,17.93,17.93,17.93,0.6571,TRUE,HOLD: preserve existing SNAP price,2026-10-01 10:41:27 UTC
832550,Tote Bag,Full Farm CSA,558207,ea,Guest Basket,0.4,18.2,18.2,19.66,0.5123,FALSE,Review before publishing,2026-10-01 10:41:27 UTC
832550,Tote Bag,Full Farm CSA,558207,ea,CSA Members,0.4,18.2,18.2,19.66,0.5123,FALSE,Review before publishing,2026-10-01 10:41:27 UTC
832559,Deck Family Farm and Full Farm CSA Hat,Full Farm CSA,558216,ea,Herd Share Members,0.4,18.2,18.2,19.66,0.5123,FALSE,Review before publishing,2026-10-01 10:41:27 UTC
832559,Deck Family Farm and Full Farm CSA Hat,Full Farm CSA,558216,ea,CSA Members,0.4,18.2,18.2,19.66,0.5123,FALSE,Review before publishing,2026-10-01 10:41:27 UTC
832559,Deck Family Farm and Full Farm CSA Hat,Full Farm CSA,558216,ea,Guest Basket,0.4,18.2,18.2,19.66,0.5123,FALSE,Review before publishing,2026-10-01 10:41:27 UTC
832792,"Pork Chop, Boneless",Deck Family Farm,558509,1.20 - 1.50 lbs,SNAP,0.6574,21.79,21.79,21.79,0.657,TRUE,HOLD: preserve existing SNAP price,2026-10-01T16:20:39.949Z
836358,"Lucianna Toma Rustica Cheese, 4 Month Aged, 4.8-5.8 oz","Creamy Cow, LLC",562940,4.8-5.8 oz,SNAP,0.4,12.57,12.57,12.57,0.3998,TRUE,HOLD: preserve existing SNAP price,2026-10-01 10:41:27 UTC
836368,Mixed Dried Fruit,Small is Beautiful Farm,562955,1/2 Lb. bag,SNAP,0.4,9.8,9.8,9.8,0.4,TRUE,HOLD: preserve existing SNAP price,2026-10-01 10:41:27 UTC
840822,English Banger Sausage Links,Deck Family Farm's Hyland Artisinal Meats,568236,4 links/ pack 14 oz pack,Guest Basket,0.6574,16.14,16.14,17.43,0.7895,FALSE,Review before publishing,2026-10-01 10:41:27 UTC
840822,English Banger Sausage Links,Deck Family Farm's Hyland Artisinal Meats,568236,4 links/ pack 14 oz pack,SNAP,0.6574,16.14,16.14,16.14,0.6571,TRUE,HOLD: preserve existing SNAP price,2026-10-01 10:41:27 UTC
840823,Bulk English Breakfast Sausage,Deck Family Farm's Hyland Artisinal Meats,568237,12 oz,SNAP,0.6574,14.8,14.8,14.8,0.6573,TRUE,HOLD: preserve existing SNAP price,2026-10-01 10:41:27 UTC
841579,Beef Liver,Deck Family Farm,569100,0.90 - 1.30 lbs,SNAP,0.6574,14.8,14.82,14.82,0.6596,TRUE,HOLD: preserve existing SNAP price,2026-10-01 10:41:27 UTC
842611,"Henni Penni Hispanico Cheese, 4 Month Aged,  7-8 oz","Creamy Cow, LLC",570582,7-8 oz,SNAP,0.4,16.58,16.58,16.58,0.4003,TRUE,HOLD: preserve existing SNAP price,2026-10-01 10:41:27 UTC
856878,"Brisket, Large",Deck Family Farm,677923,"Large, 4.00 - 5.00 lbs",CSA Members,0.6574,64.59,64.59,69.76,0.7901,FALSE,Review before publishing,2026-10-01 10:41:27 UTC
856878,"Brisket, Large",Deck Family Farm,677923,"Large, 4.00 - 5.00 lbs",SNAP,0.6574,64.59,64.59,64.59,0.6574,TRUE,HOLD: preserve existing SNAP price,2026-10-01 10:41:27 UTC
856878,"Brisket, Large",Deck Family Farm,677923,"Large, 4.00 - 5.00 lbs",Guest Basket,0.6574,64.59,64.59,69.76,0.7901,FALSE,Review before publishing,2026-10-01 10:41:27 UTC
859028,"Olympia Provisions, Dog Treats",Deck Family Farm,588612,5 oz,SNAP,0.6574,16.14,16.14,16.14,0.6571,TRUE,HOLD: preserve existing SNAP price,2026-10-01 10:41:27 UTC
859074,Leeks,Organically Grown Company,588665,1 lb,SNAP,0.4,2.8,2.8,2.8,0.4,TRUE,HOLD: preserve existing SNAP price,2026-10-01 10:41:27 UTC
861798,Pork Shank,Deck Family Farm,591682,2.40 - 3.10 lbs,SNAP,0.6574,41.93,41.93,41.93,0.6573,TRUE,HOLD: preserve existing SNAP price,2026-10-01 10:41:27 UTC
861798,Pork Shank,Deck Family Farm,591682,2.40 - 3.10 lbs,Guest Basket,0.6574,41.93,41.93,45.28,0.7897,FALSE,Review before publishing,2026-10-01 10:41:27 UTC
862903,Italian Kale Raab,Organically Grown Company,592913,bu,CSA Members,0.4,3.22,3.22,3.48,0.513,FALSE,Review before publishing,2026-10-01 10:41:27 UTC
862903,Italian Kale Raab,Organically Grown Company,592913,bu,SNAP,0.4,3.22,3.22,3.22,0.4,TRUE,HOLD: preserve existing SNAP price,2026-10-01 10:41:27 UTC
862903,Italian Kale Raab,Organically Grown Company,592913,bu,Guest Basket,0.4,3.22,3.22,3.48,0.513,FALSE,Review before publishing,2026-10-01 10:41:27 UTC
866256,"Henni Penni Hispanico Cheese, 4 Month Aged, 4.8-5.8 oz","Creamy Cow, LLC",596901,4.8-5.8 oz,SNAP,0.4,12.57,12.57,12.57,0.3998,TRUE,HOLD: preserve existing SNAP price,2026-10-01 10:41:27 UTC
867239,"Lucianna Toma Rustica Cheese, 4 Month Aged, 5.9-6.9 oz","Creamy Cow, LLC",598138,5.9-6.9oz,SNAP,0.4,15.74,15.74,15.74,0.4004,TRUE,HOLD: preserve existing SNAP price,2026-10-01 10:41:27 UTC
869027,Beef Tri-Tip,Deck Family Farm,600217,1.90 - 2.20 lbs,SNAP,0.6574,38.62,38.62,38.62,0.6575,TRUE,HOLD: preserve existing SNAP price,2026-10-01 10:41:27 UTC
869027,Beef Tri-Tip,Deck Family Farm,600217,1.90 - 2.20 lbs,Guest Basket,0.6574,38.62,38.62,41.71,0.7901,FALSE,Review before publishing,2026-10-01 10:41:27 UTC
870774,Pea Shoots,,603300,1/2 Lb.,CSA Members,0.4,7,6.75,6.75,0.35,TRUE,HOLD: missing local vendor,2026-10-01 10:41:27 UTC
870774,Pea Shoots,,603300,1/2 Lb.,Herd Share Members,0.4,7,6.75,6.75,0.35,TRUE,HOLD: missing local vendor,2026-10-01 10:41:27 UTC
870774,Pea Shoots,,603300,1/2 Lb.,SNAP,0.4,7,6.75,6.75,0.35,TRUE,HOLD: missing local vendor,2026-10-01 10:41:27 UTC
870774,Pea Shoots,,603300,1/2 Lb.,Guest Basket,0.55,7.75,7,7,0.4,TRUE,HOLD: missing local vendor,2026-10-01 10:41:27 UTC
871143,Hot Italian Sausage Links,Deck Family Farm's Hyland Artisinal Meats,604158,4 links/ pack 14 oz pack,SNAP,0.6574,17.93,17.93,17.93,0.6571,TRUE,HOLD: preserve existing SNAP price,2026-10-01 10:41:27 UTC
871793,Sweet Onion,Organically Grown Company,605504,1lb,SNAP,0.4,1.47,1.47,1.47,0.4,TRUE,HOLD: preserve existing SNAP price,2026-10-01 10:41:27 UTC
874465,Red Tail Fall Salad  Mix,Red Tail Growers,608581,1/2 lb. bag,CSA Members,0.4,5.95,5.95,6.43,0.5129,FALSE,Review before publishing,2026-10-01 10:41:27 UTC
874465,Red Tail Fall Salad  Mix,Red Tail Growers,608581,1/2 lb. bag,SNAP,0.4,5.95,5.95,5.95,0.4,TRUE,HOLD: preserve existing SNAP price,2026-10-01 10:41:27 UTC
874466,Red Little Gem Lettuce,Red Tail Growers,608582,ea,CSA Members,0.4,2.45,2.45,2.65,0.5143,FALSE,Review before publishing,2026-10-01 10:41:27 UTC
874466,Red Little Gem Lettuce,Red Tail Growers,608582,ea,SNAP,0.4,2.45,2.45,2.45,0.4,TRUE,HOLD: preserve existing SNAP price,2026-10-01 10:41:27 UTC
874966,Red Beets,Camas Swale Farm,609201,1 bunch,CSA Members,0.4,3.29,3.29,3.55,0.5106,FALSE,Review before publishing,2026-10-01 10:41:27 UTC
874966,Red Beets,Camas Swale Farm,609201,1 bunch,SNAP,0.4,3.29,3.29,3.29,0.4,TRUE,HOLD: preserve existing SNAP price,2026-10-01 10:41:27 UTC
879549,Baby Mustard Salad Mix,Red Tail Growers,615270,1/2 lb,Herd Share Members,0.4,5.6,5.6,6.05,0.5125,FALSE,Review before publishing,2026-10-01 10:41:27 UTC
879549,Baby Mustard Salad Mix,Red Tail Growers,615270,1/2 lb,CSA Members,0.4,5.6,5.6,6.05,0.5125,FALSE,Review before publishing,2026-10-01 10:41:27 UTC
879549,Baby Mustard Salad Mix,Red Tail Growers,615270,1/2 lb,Guest Basket,0.4,5.6,5.6,6.05,0.5125,FALSE,Review before publishing,2026-10-01 10:41:27 UTC
879549,Baby Mustard Salad Mix,Red Tail Growers,615270,1/2 lb,SNAP,0.4,5.6,5.6,5.6,0.4,TRUE,HOLD: preserve existing SNAP price,2026-10-01 10:41:27 UTC
879550,Baby Bok Choi,Red Tail Growers,615271,Bunch,SNAP,0.4,2.8,2.8,2.8,0.4,TRUE,HOLD: preserve existing SNAP price,2026-10-01 10:41:27 UTC
879550,Baby Bok Choi,Red Tail Growers,615271,Bunch,CSA Members,0.4,2.8,2.8,3.02,0.51,FALSE,Review before publishing,2026-10-01 10:41:27 UTC
879551,Leek Scapes,Red Tail Growers,615272,bu,CSA Members,0.4,2.8,2.8,3.02,0.51,FALSE,Review before publishing,2026-10-01 10:41:27 UTC
879551,Leek Scapes,Red Tail Growers,615272,bu,Herd Share Members,0.4,2.8,2.8,3.02,0.51,FALSE,Review before publishing,2026-10-01 10:41:27 UTC
879551,Leek Scapes,Red Tail Growers,615272,bu,Guest Basket,0.4,2.8,3.1,3.35,0.675,FALSE,Review local/Local Line price difference before publishing,2026-10-01 10:41:27 UTC
879551,Leek Scapes,Red Tail Growers,615272,bu,SNAP,0.4,2.8,2.8,2.8,0.4,TRUE,HOLD: preserve existing SNAP price,2026-10-01 10:41:27 UTC
879552,Green Garlic,Red Tail Growers,615273,bu,CSA Members,0.4,2.8,2.8,3.02,0.51,FALSE,Review before publishing,2026-10-01 10:41:27 UTC
879552,Green Garlic,Red Tail Growers,615273,bu,SNAP,0.4,2.8,2.8,2.8,0.4,TRUE,HOLD: preserve existing SNAP price,2026-10-01 10:41:27 UTC
881653,Nantes Carrots,Organically Grown Company,618132,bunch,SNAP,0.4,3.54,3.54,3.54,0.3992,TRUE,HOLD: preserve existing SNAP price,2026-10-01 10:41:27 UTC
881653,Nantes Carrots,Organically Grown Company,618132,bunch,CSA Members,0.4,3.54,3.54,3.82,0.5099,FALSE,Review before publishing,2026-10-01 10:41:27 UTC
881794,"Live Culture Yogurt, glass jar 1 pint","Creamy Cow, LLC",618310,1 pint,SNAP,0.4,12.6,14.94,14.94,0.66,TRUE,HOLD: preserve existing SNAP price,2026-10-01 10:41:27 UTC
881823,Handmade Birch Wood Coasters –Set of 2,RL Plants & Home Goods,618344,2 pack,Guest Basket,0.4,7,7,7.56,0.512,FALSE,Review before publishing,2026-10-01 10:41:27 UTC
881823,Handmade Birch Wood Coasters –Set of 2,RL Plants & Home Goods,618344,2 pack,CSA Members,0.4,7,7,7.56,0.512,FALSE,Review before publishing,2026-10-01 10:41:27 UTC
881823,Handmade Birch Wood Coasters –Set of 2,RL Plants & Home Goods,618344,2 pack,SNAP,0.4,7,7,7,0.4,TRUE,HOLD: preserve existing SNAP price,2026-10-01 10:41:27 UTC
882263,Green garlic,Camas Swale Farm,618950,bu,Herd Share Members,0.4,3.29,3.29,3.55,0.5106,FALSE,Review before publishing,2026-10-01 10:41:27 UTC
882263,Green garlic,Camas Swale Farm,618950,bu,CSA Members,0.4,3.29,3.29,3.55,0.5106,FALSE,Review before publishing,2026-10-01 10:41:27 UTC
882263,Green garlic,Camas Swale Farm,618950,bu,Guest Basket,0.4,3.29,3.29,3.55,0.5106,FALSE,Review before publishing,2026-10-01 10:41:27 UTC
882263,Green garlic,Camas Swale Farm,618950,bu,SNAP,0.4,3.29,3.29,3.29,0.4,TRUE,HOLD: preserve existing SNAP price,2026-10-01 10:41:27 UTC
882704,Lamb Garlic Sausage,Deck Family Farm,619456,12 oz,CSA Members,0.6574,19.29,19.29,20.83,0.7895,FALSE,Review before publishing,2026-10-01 10:41:27 UTC
882704,Lamb Garlic Sausage,Deck Family Farm,619456,12 oz,Herd Share Members,0.6574,19.29,19.29,20.83,0.7895,FALSE,Review before publishing,2026-10-01 10:41:27 UTC
882704,Lamb Garlic Sausage,Deck Family Farm,619456,12 oz,Guest Basket,0.6574,19.29,19.29,20.83,0.7895,FALSE,Review before publishing,2026-10-01 10:41:27 UTC
882704,Lamb Garlic Sausage,Deck Family Farm,619456,12 oz,SNAP,0.6574,19.29,19.29,19.29,0.6572,TRUE,HOLD: preserve existing SNAP price,2026-10-01 10:41:27 UTC
882733,Mixed salad greens,Grazier's Garden,619491,1/2 lb,Herd Share Members,0.4,7,7,7.56,0.512,FALSE,Review before publishing,2026-10-01 10:41:27 UTC
882733,Mixed salad greens,Grazier's Garden,619491,1/2 lb,Guest Basket,0.4,7,7,7.56,0.512,FALSE,Review before publishing,2026-10-01 10:41:27 UTC
882733,Mixed salad greens,Grazier's Garden,619491,1/2 lb,SNAP,0.4,7,7,7,0.4,TRUE,HOLD: preserve existing SNAP price,2026-10-01 10:41:27 UTC
883799,Unrendered Beef Tallow,Deck Family Farm,621045,2.00 - 3.70 lbs,CSA Members,0.6574,12.78,12.78,13.8,0.7899,FALSE,Review before publishing,2026-10-01 10:41:27 UTC
883799,Unrendered Beef Tallow,Deck Family Farm,621045,2.00 - 3.70 lbs,SNAP,0.6574,12.78,12.78,12.78,0.6576,TRUE,HOLD: preserve existing SNAP price,2026-10-01 10:41:27 UTC
883818,Rainbow Carrots,Camas Swale Farm,621070,1 bunch,CSA Members,0.4,3.5,3.5,3.78,0.512,FALSE,Review before publishing,2026-10-01 10:41:27 UTC
883818,Rainbow Carrots,Camas Swale Farm,621070,1 bunch,SNAP,0.4,3.5,3.5,3.5,0.4,TRUE,HOLD: preserve existing SNAP price,2026-10-01 10:41:27 UTC
883820,Basil,Little Wings,621072,1 bu.,CSA Members,0.4,3.15,3.15,3.4,0.5111,FALSE,Review before publishing,2026-10-01 10:41:27 UTC
883820,Basil,Little Wings,621072,1 bu.,SNAP,0.4,3.15,3.15,3.15,0.4,TRUE,HOLD: preserve existing SNAP price,2026-10-01 10:41:27 UTC
883821,Persian Cucumber,,621073,1 lb,CSA Members,0.4,3.36,3.22,3.22,0.3417,TRUE,HOLD: missing local vendor,2026-10-01 10:41:27 UTC
883821,Persian Cucumber,,621073,1 lb,Herd Share Members,0.4,3.36,3.22,3.22,0.3417,TRUE,HOLD: missing local vendor,2026-10-01 10:41:27 UTC
883821,Persian Cucumber,,621073,1 lb,SNAP,0.4,3.36,3.22,3.22,0.3417,TRUE,HOLD: missing local vendor,2026-10-01 10:41:27 UTC
883821,Persian Cucumber,,621073,1 lb,Guest Basket,0.55,3.72,3.36,3.36,0.4,TRUE,HOLD: missing local vendor,2026-10-01 10:41:27 UTC
883831,Cherries (WA),Organically Grown Company,621083,1.5 lb. bag,CSA Members,0.4,9.66,9.66,10.43,0.5116,FALSE,Review before publishing,2026-10-01 10:41:27 UTC
883831,Cherries (WA),Organically Grown Company,621083,1.5 lb. bag,Herd Share Members,0.4,9.66,9.66,10.43,0.5116,FALSE,Review before publishing,2026-10-01 10:41:27 UTC
883831,Cherries (WA),Organically Grown Company,621083,1.5 lb. bag,SNAP,0.4,9.66,9.66,9.66,0.4,TRUE,HOLD: preserve existing SNAP price,2026-10-01 10:41:27 UTC
883831,Cherries (WA),Organically Grown Company,621083,1.5 lb. bag,Guest Basket,0.4,9.66,9.66,10.43,0.5116,FALSE,Review before publishing,2026-10-01 10:41:27 UTC
884968,Little Gem Mix,Red Tail Growers,622470,1/2 lb bag,CSA Members,0.4,5.95,5.95,6.43,0.5129,FALSE,Review before publishing,2026-10-01 10:41:27 UTC
884968,Little Gem Mix,Red Tail Growers,622470,1/2 lb bag,SNAP,0.4,5.95,5.95,5.95,0.4,TRUE,HOLD: preserve existing SNAP price,2026-10-01 10:41:27 UTC
890302,Blueberries,Organically Grown Company,629769,1 pint,SNAP,0.4,5.6,5.6,5.6,0.4,TRUE,HOLD: preserve existing SNAP price,2026-10-01 10:41:27 UTC
890649,Chioggia Beets,Full Farm CSA,630138,1 Lb,Guest Basket,0.4,1.4,1.4,1.51,0.51,FALSE,Review before publishing,2026-10-01 10:41:27 UTC
890649,Chioggia Beets,Full Farm CSA,630138,1 Lb,CSA Members,0.4,1.4,1.4,1.51,0.51,FALSE,Review before publishing,2026-10-01 10:41:27 UTC
890649,Chioggia Beets,Full Farm CSA,630138,1 Lb,Herd Share Members,0.4,1.4,1.4,1.51,0.51,FALSE,Review before publishing,2026-10-01 10:41:27 UTC
890649,Chioggia Beets,Full Farm CSA,630138,1 Lb,SNAP,0.4,1.4,1.4,1.4,0.4,TRUE,HOLD: preserve existing SNAP price,2026-10-01 10:41:27 UTC
890650,Taragon,Red Tail Growers,630139,bu,CSA Members,0.4,2.8,2.8,3.02,0.51,FALSE,Review before publishing,2026-10-01 10:41:27 UTC
890650,Taragon,Red Tail Growers,630139,bu,Herd Share Members,0.4,2.8,2.8,3.02,0.51,FALSE,Review before publishing,2026-10-01 10:41:27 UTC
890650,Taragon,Red Tail Growers,630139,bu,Guest Basket,0.4,2.8,2.8,3.02,0.51,FALSE,Review before publishing,2026-10-01 10:41:27 UTC
890650,Taragon,Red Tail Growers,630139,bu,SNAP,0.4,2.8,2.8,2.8,0.4,TRUE,HOLD: preserve existing SNAP price,2026-10-01 10:41:27 UTC
890651,Marjoram,Red Tail Growers,630140,bu,CSA Members,0.4,2.1,2.1,2.27,0.5133,FALSE,Review before publishing,2026-10-01 10:41:27 UTC
890651,Marjoram,Red Tail Growers,630140,bu,Herd Share Members,0.4,2.1,2.1,2.27,0.5133,FALSE,Review before publishing,2026-10-01 10:41:27 UTC
890651,Marjoram,Red Tail Growers,630140,bu,SNAP,0.4,2.1,2.1,2.1,0.4,TRUE,HOLD: preserve existing SNAP price,2026-10-01 10:41:27 UTC
890651,Marjoram,Red Tail Growers,630140,bu,Guest Basket,0.4,2.1,2.1,2.27,0.5133,FALSE,Review before publishing,2026-10-01 10:41:27 UTC
890653,Siberian Kale,Red Tail Growers,630142,bu,CSA Members,0.4,2.8,2.8,3.02,0.51,FALSE,Review before publishing,2026-10-01 10:41:27 UTC
890653,Siberian Kale,Red Tail Growers,630142,bu,Herd Share Members,0.4,2.8,2.8,3.02,0.51,FALSE,Review before publishing,2026-10-01 10:41:27 UTC
890653,Siberian Kale,Red Tail Growers,630142,bu,Guest Basket,0.4,2.8,2.8,3.02,0.51,FALSE,Review before publishing,2026-10-01 10:41:27 UTC
890653,Siberian Kale,Red Tail Growers,630142,bu,SNAP,0.4,2.8,2.8,2.8,0.4,TRUE,HOLD: preserve existing SNAP price,2026-10-01 10:41:27 UTC
890655,Salad Chicory Mix,Red Tail Growers,630144,1/2 lb bag,CSA Members,0.4,5.25,5.25,5.67,0.512,FALSE,Review before publishing,2026-10-01 10:41:27 UTC
890655,Salad Chicory Mix,Red Tail Growers,630144,1/2 lb bag,Herd Share Members,0.4,5.25,5.25,5.67,0.512,FALSE,Review before publishing,2026-10-01 10:41:27 UTC
890655,Salad Chicory Mix,Red Tail Growers,630144,1/2 lb bag,Guest Basket,0.4,5.25,5.25,5.67,0.512,FALSE,Review before publishing,2026-10-01 10:41:27 UTC
890655,Salad Chicory Mix,Red Tail Growers,630144,1/2 lb bag,SNAP,0.4,5.25,5.25,5.25,0.4,TRUE,HOLD: preserve existing SNAP price,2026-10-01 10:41:27 UTC
890656,Broccoli,Camas Swale Farm,630145,1 lb,CSA Members,0.4,3.5,3.5,3.78,0.512,FALSE,Review before publishing,2026-10-01 10:41:27 UTC
890656,Broccoli,Camas Swale Farm,630145,1 lb,Guest Basket,0.4,3.5,3.5,3.78,0.512,FALSE,Review before publishing,2026-10-01 10:41:27 UTC
890656,Broccoli,Camas Swale Farm,630145,1 lb,SNAP,0.4,3.5,3.5,3.5,0.4,TRUE,HOLD: preserve existing SNAP price,2026-10-01 10:41:27 UTC
891642,Walla Walla Onions,Red Tail Growers,631359,1 bunch,CSA Members,0.4,3.78,3.78,4.08,0.5111,FALSE,Review before publishing,2026-10-01 10:41:27 UTC
891642,Walla Walla Onions,Red Tail Growers,631359,1 bunch,Herd Share Members,0.4,3.78,3.78,4.08,0.5111,FALSE,Review before publishing,2026-10-01 10:41:27 UTC
891642,Walla Walla Onions,Red Tail Growers,631359,1 bunch,Guest Basket,0.4,3.78,3.78,4.08,0.5111,FALSE,Review before publishing,2026-10-01 10:41:27 UTC
891642,Walla Walla Onions,Red Tail Growers,631359,1 bunch,SNAP,0.4,3.78,3.78,3.78,0.4,TRUE,HOLD: preserve existing SNAP price,2026-10-01 10:41:27 UTC
893267,2025 Arbequina  Olive Oil 100mL,River Ranch Oregon Olive OIl,633209,Ea.,SNAP,0.4,12.53,12.53,12.53,0.4,TRUE,HOLD: preserve existing SNAP price,2026-10-01 10:41:27 UTC
893267,2025 Arbequina  Olive Oil 100mL,River Ranch Oregon Olive OIl,633209,Ea.,CSA Members,0.4,12.53,12.53,13.53,0.5117,FALSE,Review before publishing,2026-10-01 10:41:27 UTC
894281,Beef Short Rib,Deck Family Farm,634544,1.30 - 2.10 lbs,SNAP,0.6574,29.73,29.73,29.73,0.6572,TRUE,HOLD: preserve existing SNAP price,2026-10-01 10:41:27 UTC
894282,"Skirt Steak, Small",Deck Family Farm,634545,"Small, 0.40 - 0.79 lbs",SNAP,0.6574,13.87,13.87,13.87,0.6571,TRUE,HOLD: preserve existing SNAP price,2026-10-01 10:41:27 UTC
894790,2025 Arbequina  Olive Oil 250mL,River Ranch Oregon Olive OIl,635197,Ea.,SNAP,0.4,23.45,23.45,23.45,0.4,TRUE,HOLD: preserve existing SNAP price,2026-10-01 10:41:27 UTC
894792,Flavor Infused Olive Oil- Rosemary and Basil 250mL,River Ranch Oregon Olive OIl,635199,250mL,SNAP,0.4,30.73,30.73,30.73,0.4,TRUE,HOLD: preserve existing SNAP price,2026-10-01 10:41:27 UTC
894792,Flavor Infused Olive Oil- Rosemary and Basil 250mL,River Ranch Oregon Olive OIl,635199,250mL,CSA Members,0.4,30.73,30.73,33.19,0.5121,FALSE,Review before publishing,2026-10-01 10:41:27 UTC
894793,Flavor Infused Olive Oil- Garlic 250mL,River Ranch Oregon Olive OIl,635200,250mL,CSA Members,0.4,30.73,30.73,33.19,0.5121,FALSE,Review before publishing,2026-10-01 10:41:27 UTC
894793,Flavor Infused Olive Oil- Garlic 250mL,River Ranch Oregon Olive OIl,635200,250mL,SNAP,0.4,30.73,30.73,30.73,0.4,TRUE,HOLD: preserve existing SNAP price,2026-10-01 10:41:27 UTC
896390,Shishito Peppers,Grazier's Garden,637202,Lb.,Herd Share Members,0.4,3.15,3.15,3.4,0.5111,FALSE,Review before publishing,2026-10-01 10:41:27 UTC
896390,Shishito Peppers,Grazier's Garden,637202,Lb.,CSA Members,0.4,3.15,3.15,3.4,0.5111,FALSE,Review before publishing,2026-10-01 10:41:27 UTC
896390,Shishito Peppers,Grazier's Garden,637202,Lb.,SNAP,0.4,3.15,3.15,3.15,0.4,TRUE,HOLD: preserve existing SNAP price,2026-10-01 10:41:27 UTC
897010,Dry Herb Mix,River Ranch Oregon Olive OIl,638080,ea 1 ounce jar,SNAP,0.4,9.8,9.8,9.8,0.4,TRUE,HOLD: preserve existing SNAP price,2026-10-01 10:41:27 UTC
897010,Dry Herb Mix,River Ranch Oregon Olive OIl,638080,ea 1 ounce jar,Guest Basket,0.4,9.8,9.8,10.58,0.5114,FALSE,Review before publishing,2026-10-01 10:41:27 UTC
897016,Shiro plums,Small is Beautiful Farm,638086,dozen,CSA Members,0.4,4.9,4.9,5.29,0.5114,FALSE,Review before publishing,2026-10-01 10:41:27 UTC
897016,Shiro plums,Small is Beautiful Farm,638086,dozen,SNAP,0.4,4.9,4.9,4.9,0.4,TRUE,HOLD: preserve existing SNAP price,2026-10-01 10:41:27 UTC
897017,Fresh Sweet Onion,Camas Swale Farm,638087,pound,CSA Members,0.4,2.03,2.03,2.19,0.5103,FALSE,Review before publishing,2026-10-01 10:41:27 UTC
897017,Fresh Sweet Onion,Camas Swale Farm,638087,pound,Guest Basket,0.4,2.03,2.03,2.19,0.5103,FALSE,Review before publishing,2026-10-01 10:41:27 UTC
897017,Fresh Sweet Onion,Camas Swale Farm,638087,pound,Herd Share Members,0.4,2.03,2.03,2.19,0.5103,FALSE,Review before publishing,2026-10-01 10:41:27 UTC
897017,Fresh Sweet Onion,Camas Swale Farm,638087,pound,SNAP,0.4,2.03,2.03,2.03,0.4,TRUE,HOLD: preserve existing SNAP price,2026-10-01 10:41:27 UTC
897018,Lavender Olive Oil Sugar Scrub,River Ranch Oregon Olive OIl,638088,ea  4oz. jar,CSA Members,0.4,7,7,7.56,0.512,FALSE,Review before publishing,2026-10-01 10:41:27 UTC
897018,Lavender Olive Oil Sugar Scrub,River Ranch Oregon Olive OIl,638088,ea  4oz. jar,SNAP,0.4,7,7,7,0.4,TRUE,HOLD: preserve existing SNAP price,2026-10-01 10:41:27 UTC
897022,Morning Mist Olive Oil Sugar Scrub,River Ranch Oregon Olive OIl,638092,ea 4 oz jar,Guest Basket,0.4,7,7,7.56,0.512,FALSE,Review before publishing,2026-10-01 10:41:27 UTC
897022,Morning Mist Olive Oil Sugar Scrub,River Ranch Oregon Olive OIl,638092,ea 4 oz jar,SNAP,0.4,7,7,7,0.4,TRUE,HOLD: preserve existing SNAP price,2026-10-01 10:41:27 UTC
897022,Morning Mist Olive Oil Sugar Scrub,River Ranch Oregon Olive OIl,638092,ea 4 oz jar,CSA Members,0.4,7,7,7.56,0.512,FALSE,Review before publishing,2026-10-01 10:41:27 UTC
897026,Summer Day Olive Oil Sugar Scrub,River Ranch Oregon Olive OIl,638096,ea 4 oz jar,Guest Basket,0.4,7,7,7.56,0.512,FALSE,Review before publishing,2026-10-01 10:41:27 UTC
897026,Summer Day Olive Oil Sugar Scrub,River Ranch Oregon Olive OIl,638096,ea 4 oz jar,CSA Members,0.4,7,7,7.56,0.512,FALSE,Review before publishing,2026-10-01 10:41:27 UTC
897026,Summer Day Olive Oil Sugar Scrub,River Ranch Oregon Olive OIl,638096,ea 4 oz jar,SNAP,0.4,7,7,7,0.4,TRUE,HOLD: preserve existing SNAP price,2026-10-01 10:41:27 UTC
897027,Colliding Rivers Olive Oil Sugar Scrub,River Ranch Oregon Olive OIl,638097,ea 4 oz jar,CSA Members,0.4,7,7,7.56,0.512,FALSE,Review before publishing,2026-10-01 10:41:27 UTC
897027,Colliding Rivers Olive Oil Sugar Scrub,River Ranch Oregon Olive OIl,638097,ea 4 oz jar,Herd Share Members,0.4,7,7,7.56,0.512,FALSE,Review before publishing,2026-10-01 10:41:27 UTC
897027,Colliding Rivers Olive Oil Sugar Scrub,River Ranch Oregon Olive OIl,638097,ea 4 oz jar,Guest Basket,0.4,7,7,7.56,0.512,FALSE,Review before publishing,2026-10-01 10:41:27 UTC
897027,Colliding Rivers Olive Oil Sugar Scrub,River Ranch Oregon Olive OIl,638097,ea 4 oz jar,SNAP,0.4,7,7,7,0.4,TRUE,HOLD: preserve existing SNAP price,2026-10-01 10:41:27 UTC
897379,Green beans,Little Wings,638626,pound,CSA Members,0.4,6.3,6.3,6.8,0.5111,FALSE,Review before publishing,2026-10-01 10:41:27 UTC
897379,Green beans,Little Wings,638626,pound,SNAP,0.4,6.3,6.3,6.3,0.4,TRUE,HOLD: preserve existing SNAP price,2026-10-01 10:41:27 UTC
897403,Raspberry Swirl - 2009 Tall Bearded Iris - Stunning Award Winner (Rhizome),RL Plants & Home Goods,638660,ea,CSA Members,0.4,9.8,9.8,10.58,0.5114,FALSE,Review before publishing,2026-10-01 10:41:27 UTC
897403,Raspberry Swirl - 2009 Tall Bearded Iris - Stunning Award Winner (Rhizome),RL Plants & Home Goods,638660,ea,Guest Basket,0.4,9.8,9.8,10.58,0.5114,FALSE,Review before publishing,2026-10-01 10:41:27 UTC
897404,Pepi Dwarf Iris Rhizome,RL Plants & Home Goods,638661,ea,CSA Members,0.4,8.4,8.4,9.07,0.5117,FALSE,Review before publishing,2026-10-01 10:41:27 UTC
897404,Pepi Dwarf Iris Rhizome,RL Plants & Home Goods,638661,ea,Guest Basket,0.4,8.4,8.4,9.07,0.5117,FALSE,Review before publishing,2026-10-01 10:41:27 UTC
897406,DOXIE DOODLES - 2011 Standard Dwarf Bearded Iris - Fragrant (rhizome),RL Plants & Home Goods,638663,ea,CSA Members,0.4,8.4,8.4,9.07,0.5117,FALSE,Review before publishing,2026-10-01 10:41:27 UTC
897406,DOXIE DOODLES - 2011 Standard Dwarf Bearded Iris - Fragrant (rhizome),RL Plants & Home Goods,638663,ea,Guest Basket,0.4,8.4,8.4,9.07,0.5117,FALSE,Review before publishing,2026-10-01 10:41:27 UTC
897629,Emmer Farro,Lonesome Whistle,638988,1.25 lb Bag,SNAP,0.4,6.3,6.3,6.3,0.4,TRUE,HOLD: preserve existing SNAP price,2026-10-01 10:41:27 UTC
897631,Dark Northern Rye Flour,Lonesome Whistle,638990,1.6 lbs,SNAP,0.4,6.3,6.3,6.3,0.4,TRUE,HOLD: preserve existing SNAP price,2026-10-01 10:41:27 UTC
897631,Dark Northern Rye Flour,Lonesome Whistle,638990,1.6 lbs,Guest Basket,0.4,6.3,6.3,6.8,0.5111,FALSE,Review before publishing,2026-10-01 10:41:27 UTC
899372,Serrano pepper,Camas Swale Farm,641156,1 lb,CSA Members,0.4,5.6,5.6,6.05,0.5125,FALSE,Review before publishing,2026-10-01 10:41:27 UTC
899372,Serrano pepper,Camas Swale Farm,641156,1 lb,Guest Basket,0.4,5.6,5.6,6.05,0.5125,FALSE,Review before publishing,2026-10-01 10:41:27 UTC
899372,Serrano pepper,Camas Swale Farm,641156,1 lb,SNAP,0.4,5.6,5.6,5.6,0.4,TRUE,HOLD: preserve existing SNAP price,2026-10-01 10:41:27 UTC
899373,Tropea onion,Full Farm CSA,641157,lb,SNAP,0.4,3.08,3.08,3.08,0.4,TRUE,HOLD: preserve existing SNAP price,2026-10-01 10:41:27 UTC
899373,Tropea onion,Full Farm CSA,641157,lb,CSA Members,0.4,3.08,3.08,3.33,0.5136,FALSE,Review before publishing,2026-10-01 10:41:27 UTC
899377,Granny Smith Apple (WA),Organically Grown Company,641182,ea,SNAP,0.4,1.26,1.35,1.35,0.5,TRUE,HOLD: preserve existing SNAP price,2026-10-01 10:41:27 UTC
899379,Honey Crisp Apple (WA),Organically Grown Company,641205,ea,SNAP,0.4,2.45,2.63,2.63,0.5029,TRUE,HOLD: preserve existing SNAP price,2026-10-01 10:41:27 UTC
899381,Suncrest Peach,Small is Beautiful Farm,641228,ea,CSA Members,0.4,1.75,1.75,1.89,0.512,FALSE,Review before publishing,2026-10-01 10:41:27 UTC
899381,Suncrest Peach,Small is Beautiful Farm,641228,ea,Herd Share Members,0.4,1.75,1.75,1.89,0.512,FALSE,Review before publishing,2026-10-01 10:41:27 UTC
899381,Suncrest Peach,Small is Beautiful Farm,641228,ea,Guest Basket,0.4,1.75,1.75,1.89,0.512,FALSE,Review before publishing,2026-10-01 10:41:27 UTC
899381,Suncrest Peach,Small is Beautiful Farm,641228,ea,SNAP,0.4,1.75,1.75,1.75,0.4,TRUE,HOLD: preserve existing SNAP price,2026-10-01 10:41:27 UTC
899385,Broccoli,Camas Swale Farm,641280,ea,SNAP,0.4,7,7,7,0.4,TRUE,HOLD: preserve existing SNAP price,2026-10-01 10:41:27 UTC
899388,Oyster Mushrooms,Organically Grown Company,641283,1/2 lb,CSA Members,0.4,5.25,5.25,5.67,0.512,FALSE,Review before publishing,2026-10-01 10:41:27 UTC
899388,Oyster Mushrooms,Organically Grown Company,641283,1/2 lb,Herd Share Members,0.4,5.25,5.25,5.67,0.512,FALSE,Review before publishing,2026-10-01 10:41:27 UTC
899388,Oyster Mushrooms,Organically Grown Company,641283,1/2 lb,Guest Basket,0.4,5.25,5.25,5.67,0.512,FALSE,Review before publishing,2026-10-01 10:41:27 UTC
899388,Oyster Mushrooms,Organically Grown Company,641283,1/2 lb,SNAP,0.4,5.25,5.25,5.25,0.4,TRUE,HOLD: preserve existing SNAP price,2026-10-01 10:41:27 UTC
899390,Mini Sweet Mix Bell Peppers,Organically Grown Company,641285,1 lb bag,Herd Share Members,0.4,6.43,6.43,6.94,0.512,FALSE,Review before publishing,2026-10-01 10:41:27 UTC
899390,Mini Sweet Mix Bell Peppers,Organically Grown Company,641285,1 lb bag,Guest Basket,0.4,6.43,6.43,6.94,0.512,FALSE,Review before publishing,2026-10-01 10:41:27 UTC
899390,Mini Sweet Mix Bell Peppers,Organically Grown Company,641285,1 lb bag,CSA Members,0.4,6.43,6.43,6.94,0.512,FALSE,Review before publishing,2026-10-01 10:41:27 UTC
899390,Mini Sweet Mix Bell Peppers,Organically Grown Company,641285,1 lb bag,SNAP,0.4,6.43,6.43,6.43,0.4009,TRUE,HOLD: preserve existing SNAP price,2026-10-01 10:41:27 UTC
900126,Organic 7-Grain Cereal,Camas Country Mill,642136,3 lbs,Guest Basket,0.4,18.55,18.55,20.03,0.5117,FALSE,Review before publishing,2026-10-01 10:41:27 UTC
900126,Organic 7-Grain Cereal,Camas Country Mill,642136,3 lbs,CSA Members,0.4,18.55,18.55,20.03,0.5117,FALSE,Review before publishing,2026-10-01 10:41:27 UTC
900126,Organic 7-Grain Cereal,Camas Country Mill,642136,3 lbs,SNAP,0.4,18.55,18.55,18.55,0.4,TRUE,HOLD: preserve existing SNAP price,2026-10-01 10:41:27 UTC
900152,"Garbanzo Beans/ Chickpeas, Organic",Camas Country Mill,642166,3 lbs,SNAP,0.4,16.8,16.8,16.8,0.4,TRUE,HOLD: preserve existing SNAP price,2026-10-01 10:41:27 UTC
900154,Holly's Dog Biscuit Mix,Camas Country Mill,642168,3 lb bag,CSA Members,0.4,14,14,15.12,0.512,FALSE,Review before publishing,2026-10-01 10:41:27 UTC
900154,Holly's Dog Biscuit Mix,Camas Country Mill,642168,3 lb bag,SNAP,0.4,14,14,14,0.4,TRUE,HOLD: preserve existing SNAP price,2026-10-01 10:41:27 UTC
900158,Organic Blue Cornmeal,Camas Country Mill,642174,3 lb bag,SNAP,0.4,14.56,14.56,14.56,0.4,TRUE,HOLD: preserve existing SNAP price,2026-10-01 10:41:27 UTC
900310,Summer Herb Lamb Sausage Links,Deck Family Farm's Hyland Artisinal Meats,642339,4 links/ pack 14 oz pack,Guest Basket,0.6574,19.74,19.74,21.32,0.7901,FALSE,Review before publishing,2026-10-01 10:41:27 UTC
900310,Summer Herb Lamb Sausage Links,Deck Family Farm's Hyland Artisinal Meats,642339,4 links/ pack 14 oz pack,Herd Share Members,0.6574,19.74,19.74,21.32,0.7901,FALSE,Review before publishing,2026-10-01 10:41:27 UTC
900310,Summer Herb Lamb Sausage Links,Deck Family Farm's Hyland Artisinal Meats,642339,4 links/ pack 14 oz pack,SNAP,0.6574,19.74,19.74,19.74,0.6574,TRUE,HOLD: preserve existing SNAP price,2026-10-01 10:41:27 UTC
900310,Summer Herb Lamb Sausage Links,Deck Family Farm's Hyland Artisinal Meats,642339,4 links/ pack 14 oz pack,CSA Members,0.6574,19.74,19.74,21.32,0.7901,FALSE,Review before publishing,2026-10-01 10:41:27 UTC
900311,Blueberry Maple Sausage Links,Deck Family Farm's Hyland Artisinal Meats,642340,4 links/ pack 14 oz pack,Guest Basket,0.6574,17.93,17.93,19.36,0.7893,FALSE,Review before publishing,2026-10-01 10:41:27 UTC
900311,Blueberry Maple Sausage Links,Deck Family Farm's Hyland Artisinal Meats,642340,4 links/ pack 14 oz pack,CSA Members,0.6574,17.93,17.93,19.36,0.7893,FALSE,Review before publishing,2026-10-01 10:41:27 UTC
900311,Blueberry Maple Sausage Links,Deck Family Farm's Hyland Artisinal Meats,642340,4 links/ pack 14 oz pack,Herd Share Members,0.6574,17.93,17.93,19.36,0.7893,FALSE,Review before publishing,2026-10-01 10:41:27 UTC
900311,Blueberry Maple Sausage Links,Deck Family Farm's Hyland Artisinal Meats,642340,4 links/ pack 14 oz pack,SNAP,0.6574,17.93,17.93,17.93,0.6571,TRUE,HOLD: preserve existing SNAP price,2026-10-01 10:41:27 UTC
901383,Open Your Eyes- Iris Rhizome,RL Plants & Home Goods,643631,ea,Herd Share Members,0.4,11.2,11.2,12.1,0.5125,FALSE,Review before publishing,2026-10-01 10:41:27 UTC
901383,Open Your Eyes- Iris Rhizome,RL Plants & Home Goods,643631,ea,SNAP,0.4,11.2,11.2,11.2,0.4,TRUE,HOLD: preserve existing SNAP price,2026-10-01 10:41:27 UTC
901383,Open Your Eyes- Iris Rhizome,RL Plants & Home Goods,643631,ea,CSA Members,0.4,11.2,11.2,12.1,0.5125,FALSE,Review before publishing,2026-10-01 10:41:27 UTC
901386,Fall Decor- Iris Rhizome,RL Plants & Home Goods,643634,ea,CSA Members,0.4,11.2,11.2,12.1,0.5125,FALSE,Review before publishing,2026-10-01 10:41:27 UTC
901386,Fall Decor- Iris Rhizome,RL Plants & Home Goods,643634,ea,Guest Basket,0.4,11.2,11.2,12.1,0.5125,FALSE,Review before publishing,2026-10-01 10:41:27 UTC
901471,Bartlett Pears,Small is Beautiful Farm,643754,ea,SNAP,0.4,1.4,1.4,1.4,0.4,TRUE,HOLD: preserve existing SNAP price,2026-10-01 10:41:27 UTC
901471,Bartlett Pears,Small is Beautiful Farm,643754,ea,CSA Members,0.4,1.4,1.4,1.51,0.51,FALSE,Review before publishing,2026-10-01 10:41:27 UTC
901488,Jalapeno,Organically Grown Company,643774,lb,SNAP,0.4,7,7,7,0.4,TRUE,HOLD: preserve existing SNAP price,2026-10-01 10:41:27 UTC
901489,Ambition Shallots,Red Tail Growers,643775,1 lb,CSA Members,0.4,4.9,4.9,5.29,0.5114,FALSE,Review before publishing,2026-10-01 10:41:27 UTC
901489,Ambition Shallots,Red Tail Growers,643775,1 lb,Herd Share Members,0.4,4.9,4.9,5.29,0.5114,FALSE,Review before publishing,2026-10-01 10:41:27 UTC
901489,Ambition Shallots,Red Tail Growers,643775,1 lb,Guest Basket,0.4,4.9,4.9,5.29,0.5114,FALSE,Review before publishing,2026-10-01 10:41:27 UTC
901489,Ambition Shallots,Red Tail Growers,643775,1 lb,SNAP,0.4,4.9,4.9,4.9,0.4,TRUE,HOLD: preserve existing SNAP price,2026-10-01 10:41:27 UTC
901753,Olympia Provisions Saucisson D'Arles Salami,Deck Family Farm,644080,4.5 oz,SNAP,0.6574,13.46,13.46,13.46,0.6576,TRUE,HOLD: preserve existing SNAP price,2026-10-01 10:41:27 UTC
901753,Olympia Provisions Saucisson D'Arles Salami,Deck Family Farm,644080,4.5 oz,CSA Members,0.6574,13.46,13.46,14.54,0.7906,FALSE,Review before publishing,2026-10-01 10:41:27 UTC
903477,Toybox Cherry Tomatoes,Little Wings,646322,1 pt,CSA Members,0.4,5.88,5.88,6.35,0.5119,FALSE,Review before publishing,2026-10-01 10:41:27 UTC
903477,Toybox Cherry Tomatoes,Little Wings,646322,1 pt,SNAP,0.4,5.88,5.88,5.88,0.4,TRUE,HOLD: preserve existing SNAP price,2026-10-01 10:41:27 UTC
904032,Green Seedless Table Grapes,Small is Beautiful Farm,647015,pt,CSA Members,0.4,4.9,4.9,5.29,0.5114,FALSE,Review before publishing,2026-10-01 10:41:27 UTC
904032,Green Seedless Table Grapes,Small is Beautiful Farm,647015,pt,SNAP,0.4,4.9,4.9,4.9,0.4,TRUE,HOLD: preserve existing SNAP price,2026-10-01 10:41:27 UTC
905272,Pickled Garlic Scapes,Grazier's Garden,648936,pt,CSA Members,0.4,11.2,11.2,12.1,0.5125,FALSE,Review before publishing,2026-10-01 10:41:27 UTC
905272,Pickled Garlic Scapes,Grazier's Garden,648936,pt,Herd Share Members,0.4,11.2,11.2,12.1,0.5125,FALSE,Review before publishing,2026-10-01 10:41:27 UTC
905272,Pickled Garlic Scapes,Grazier's Garden,648936,pt,SNAP,0.4,11.2,11.2,11.2,0.4,TRUE,HOLD: preserve existing SNAP price,2026-10-01 10:41:27 UTC
906533,Braising mix (chard and kale),Red Tail Growers,650559,1/2 lb,SNAP,0.4,5.95,5.95,5.95,0.4,TRUE,HOLD: preserve existing SNAP price,2026-10-01 10:41:27 UTC
906533,Braising mix (chard and kale),Red Tail Growers,650559,1/2 lb,Guest Basket,0.4,5.95,5.95,6.43,0.5129,FALSE,Review before publishing,2026-10-01 10:41:27 UTC
906533,Braising mix (chard and kale),Red Tail Growers,650559,1/2 lb,CSA Members,0.4,5.95,5.95,6.43,0.5129,FALSE,Review before publishing,2026-10-01 10:41:27 UTC
906534,Bietola/chard mix,Red Tail Growers,650560,1/2 lb bag,CSA Members,0.4,4.9,4.9,5.29,0.5114,FALSE,Review before publishing,2026-10-01 10:41:27 UTC
906534,Bietola/chard mix,Red Tail Growers,650560,1/2 lb bag,Herd Share Members,0.4,4.9,4.9,5.29,0.5114,FALSE,Review before publishing,2026-10-01 10:41:27 UTC
906534,Bietola/chard mix,Red Tail Growers,650560,1/2 lb bag,Guest Basket,0.4,4.9,4.9,5.29,0.5114,FALSE,Review before publishing,2026-10-01 10:41:27 UTC
906534,Bietola/chard mix,Red Tail Growers,650560,1/2 lb bag,SNAP,0.4,4.9,4.9,4.9,0.4,TRUE,HOLD: preserve existing SNAP price,2026-10-01 10:41:27 UTC
906535,Bietola,Red Tail Growers,650561,ea,CSA Members,0.4,2.8,2.8,3.02,0.51,FALSE,Review before publishing,2026-10-01 10:41:27 UTC
906535,Bietola,Red Tail Growers,650561,ea,Herd Share Members,0.4,2.8,2.8,3.02,0.51,FALSE,Review before publishing,2026-10-01 10:41:27 UTC
906535,Bietola,Red Tail Growers,650561,ea,SNAP,0.4,2.8,2.8,2.8,0.4,TRUE,HOLD: preserve existing SNAP price,2026-10-01 10:41:27 UTC
906535,Bietola,Red Tail Growers,650561,ea,Guest Basket,0.4,2.8,2.8,3.02,0.51,FALSE,Review before publishing,2026-10-01 10:41:27 UTC
906536,White Russian Kale,Red Tail Growers,650562,bu,CSA Members,0.4,2.8,2.8,3.02,0.51,FALSE,Review before publishing,2026-10-01 10:41:27 UTC
906536,White Russian Kale,Red Tail Growers,650562,bu,Guest Basket,0.4,2.8,2.8,3.02,0.51,FALSE,Review before publishing,2026-10-01 10:41:27 UTC
906536,White Russian Kale,Red Tail Growers,650562,bu,Herd Share Members,0.4,2.8,2.8,3.02,0.51,FALSE,Review before publishing,2026-10-01 10:41:27 UTC
906536,White Russian Kale,Red Tail Growers,650562,bu,SNAP,0.4,2.8,2.8,2.8,0.4,TRUE,HOLD: preserve existing SNAP price,2026-10-01 10:41:27 UTC
906541,Hot habanero,Camas Swale Farm,650569,lb,CSA Members,0.4,7,7,7.56,0.512,FALSE,Review before publishing,2026-10-01 10:41:27 UTC
906541,Hot habanero,Camas Swale Farm,650569,lb,SNAP,0.4,7,7,7,0.4,TRUE,HOLD: preserve existing SNAP price,2026-10-01 10:41:27 UTC
906541,Hot habanero,Camas Swale Farm,650569,lb,Herd Share Members,0.4,7,7,7.56,0.512,FALSE,Review before publishing,2026-10-01 10:41:27 UTC
906541,Hot habanero,Camas Swale Farm,650569,lb,Guest Basket,0.4,7,7,7.56,0.512,FALSE,Review before publishing,2026-10-01 10:41:27 UTC
906542,Red Bell Pepper,Camas Swale Farm,650570,lb,CSA Members,0.4,4.9,4.9,5.29,0.5114,FALSE,Review before publishing,2026-10-01 10:41:27 UTC
906542,Red Bell Pepper,Camas Swale Farm,650570,lb,SNAP,0.4,4.9,4.9,4.9,0.4,TRUE,HOLD: preserve existing SNAP price,2026-10-01 10:41:27 UTC
907016,Roasted Hazelnuts 12 oz.,Farmhands Co-Op,651217,12 oz bag,SNAP,0.4,17.78,17.78,17.78,0.4,TRUE,HOLD: preserve existing SNAP price,2026-10-01 10:41:27 UTC
907016,Roasted Hazelnuts 12 oz.,Farmhands Co-Op,651217,12 oz bag,CSA Members,0.4,17.78,17.78,19.2,0.5118,FALSE,Review before publishing,2026-10-01 10:41:27 UTC
908804,Flax Seed,Camas Country Mill,653619,3 lb. bag,SNAP,0.4,20.3,20.3,20.3,0.4,TRUE,HOLD: preserve existing SNAP price,2026-10-01 10:41:27 UTC
910701,Shishito Pepper Pint,Grazier's Garden,655777,each,Guest Basket,0.4,4.2,4.2,4.54,0.5133,FALSE,Review before publishing,2026-10-01 10:41:27 UTC
910701,Shishito Pepper Pint,Grazier's Garden,655777,each,SNAP,0.4,4.2,4.2,4.2,0.4,TRUE,HOLD: preserve existing SNAP price,2026-10-01 10:41:27 UTC
910774,"Broad Breasted White Thanksgiving Turkeys, Medium",Deck Family Farm,655862,12.01 - 14.00  lbs,SNAP,0.6574,103.16,103.16,103.16,0.6575,TRUE,HOLD: preserve existing SNAP price,2026-10-01 10:41:27 UTC
910774,"Broad Breasted White Thanksgiving Turkeys, Medium",Deck Family Farm,655862,12.01 - 14.00  lbs,CSA Members,0.6574,103.16,103.16,111.41,0.79,FALSE,Review before publishing,2026-10-01 10:41:27 UTC
910775,"Broad Breasted White Turkeys, Large",Deck Family Farm,655863,14.01 - 16.00 lbs,CSA Members,0.6574,116.61,116.61,125.94,0.7899,FALSE,Review before publishing,2026-10-01 10:41:27 UTC
910775,"Broad Breasted White Turkeys, Large",Deck Family Farm,655863,14.01 - 16.00 lbs,SNAP,0.6574,116.61,116.61,116.61,0.6573,TRUE,HOLD: preserve existing SNAP price,2026-10-01 10:41:27 UTC
910775,"Broad Breasted White Turkeys, Large",Deck Family Farm,655863,14.01 - 16.00 lbs,Guest Basket,0.6574,116.61,116.61,125.94,0.7899,FALSE,Review before publishing,2026-10-01 10:41:27 UTC
910776,"Heritage Turkeys, Medium",Deck Family Farm,655864,12.01 - 14.00 lbs,SNAP,0.6574,112.12,112.12,112.12,0.6574,TRUE,HOLD: preserve existing SNAP price,2026-10-01 10:41:27 UTC
910776,"Heritage Turkeys, Medium",Deck Family Farm,655864,12.01 - 14.00 lbs,Guest Basket,0.6574,112.12,112.12,121.09,0.7899,FALSE,Review before publishing,2026-10-01 10:41:27 UTC
911647,"Catalan Paprika-Rubbed Cheese, 5.9-6.9 oz","Creamy Cow, LLC",656874,5.9-6.9 oz,Herd Share Members,0.4,15.74,17.98,19.42,0.7278,FALSE,Review local/Local Line price difference before publishing,2026-10-01 10:41:27 UTC
911647,"Catalan Paprika-Rubbed Cheese, 5.9-6.9 oz","Creamy Cow, LLC",656874,5.9-6.9 oz,SNAP,0.4,15.74,17.98,17.98,0.5996,TRUE,HOLD: preserve existing SNAP price,2026-10-01 10:41:27 UTC
911648,"Catalan Paprika-Rubbed Cheese, 7-8 oz","Creamy Cow, LLC",656875,7-8 oz,SNAP,0.4,16.58,18.94,18.94,0.5997,TRUE,HOLD: preserve existing SNAP price,2026-10-01 10:41:27 UTC
911648,"Catalan Paprika-Rubbed Cheese, 7-8 oz","Creamy Cow, LLC",656875,7-8 oz,Herd Share Members,0.4,16.58,18.94,20.46,0.728,FALSE,Review local/Local Line price difference before publishing,2026-10-01 10:41:27 UTC
911651,"Catalan Paprika-Rubbed Cheese, 4.8-5.8 oz","Creamy Cow, LLC",656878,4.8-5.8 oz,Herd Share Members,0.4,12.57,14.37,15.52,0.7283,FALSE,Review local/Local Line price difference before publishing,2026-10-01 10:41:27 UTC
911651,"Catalan Paprika-Rubbed Cheese, 4.8-5.8 oz","Creamy Cow, LLC",656878,4.8-5.8 oz,SNAP,0.4,12.57,14.37,14.37,0.6002,TRUE,HOLD: preserve existing SNAP price,2026-10-01 10:41:27 UTC
911653,Celeriac,Organically Grown Company,656880,1 lb,SNAP,0.4,2.52,2.52,2.52,0.4,TRUE,HOLD: preserve existing SNAP price,2026-10-01 10:41:27 UTC
912554,Leeks,Red Tail Growers,657841,1 bunch,SNAP,0.4,2.8,2.8,2.8,0.4,TRUE,HOLD: preserve existing SNAP price,2026-10-01 10:41:27 UTC
912556,Red Chard,Red Tail Growers,657843,ea,CSA Members,0.4,2.8,2.8,3.02,0.51,FALSE,Review before publishing,2026-10-01 10:41:27 UTC
912556,Red Chard,Red Tail Growers,657843,ea,SNAP,0.4,2.8,2.8,2.8,0.4,TRUE,HOLD: preserve existing SNAP price,2026-10-01 10:41:27 UTC
912730,Hakurei Turnips,Little Wings,658104,1 bunch,CSA Members,0.4,3.5,3.5,3.78,0.512,FALSE,Review before publishing,2026-10-01 10:41:27 UTC
912730,Hakurei Turnips,Little Wings,658104,1 bunch,SNAP,0.4,3.5,3.5,3.5,0.4,TRUE,HOLD: preserve existing SNAP price,2026-10-01 10:41:27 UTC
912736,Red Cabbage,Organically Grown Company,658110,each,SNAP,0.4,5.53,5.53,5.53,0.4,TRUE,HOLD: preserve existing SNAP price,2026-10-01 10:41:27 UTC
913064,"Lamb Chops, 4 pack",Deck Family Farm,658487,"4 pack, 1.1 - 1.50 lbs",Guest Basket,0.6574,32.97,29.67,32.04,0.6109,FALSE,Review local/Local Line price difference before publishing,2026-10-01 10:41:27 UTC
913064,"Lamb Chops, 4 pack",Deck Family Farm,658487,"4 pack, 1.1 - 1.50 lbs",Herd Share Members,0.6574,32.97,29.67,32.04,0.6109,FALSE,Review local/Local Line price difference before publishing,2026-10-01 10:41:27 UTC
913064,"Lamb Chops, 4 pack",Deck Family Farm,658487,"4 pack, 1.1 - 1.50 lbs",CSA Members,0.6574,32.97,29.67,32.04,0.6109,FALSE,Review local/Local Line price difference before publishing,2026-10-01 10:41:27 UTC
913064,"Lamb Chops, 4 pack",Deck Family Farm,658487,"4 pack, 1.1 - 1.50 lbs",SNAP,0.6574,32.97,29.67,29.67,0.4917,TRUE,HOLD: preserve existing SNAP price,2026-10-01 10:41:27 UTC
913601,Green Kabocha,Camas Swale Farm,659131,ea,SNAP,0.4,5.6,5.6,5.6,0.4,TRUE,HOLD: preserve existing SNAP price,2026-10-01 10:41:27 UTC
913601,Green Kabocha,Camas Swale Farm,659131,ea,Herd Share Members,0.4,5.6,5.6,6.05,0.5125,FALSE,Review before publishing,2026-10-01 10:41:27 UTC
913601,Green Kabocha,Camas Swale Farm,659131,ea,Guest Basket,0.4,5.6,5.6,6.05,0.5125,FALSE,Review before publishing,2026-10-01 10:41:27 UTC
913601,Green Kabocha,Camas Swale Farm,659131,ea,CSA Members,0.4,5.6,5.6,6.05,0.5125,FALSE,Review before publishing,2026-10-01 10:41:27 UTC
913648,Lamb Merguez Sausage Links,Deck Family Farm's Hyland Artisinal Meats,659184,4 links/pack 14 oz pack,Guest Basket,0.6574,21.53,21.53,23.25,0.7898,FALSE,Review before publishing,2026-10-01 10:41:27 UTC
913648,Lamb Merguez Sausage Links,Deck Family Farm's Hyland Artisinal Meats,659184,4 links/pack 14 oz pack,Herd Share Members,0.6574,21.53,21.53,23.25,0.7898,FALSE,Review before publishing,2026-10-01 10:41:27 UTC
913648,Lamb Merguez Sausage Links,Deck Family Farm's Hyland Artisinal Meats,659184,4 links/pack 14 oz pack,SNAP,0.6574,21.53,21.53,21.53,0.6574,TRUE,HOLD: preserve existing SNAP price,2026-10-01 10:41:27 UTC
913648,Lamb Merguez Sausage Links,Deck Family Farm's Hyland Artisinal Meats,659184,4 links/pack 14 oz pack,CSA Members,0.6574,21.53,21.53,23.25,0.7898,FALSE,Review before publishing,2026-10-01 10:41:27 UTC
913650,Thai Curry Sausage Links,Deck Family Farm's Hyland Artisinal Meats,659186,4 links/ pack 14 oz pack,SNAP,0.6574,17.93,17.93,17.93,0.6571,TRUE,HOLD: preserve existing SNAP price,2026-10-01 10:41:27 UTC
913651,Bulk Thai Curry Sausage,Deck Family Farm's Hyland Artisinal Meats,659187,12 oz,SNAP,0.6574,14.8,14.8,14.8,0.6573,TRUE,HOLD: preserve existing SNAP price,2026-10-01 10:41:27 UTC
913652,Bulk Farm Made Chorizo Sausage,Deck Family Farm's Hyland Artisinal Meats,659188,12 oz,SNAP,0.6574,16.14,16.14,16.14,0.6571,TRUE,HOLD: preserve existing SNAP price,2026-10-01 10:41:27 UTC
913653,Grass-Fed Organ Blend,Deck Family Farm's Hyland Artisinal Meats,659189,1 lb pack,SNAP,0.6574,13.46,13.46,13.46,0.6576,TRUE,HOLD: preserve existing SNAP price,2026-10-01 10:41:27 UTC
914549,Lemon Balm,RL Plants & Home Goods,660244,bu,CSA Members,0.4,3.5,3.5,3.78,0.512,FALSE,Review before publishing,2026-10-01 10:41:27 UTC
914549,Lemon Balm,RL Plants & Home Goods,660244,bu,SNAP,0.4,3.5,3.5,3.5,0.4,TRUE,HOLD: preserve existing SNAP price,2026-10-01 10:41:27 UTC
914549,Lemon Balm,RL Plants & Home Goods,660244,bu,Guest Basket,0.4,3.5,3.5,3.78,0.512,FALSE,Review before publishing,2026-10-01 10:41:27 UTC
914550,Mini Watermelon,Grazier's Garden,660245,pound,CSA Members,0.4,2.8,2.8,3.02,0.51,FALSE,Review before publishing,2026-10-01 10:41:27 UTC
914550,Mini Watermelon,Grazier's Garden,660245,pound,Herd Share Members,0.4,2.8,2.8,3.02,0.51,FALSE,Review before publishing,2026-10-01 10:41:27 UTC
914550,Mini Watermelon,Grazier's Garden,660245,pound,Guest Basket,0.4,2.8,2.8,3.02,0.51,FALSE,Review before publishing,2026-10-01 10:41:27 UTC
914550,Mini Watermelon,Grazier's Garden,660245,pound,SNAP,0.4,2.8,2.8,2.8,0.4,TRUE,HOLD: preserve existing SNAP price,2026-10-01 10:41:27 UTC
915287,Romanesco,Camas Swale Farm,661221,1 lb,CSA Members,0.4,3.5,3.5,3.78,0.512,FALSE,Review before publishing,2026-10-01 10:41:27 UTC
915287,Romanesco,Camas Swale Farm,661221,1 lb,Herd Share Members,0.4,3.5,3.5,3.78,0.512,FALSE,Review before publishing,2026-10-01 10:41:27 UTC
915287,Romanesco,Camas Swale Farm,661221,1 lb,Guest Basket,0.4,3.5,3.5,3.78,0.512,FALSE,Review before publishing,2026-10-01 10:41:27 UTC
915287,Romanesco,Camas Swale Farm,661221,1 lb,SNAP,0.4,3.5,3.5,3.5,0.4,TRUE,HOLD: preserve existing SNAP price,2026-10-01 10:41:27 UTC
915293,Cauliflower,Camas Swale Farm,661228,1 lb,Guest Basket,0.4,3.5,3.5,3.78,0.512,FALSE,Review before publishing,2026-10-01 10:41:27 UTC
915293,Cauliflower,Camas Swale Farm,661228,1 lb,SNAP,0.4,3.5,3.5,3.5,0.4,TRUE,HOLD: preserve existing SNAP price,2026-10-01 10:41:27 UTC
915293,Cauliflower,Camas Swale Farm,661228,1 lb,CSA Members,0.4,3.5,3.5,3.78,0.512,FALSE,Review before publishing,2026-10-01 10:41:27 UTC
919070,Radiant Balanced Blend - Medium Roast Ground Coffee,Radiant Coffee Roasters,664924,12 oz,SNAP,0.4,16.8,16.8,16.8,0.4,TRUE,HOLD: preserve existing SNAP price,2026-10-01 10:41:27 UTC
919071,Brazil Cerrado Miniero - Dark Roast Ground Coffee,Radiant Coffee Roasters,664925,12 oz,SNAP,0.4,16.8,16.8,16.8,0.4,TRUE,HOLD: preserve existing SNAP price,2026-09-07 10:42:10 UTC
919246,Collard Greens,Camas Swale Farm,665174,each,CSA Members,0.4,3.15,3.15,3.4,0.5111,FALSE,Review before publishing,2026-10-01 10:41:27 UTC
919246,Collard Greens,Camas Swale Farm,665174,each,SNAP,0.4,3.15,3.15,3.15,0.4,TRUE,HOLD: preserve existing SNAP price,2026-10-01 10:41:27 UTC
921358,Brussel Sprouts on the stalk,Camas Swale Farm,667810,ea,Guest Basket,0.4,6.3,6.3,6.8,0.5111,FALSE,Review before publishing,2026-10-01 10:41:27 UTC
921358,Brussel Sprouts on the stalk,Camas Swale Farm,667810,ea,CSA Members,0.4,6.3,6.3,6.8,0.5111,FALSE,Review before publishing,2026-10-01 10:41:27 UTC
921358,Brussel Sprouts on the stalk,Camas Swale Farm,667810,ea,Herd Share Members,0.4,6.3,6.3,6.8,0.5111,FALSE,Review before publishing,2026-10-01 10:41:27 UTC
921358,Brussel Sprouts on the stalk,Camas Swale Farm,667810,ea,SNAP,0.4,6.3,6.3,6.3,0.4,TRUE,HOLD: preserve existing SNAP price,2026-10-01 10:41:27 UTC
921372,"Honey Maple Ham, Ends & Pieces",Deck Family Farm,667825,8 oz,CSA Members,0.6574,12.93,10.76,11.62,0.4897,FALSE,Review local/Local Line price difference before publishing,2026-10-01 10:41:27 UTC
921372,"Honey Maple Ham, Ends & Pieces",Deck Family Farm,667825,8 oz,Herd Share Members,0.6574,12.93,10.76,11.62,0.4897,FALSE,Review local/Local Line price difference before publishing,2026-10-01 10:41:27 UTC
921372,"Honey Maple Ham, Ends & Pieces",Deck Family Farm,667825,8 oz,Guest Basket,0.6574,12.93,12.01,12.97,0.6628,FALSE,Review local/Local Line price difference before publishing,2026-10-01 10:41:27 UTC
921372,"Honey Maple Ham, Ends & Pieces",Deck Family Farm,667825,8 oz,SNAP,0.6574,12.93,10.76,10.76,0.3795,TRUE,HOLD: preserve existing SNAP price,2026-10-01 10:41:27 UTC
921373,"Pastrami, Ends & Pieces",Deck Family Farm,667826,8 oz,CSA Members,0.6574,12.93,12.93,13.96,0.7897,FALSE,Review before publishing,2026-10-01 10:41:27 UTC
921373,"Pastrami, Ends & Pieces",Deck Family Farm,667826,8 oz,Guest Basket,0.6574,12.93,12.93,13.96,0.7897,FALSE,Review before publishing,2026-10-01 10:41:27 UTC
921373,"Pastrami, Ends & Pieces",Deck Family Farm,667826,8 oz,SNAP,0.6574,12.93,12.93,12.93,0.6577,TRUE,HOLD: preserve existing SNAP price,2026-10-01 10:41:27 UTC
921374,"Roast Beef, Ends & Pieces",Deck Family Farm,667827,8 oz,CSA Members,0.6574,12.93,10.76,11.62,0.4897,FALSE,Review local/Local Line price difference before publishing,2026-10-01 10:41:27 UTC
921374,"Roast Beef, Ends & Pieces",Deck Family Farm,667827,8 oz,Herd Share Members,0.6574,12.93,10.76,11.62,0.4897,FALSE,Review local/Local Line price difference before publishing,2026-10-01 10:41:27 UTC
921374,"Roast Beef, Ends & Pieces",Deck Family Farm,667827,8 oz,Guest Basket,0.6574,12.93,12.01,12.97,0.6628,FALSE,Review local/Local Line price difference before publishing,2026-10-01 10:41:27 UTC
921374,"Roast Beef, Ends & Pieces",Deck Family Farm,667827,8 oz,SNAP,0.6574,12.93,10.76,10.76,0.3795,TRUE,HOLD: preserve existing SNAP price,2026-10-01 10:41:27 UTC
921713,Purple Daikon Radish,Winter Green Farm,668239,1 pound,SNAP,0.4,4.48,4.48,4.48,0.4,TRUE,HOLD: preserve existing SNAP price,2026-10-01 10:41:27 UTC
922133,"Lamb Chops, 2 pack",Deck Family Farm,669028,"2 pack, 0.70 - 1.10 lbs",SNAP,0.6574,16.96,16.96,16.96,0.6579,TRUE,HOLD: preserve existing SNAP price,2026-10-01T16:20:40.571Z
922135,Beef Bones,Deck Family Farm,669030,3.00 - 5.00 lbs,SNAP,0.6574,9.86,9.86,9.86,0.6571,TRUE,HOLD: preserve existing SNAP price,2026-10-01 10:41:27 UTC
925430,Radiant Breakfast Blend - Light Roast Coffee Beans,Radiant Coffee Roasters,672999,12 oz,Guest Basket,0.4,16.8,16.8,18.14,0.5117,FALSE,Review before publishing,2026-10-01 10:41:27 UTC
925430,Radiant Breakfast Blend - Light Roast Coffee Beans,Radiant Coffee Roasters,672999,12 oz,SNAP,0.4,16.8,16.8,16.8,0.4,TRUE,HOLD: preserve existing SNAP price,2026-10-01 10:41:27 UTC
925431,Radiant Decaf Columbia Ground Coffee,Radiant Coffee Roasters,673000,12 oz,SNAP,0.4,18.2,18.2,18.2,0.4,TRUE,HOLD: preserve existing SNAP price,2026-10-01 10:41:27 UTC
925431,Radiant Decaf Columbia Ground Coffee,Radiant Coffee Roasters,673000,12 oz,Guest Basket,0.4,18.2,18.2,19.66,0.5123,FALSE,Review before publishing,2026-10-01 10:41:27 UTC
925432,Radiant Breakfast Blend - Light Roast Ground Coffee,Radiant Coffee Roasters,673001,12 oz,SNAP,0.4,16.8,16.8,16.8,0.4,TRUE,HOLD: preserve existing SNAP price,2026-10-01 10:41:27 UTC
925432,Radiant Breakfast Blend - Light Roast Ground Coffee,Radiant Coffee Roasters,673001,12 oz,Guest Basket,0.4,16.8,16.8,18.14,0.5117,FALSE,Review before publishing,2026-10-01 10:41:27 UTC
925433,Radiant Midnight Blend - Dark Roast Ground Coffee,Radiant Coffee Roasters,673002,12 oz,SNAP,0.4,16.8,16.8,16.8,0.4,TRUE,HOLD: preserve existing SNAP price,2026-10-01 10:41:27 UTC
926707,Daikon Radish (WA),Organically Grown Company,674541,1 Lb,SNAP,0.4,5.39,5.39,5.39,0.4,TRUE,HOLD: preserve existing SNAP price,2026-10-01 10:41:27 UTC
927363,Tatsoi,Organically Grown Company,675350,each,CSA Members,0.4,2.95,2.95,3.19,0.5118,FALSE,Review before publishing,2026-10-01 10:41:27 UTC
927363,Tatsoi,Organically Grown Company,675350,each,Herd Share Members,0.4,2.95,2.95,3.19,0.5118,FALSE,Review before publishing,2026-10-01 10:41:27 UTC
927363,Tatsoi,Organically Grown Company,675350,each,Guest Basket,0.4,2.95,2.95,3.19,0.5118,FALSE,Review before publishing,2026-10-01 10:41:27 UTC
927363,Tatsoi,Organically Grown Company,675350,each,SNAP,0.4,2.95,2.95,2.95,0.3981,TRUE,HOLD: preserve existing SNAP price,2026-10-01 10:41:27 UTC
927368,Broccoli Rapini,Organically Grown Company,675355,bu,SNAP,0.4,3.5,3.5,3.5,0.4,TRUE,HOLD: preserve existing SNAP price,2026-10-01 10:41:27 UTC
928528,Tetsakabuto Winter Squash,Full Farm CSA,676672,ea,SNAP,0.4,5.6,5.6,5.6,0.4,TRUE,HOLD: preserve existing SNAP price,2026-10-01 10:41:27 UTC
928530,Gold Beets,Organically Grown Company,676674,lb,SNAP,0.4,2.24,2.24,2.24,0.4,TRUE,HOLD: preserve existing SNAP price,2026-10-01 10:41:27 UTC
928531,Red Skinned Daikon Radish,Winter Green Farm,676675,lb,SNAP,0.4,4.48,4.48,4.48,0.4,TRUE,HOLD: preserve existing SNAP price,2026-10-01 10:41:27 UTC
928741,Broccoli Microgreens,Lone Wolf Ranch,676917,1 oz. pk,CSA Members,0.4,3.5,3.5,3.78,0.512,FALSE,Review before publishing,2026-10-01 10:41:27 UTC
928741,Broccoli Microgreens,Lone Wolf Ranch,676917,1 oz. pk,SNAP,0.4,3.5,3.5,3.5,0.4,TRUE,HOLD: preserve existing SNAP price,2026-10-01 10:41:27 UTC
928741,Broccoli Microgreens,Lone Wolf Ranch,726764,2 oz pk,CSA Members,0.4,7,7,7.56,0.512,FALSE,Review before publishing,2026-10-01 10:41:27 UTC
928741,Broccoli Microgreens,Lone Wolf Ranch,726764,2 oz pk,SNAP,0.4,7,7,7,0.4,TRUE,HOLD: preserve existing SNAP price,2026-10-01 10:41:27 UTC
928742,Purple Radish Microgreens,Lone Wolf Ranch,676918,1 oz. pk,CSA Members,0.4,3.5,3.5,3.78,0.512,FALSE,Review before publishing,2026-10-01 10:41:27 UTC
928742,Purple Radish Microgreens,Lone Wolf Ranch,676918,1 oz. pk,Guest Basket,0.4,3.5,3.5,3.78,0.512,FALSE,Review before publishing,2026-10-01 10:41:27 UTC
928742,Purple Radish Microgreens,Lone Wolf Ranch,676918,1 oz. pk,SNAP,0.4,3.5,3.5,3.5,0.4,TRUE,HOLD: preserve existing SNAP price,2026-10-01 10:41:27 UTC
928742,Purple Radish Microgreens,Lone Wolf Ranch,726765,2 oz pk,CSA Members,0.4,7,7,7.56,0.512,FALSE,Review before publishing,2026-10-01 10:41:27 UTC
928742,Purple Radish Microgreens,Lone Wolf Ranch,726765,2 oz pk,Guest Basket,0.4,7,7,7.56,0.512,FALSE,Review before publishing,2026-10-01 10:41:27 UTC
928742,Purple Radish Microgreens,Lone Wolf Ranch,726765,2 oz pk,SNAP,0.4,7,7,7,0.4,TRUE,HOLD: preserve existing SNAP price,2026-10-01 10:41:27 UTC
929322,Winter Carrots,Small is Beautiful Farm,677788,2# bag,SNAP,0.4,5.6,5.6,5.6,0.4,TRUE,HOLD: preserve existing SNAP price,2026-10-01 10:41:27 UTC
929452,"Skirt Steak, Large",Deck Family Farm,677939,"Large, .80 - 1.20 lbs",SNAP,0.6574,23.32,23.32,23.32,0.6574,TRUE,HOLD: preserve existing SNAP price,2026-10-01 10:41:27 UTC
929464,"Rendered Pork Leaf Lard, 16 oz",Deck Family Farm's Hyland Artisinal Meats,677954,16 oz,Guest Basket,0.6574,14.35,14.35,15.5,0.7898,FALSE,Review before publishing,2026-10-01 10:41:27 UTC
929464,"Rendered Pork Leaf Lard, 16 oz",Deck Family Farm's Hyland Artisinal Meats,677954,16 oz,SNAP,0.6574,14.35,14.35,14.35,0.657,TRUE,HOLD: preserve existing SNAP price,2026-10-01 10:41:27 UTC
930691,Autumn Frost Squash Large,Full Farm CSA,679453,ea,CSA Members,0.4,8.4,8.4,9.07,0.5117,FALSE,Review before publishing,2026-10-01 10:41:27 UTC
930691,Autumn Frost Squash Large,Full Farm CSA,679453,ea,Guest Basket,0.4,8.4,8.4,9.07,0.5117,FALSE,Review before publishing,2026-10-01 10:41:27 UTC
930691,Autumn Frost Squash Large,Full Farm CSA,679453,ea,Herd Share Members,0.4,8.4,8.4,9.07,0.5117,FALSE,Review before publishing,2026-10-01 10:41:27 UTC
930691,Autumn Frost Squash Large,Full Farm CSA,679453,ea,SNAP,0.4,8.4,8.4,8.4,0.4,TRUE,HOLD: preserve existing SNAP price,2026-10-01 10:41:27 UTC
932132,Chorizo Verde,Deck Family Farm's Hyland Artisinal Meats,684511,4 links/ pack 14 oz pack,Guest Basket,0.6574,17.93,17.93,19.36,0.7893,FALSE,Review before publishing,2026-10-01 10:41:27 UTC
932132,Chorizo Verde,Deck Family Farm's Hyland Artisinal Meats,684511,4 links/ pack 14 oz pack,CSA Members,0.6574,17.93,17.93,19.36,0.7893,FALSE,Review before publishing,2026-10-01 10:41:27 UTC
932132,Chorizo Verde,Deck Family Farm's Hyland Artisinal Meats,684511,4 links/ pack 14 oz pack,SNAP,0.6574,17.93,17.93,17.93,0.6571,TRUE,HOLD: preserve existing SNAP price,2026-10-01 10:41:27 UTC
932132,Chorizo Verde,Deck Family Farm's Hyland Artisinal Meats,684511,4 links/ pack 14 oz pack,Herd Share Members,0.6574,17.93,17.93,19.36,0.7893,FALSE,Review before publishing,2026-10-01 10:41:27 UTC
936387,"Heidi of the Hills Cheese, 18 Month Aged,  5.9-6.9 oz","Creamy Cow, LLC",689800,5.9-6.9 oz,CSA Members,0.4,15.74,15.74,17,0.5125,FALSE,Review before publishing,2026-10-01 10:41:27 UTC
936387,"Heidi of the Hills Cheese, 18 Month Aged,  5.9-6.9 oz","Creamy Cow, LLC",689800,5.9-6.9 oz,SNAP,0.4,15.74,15.74,15.74,0.4004,TRUE,HOLD: preserve existing SNAP price,2026-10-01 10:41:27 UTC
936388,"Heidi of the Hills Cheese, 18 Month Aged,  4.8-5.8 oz","Creamy Cow, LLC",689801,4.8-5.8 oz,CSA Members,0.4,13.97,13.97,15.09,0.512,FALSE,Review before publishing,2026-10-01 10:41:27 UTC
936388,"Heidi of the Hills Cheese, 18 Month Aged,  4.8-5.8 oz","Creamy Cow, LLC",689801,4.8-5.8 oz,SNAP,0.4,13.97,13.97,13.97,0.3998,TRUE,HOLD: preserve existing SNAP price,2026-10-01 10:41:27 UTC
939774,Lamb Heart,Deck Family Farm,693441,"2 pack, 0.8 - 1.1 lbs",SNAP,0.6574,8.09,8.09,8.09,0.6578,TRUE,HOLD: preserve existing SNAP price,2026-10-01 10:41:27 UTC
939774,Lamb Heart,Deck Family Farm,693441,"2 pack, 0.8 - 1.1 lbs",Guest Basket,0.6574,8.09,8.09,8.74,0.791,FALSE,Review before publishing,2026-10-01 10:41:27 UTC
939774,Lamb Heart,Deck Family Farm,693441,"2 pack, 0.8 - 1.1 lbs",CSA Members,0.6574,8.09,8.09,8.74,0.791,FALSE,Review before publishing,2026-10-01 10:41:27 UTC
940149,White Onion,Organically Grown Company,693996,2# bag,Guest Basket,0.4,4.34,4.34,4.69,0.5129,FALSE,Review before publishing,2026-10-01 10:41:27 UTC
940149,White Onion,Organically Grown Company,693996,2# bag,CSA Members,0.4,4.34,4.34,4.69,0.5129,FALSE,Review before publishing,2026-10-01 10:41:27 UTC
940149,White Onion,Organically Grown Company,693996,2# bag,Herd Share Members,0.4,4.34,4.34,4.69,0.5129,FALSE,Review before publishing,2026-10-01 10:41:27 UTC
940149,White Onion,Organically Grown Company,693996,2# bag,SNAP,0.4,4.34,4.34,4.34,0.4,TRUE,HOLD: preserve existing SNAP price,2026-10-01 10:41:27 UTC
940994,"Raw Walnuts, 1/2 lb",Deck Family Farm,694990,1/2 lb,SNAP,0.6574,12.56,12.56,12.56,0.657,TRUE,HOLD: preserve existing SNAP price,2026-10-01 10:41:27 UTC
940994,"Raw Walnuts, 1/2 lb",Deck Family Farm,694990,1/2 lb,CSA Members,0.6574,12.56,12.56,13.56,0.7889,FALSE,Review before publishing,2026-10-01 10:41:27 UTC
940995,"Pork Shoulder Roast, Large",Deck Family Farm,694991,"Large, 2.80 - 3.50 lbs",SNAP,0.6574,50.87,50.87,50.87,0.6575,TRUE,HOLD: preserve existing SNAP price,2026-10-01T16:20:40.247Z
940998,"Raw Honey, 1/2 pint",Deck Family Farm,694994,1/2 pint,SNAP,0.6574,15.25,15.25,15.25,0.6576,TRUE,HOLD: preserve existing SNAP price,2026-10-01 10:41:27 UTC
941000,"Raw Honey, 1 quart",Deck Family Farm,694996,1 quart,SNAP,0.6574,42.61,42.61,42.61,0.6573,TRUE,HOLD: preserve existing SNAP price,2026-10-01 10:41:27 UTC
941001,"Brisket, Medium",Deck Family Farm,694997,"Medium, 3.00 - 3.99 lbs",SNAP,0.6574,53.3,53.3,53.3,0.6573,TRUE,HOLD: preserve existing SNAP price,2026-10-01 10:41:27 UTC
941002,"Brisket, Small",Deck Family Farm,694998,"Small, 2.30 - 2.99 lbs",SNAP,0.6574,42.71,42.71,42.71,0.6574,TRUE,HOLD: preserve existing SNAP price,2026-10-01 10:41:27 UTC
941005,"Organic Pasture Raised Chicken Eggs, 1 dozen",Deck Family Farm,695001,1 dozen,SNAP,0.6574,10.76,10.76,10.76,0.6579,TRUE,HOLD: preserve existing SNAP price,2026-10-01T16:20:38.683Z
941045,"Rendered Beef Tallow, 8 oz",Deck Family Farm's Hyland Artisinal Meats,695051,8 oz,SNAP,0.6574,8.97,8.97,8.97,0.658,TRUE,HOLD: preserve existing SNAP price,2026-10-01 10:41:27 UTC
942518,Leek,Small is Beautiful Farm,696810,1,Herd Share Members,0.4,1.4,1.4,1.51,0.51,FALSE,Review before publishing,2026-10-01 10:41:27 UTC
942518,Leek,Small is Beautiful Farm,696810,1,CSA Members,0.4,1.4,1.4,1.51,0.51,FALSE,Review before publishing,2026-10-01 10:41:27 UTC
942518,Leek,Small is Beautiful Farm,696810,1,SNAP,0.4,1.4,1.4,1.4,0.4,TRUE,HOLD: preserve existing SNAP price,2026-10-01 10:41:27 UTC
942518,Leek,Small is Beautiful Farm,696810,1,Guest Basket,0.4,1.4,1.4,1.51,0.51,FALSE,Review before publishing,2026-10-01 10:41:27 UTC
944271,Gala Apple,Organically Grown Company,699021,ea,Guest Basket,0.4,0.7,0.7,0.76,0.52,FALSE,Review before publishing,2026-10-01 10:41:27 UTC
944271,Gala Apple,Organically Grown Company,699021,ea,CSA Members,0.4,0.7,0.7,0.76,0.52,FALSE,Review before publishing,2026-10-01 10:41:27 UTC
944271,Gala Apple,Organically Grown Company,699021,ea,Herd Share Members,0.4,0.7,0.7,0.76,0.52,FALSE,Review before publishing,2026-10-01 10:41:27 UTC
944271,Gala Apple,Organically Grown Company,699021,ea,SNAP,0.4,0.7,0.7,0.7,0.4,TRUE,HOLD: preserve existing SNAP price,2026-10-01 10:41:27 UTC
948077,Kale Sprouts Half Stalk,Red Tail Growers,703358,ea,Guest Basket,0.4,5.6,6.2,6.7,0.675,FALSE,Review local/Local Line price difference before publishing,2026-10-01 10:41:27 UTC
948077,Kale Sprouts Half Stalk,Red Tail Growers,703358,ea,CSA Members,0.4,5.6,5.6,6.05,0.5125,FALSE,Review before publishing,2026-10-01 10:41:27 UTC
948077,Kale Sprouts Half Stalk,Red Tail Growers,703358,ea,Herd Share Members,0.4,5.6,5.6,6.05,0.5125,FALSE,Review before publishing,2026-10-01 10:41:27 UTC
948077,Kale Sprouts Half Stalk,Red Tail Growers,703358,ea,SNAP,0.4,5.6,5.6,5.6,0.4,TRUE,HOLD: preserve existing SNAP price,2026-10-01 10:41:27 UTC
948123,Vintage Vibe Award Winner Iris Rhizome,RL Plants & Home Goods,703445,ea,Guest Basket,0.4,11.2,11.2,12.1,0.5125,FALSE,Review before publishing,2026-10-01 10:41:27 UTC
948124,Ziggy Award Winner Iris Rhizome,RL Plants & Home Goods,703446,ea,CSA Members,0.4,11.2,11.2,12.1,0.5125,FALSE,Review before publishing,2026-10-01 10:41:27 UTC
950208,Mixed Bok Choi and Mustard Raab,Red Tail Growers,706698,bu,CSA Members,0.4,3.5,3.5,3.78,0.512,FALSE,Review before publishing,2026-10-01 10:41:27 UTC
950208,Mixed Bok Choi and Mustard Raab,Red Tail Growers,706698,bu,Herd Share Members,0.4,3.5,3.5,3.78,0.512,FALSE,Review before publishing,2026-10-01 10:41:27 UTC
950208,Mixed Bok Choi and Mustard Raab,Red Tail Growers,706698,bu,SNAP,0.4,3.5,3.5,3.5,0.4,TRUE,HOLD: preserve existing SNAP price,2026-10-01 10:41:27 UTC
953035,"Cornish Roasting Chicken, Large",Deck Family Farm,710619,"Large, 4.21 - 4.99 lbs",SNAP,0.6574,35.07,31.56,31.56,0.4915,TRUE,HOLD: preserve existing SNAP price,2026-10-01 10:41:27 UTC
953036,"Cornish Roasting Chicken, Medium",Deck Family Farm,710620,"Medium, 3.20 - 4.20 lbs",CSA Members,0.6574,26.88,26.88,29.03,0.79,FALSE,Retain existing sale discount,2026-10-01 10:41:27 UTC
953036,"Cornish Roasting Chicken, Medium",Deck Family Farm,710620,"Medium, 3.20 - 4.20 lbs",SNAP,0.6574,26.88,26.88,26.88,0.6574,TRUE,HOLD: preserve existing SNAP price,2026-10-01 10:41:27 UTC
953039,"Cornish Roasting Chicken, Small",Deck Family Farm,710624,"Small, 2.50 - 3.19 lbs",SNAP,0.6574,24.25,21.82,21.82,0.4915,TRUE,HOLD: preserve existing SNAP price,2026-10-01 10:41:27 UTC
956222,German Butterball Potatoes,Small is Beautiful Farm,714932,lb,Guest Basket,0.4,2.8,2.8,3.02,0.51,FALSE,Review before publishing,2026-10-01 10:41:27 UTC
956222,German Butterball Potatoes,Small is Beautiful Farm,714932,lb,CSA Members,0.4,2.8,2.8,3.02,0.51,FALSE,Review before publishing,2026-10-01 10:41:27 UTC
956222,German Butterball Potatoes,Small is Beautiful Farm,714932,lb,Herd Share Members,0.4,2.8,2.8,3.02,0.51,FALSE,Review before publishing,2026-10-01 10:41:27 UTC
956222,German Butterball Potatoes,Small is Beautiful Farm,714932,lb,SNAP,0.4,2.8,2.8,2.8,0.4,TRUE,HOLD: preserve existing SNAP price,2026-10-01 10:41:27 UTC
957423,"Gogo Gouda Cheese, 4 Month Aged, 5.9-6.9 oz","Creamy Cow, LLC",716436,5.9 -6.9 oz,SNAP,0.4,15.74,15.74,15.74,0.4004,TRUE,HOLD: preserve existing SNAP price,2026-10-01 10:41:27 UTC
957424,"Gogo Gouda Cheese, 4 Month Aged, 7.0-8.0 oz","Creamy Cow, LLC",716438,7.0-8.0 oz,SNAP,0.4,16.58,16.58,16.58,0.4003,TRUE,HOLD: preserve existing SNAP price,2026-10-01 10:41:27 UTC
957990,"The ""Real Sassy"" Creole Spice Blend",Creole Me Up,717429,3 oz jar,Guest Basket,0.4,9.45,9.45,10.21,0.5126,FALSE,Review before publishing,2026-10-01 10:41:27 UTC
957990,"The ""Real Sassy"" Creole Spice Blend",Creole Me Up,717429,3 oz jar,CSA Members,0.4,9.45,9.45,10.21,0.5126,FALSE,Review before publishing,2026-10-01 10:41:27 UTC
957990,"The ""Real Sassy"" Creole Spice Blend",Creole Me Up,717429,3 oz jar,Herd Share Members,0.4,9.45,9.45,10.21,0.5126,FALSE,Review before publishing,2026-10-01 10:41:27 UTC
957990,"The ""Real Sassy"" Creole Spice Blend",Creole Me Up,717429,3 oz jar,SNAP,0.4,9.45,9.45,9.45,0.4,TRUE,HOLD: preserve existing SNAP price,2026-10-01 10:41:27 UTC
958328,Collard Raab,Full Farm CSA,718070,bu,CSA Members,0.4,3.5,3.5,3.78,0.512,FALSE,Review before publishing,2026-10-01 10:41:27 UTC
958328,Collard Raab,Full Farm CSA,718070,bu,Herd Share Members,0.4,3.5,3.5,3.78,0.512,FALSE,Review before publishing,2026-10-01 10:41:27 UTC
958328,Collard Raab,Full Farm CSA,718070,bu,SNAP,0.4,3.5,3.5,3.5,0.4,TRUE,HOLD: preserve existing SNAP price,2026-10-01 10:41:27 UTC
958328,Collard Raab,Full Farm CSA,718070,bu,Guest Basket,0.4,3.5,3.5,3.78,0.512,FALSE,Review before publishing,2026-10-01 10:41:27 UTC
958464,Spinach  1/2 Lb.,Little Wings,718323,each,CSA Members,0.4,5.46,5.46,5.9,0.5128,FALSE,Review before publishing,2026-10-01 10:41:27 UTC
958464,Spinach  1/2 Lb.,Little Wings,718323,each,SNAP,0.4,5.46,5.46,5.46,0.4,TRUE,HOLD: preserve existing SNAP price,2026-10-01 10:41:27 UTC
960228,Bavette Steak,Deck Family Farm,720358,0.9 - 1.6 lbs,CSA Members,0.6574,29.15,29.15,31.48,0.7897,FALSE,Review before publishing,2026-10-01 10:41:27 UTC
960228,Bavette Steak,Deck Family Farm,720358,0.9 - 1.6 lbs,SNAP,0.6574,29.15,29.15,29.15,0.6572,TRUE,HOLD: preserve existing SNAP price,2026-10-01 10:41:27 UTC
960228,Bavette Steak,Deck Family Farm,720358,0.9 - 1.6 lbs,Guest Basket,0.6574,29.15,29.15,31.48,0.7897,FALSE,Review before publishing,2026-10-01 10:41:27 UTC
960551,Red Radish,Winter Green Farm,720783,each,SNAP,0.4,2.31,2.31,2.31,0.4,TRUE,HOLD: preserve existing SNAP price,2026-10-01 10:41:27 UTC
963826,Lamb Sundried Tomato Basil Sausage,Deck Family Farm,724882,12 oz,SNAP,0.6574,19.29,19.29,19.29,0.6572,TRUE,HOLD: preserve existing SNAP price,2026-10-01 10:41:27 UTC
964205,Tropea onion,Camas Swale Farm,725640,bu,CSA Members,0.4,3.29,3.29,3.55,0.5106,FALSE,Review before publishing,2026-10-01 10:41:27 UTC
964205,Tropea onion,Camas Swale Farm,725640,bu,SNAP,0.4,3.29,3.29,3.29,0.4,TRUE,HOLD: preserve existing SNAP price,2026-10-01 10:41:27 UTC
964208,Chive Flower,Red Tail Growers,725643,bu,Guest Basket,0.4,2.8,2.8,3.02,0.51,FALSE,Review before publishing,2026-10-01 10:41:27 UTC
964208,Chive Flower,Red Tail Growers,725643,bu,CSA Members,0.4,2.8,2.8,3.02,0.51,FALSE,Review before publishing,2026-10-01 10:41:27 UTC
964208,Chive Flower,Red Tail Growers,725643,bu,Herd Share Members,0.4,2.8,2.8,3.02,0.51,FALSE,Review before publishing,2026-10-01 10:41:27 UTC
964208,Chive Flower,Red Tail Growers,725643,bu,SNAP,0.4,2.8,2.8,2.8,0.4,TRUE,HOLD: preserve existing SNAP price,2026-10-01 10:41:27 UTC
964209,Fresh Sage,Red Tail Growers,725644,each,SNAP,0.4,2.8,2.8,2.8,0.4,TRUE,HOLD: preserve existing SNAP price,2026-10-01 10:41:27 UTC
964209,Fresh Sage,Red Tail Growers,725644,each,CSA Members,0.4,2.8,2.8,3.02,0.51,FALSE,Review before publishing,2026-10-01 10:41:27 UTC
964210,Fresh Thyme,Grazier's Garden,725645,each,CSA Members,0.4,3.99,3.99,4.31,0.5123,FALSE,Review before publishing,2026-10-01 10:41:27 UTC
964210,Fresh Thyme,Grazier's Garden,725645,each,SNAP,0.4,3.99,3.99,3.99,0.4,TRUE,HOLD: preserve existing SNAP price,2026-10-01 10:41:27 UTC
964211,Flowering Chervil,Red Tail Growers,725646,bu,Guest Basket,0.4,2.8,2.8,3.02,0.51,FALSE,Review before publishing,2026-10-01 10:41:27 UTC
964211,Flowering Chervil,Red Tail Growers,725646,bu,CSA Members,0.4,2.8,2.8,3.02,0.51,FALSE,Review before publishing,2026-10-01 10:41:27 UTC
964211,Flowering Chervil,Red Tail Growers,725646,bu,Herd Share Members,0.4,2.8,2.8,3.02,0.51,FALSE,Review before publishing,2026-10-01 10:41:27 UTC
964211,Flowering Chervil,Red Tail Growers,725646,bu,SNAP,0.4,2.8,2.8,2.8,0.4,TRUE,HOLD: preserve existing SNAP price,2026-10-01 10:41:27 UTC
964215,Cherry Belle Radish,Camas Swale Farm,725650,bu,CSA Members,0.4,2.8,2.8,3.02,0.51,FALSE,Review before publishing,2026-10-01 10:41:27 UTC
964215,Cherry Belle Radish,Camas Swale Farm,725650,bu,Herd Share Members,0.4,2.8,2.8,3.02,0.51,FALSE,Review before publishing,2026-10-01 10:41:27 UTC
964215,Cherry Belle Radish,Camas Swale Farm,725650,bu,SNAP,0.4,2.8,2.8,2.8,0.4,TRUE,HOLD: preserve existing SNAP price,2026-10-01 10:41:27 UTC
964215,Cherry Belle Radish,Camas Swale Farm,725650,bu,Guest Basket,0.4,2.8,2.8,3.02,0.51,FALSE,Review before publishing,2026-10-01 10:41:27 UTC
964229,Green  Leaf Lettuce,Red Tail Growers,725669,each,SNAP,0.4,2.8,2.8,2.8,0.4,TRUE,HOLD: preserve existing SNAP price,2026-10-01 10:41:27 UTC
964229,Green  Leaf Lettuce,Red Tail Growers,725669,each,CSA Members,0.4,2.8,2.8,3.02,0.51,FALSE,Review before publishing,2026-10-01 10:41:27 UTC
972408,Salanova Lettuce Mix,Camas Swale Farm,736582,1/2 lb bag,CSA Members,0.4,5.6,5.6,6.05,0.5125,FALSE,Review before publishing,2026-10-01 10:41:27 UTC
972408,Salanova Lettuce Mix,Camas Swale Farm,736582,1/2 lb bag,SNAP,0.4,5.6,5.6,5.6,0.4,TRUE,HOLD: preserve existing SNAP price,2026-10-01 10:41:27 UTC
972698,Frozen Cherry Tomatoes,Grazier's Garden,737048,1 lb,Guest Basket,0.4,5.25,5.25,5.67,0.512,FALSE,Review before publishing,2026-10-01 10:41:27 UTC
972698,Frozen Cherry Tomatoes,Grazier's Garden,737048,1 lb,Herd Share Members,0.4,5.25,5.25,5.67,0.512,FALSE,Review before publishing,2026-10-01 10:41:27 UTC
972698,Frozen Cherry Tomatoes,Grazier's Garden,737048,1 lb,SNAP,0.4,5.25,5.25,5.25,0.4,TRUE,HOLD: preserve existing SNAP price,2026-10-01 10:41:27 UTC
972698,Frozen Cherry Tomatoes,Grazier's Garden,737048,1 lb,CSA Members,0.4,5.25,5.25,5.67,0.512,FALSE,Review before publishing,2026-10-01 10:41:27 UTC
973113,Sugar Snap Peas,Camas Swale Farm,737953,1/2 lb,CSA Members,0.4,4.13,4.13,4.46,0.5119,FALSE,Review before publishing,2026-10-01 10:41:27 UTC
973113,Sugar Snap Peas,Camas Swale Farm,737953,1/2 lb,SNAP,0.4,4.13,4.13,4.13,0.4,TRUE,HOLD: preserve existing SNAP price,2026-10-01 10:41:27 UTC
973114,Arugula,Red Tail Growers,737954,1/2 lb bag,SNAP,0.4,5.95,5.95,5.95,0.4,TRUE,HOLD: preserve existing SNAP price,2026-10-01 10:41:27 UTC
973114,Arugula,Red Tail Growers,737954,1/2 lb bag,CSA Members,0.4,5.95,5.95,6.43,0.5129,FALSE,Review before publishing,2026-10-01 10:41:27 UTC
975212,Giddy Iris Rhizome (Standard Dwarf Bearded),RL Plants & Home Goods,740622,ea,CSA Members,0.4,8.4,8.4,9.07,0.5117,FALSE,Review before publishing,2026-10-01 10:41:27 UTC
975215,I'm Back Iris Rhizome,RL Plants & Home Goods,740626,ea,CSA Members,0.4,11.2,11.2,12.1,0.5125,FALSE,Review before publishing,2026-10-01 10:41:27 UTC
975217,Desert Trails Iris Rhizome,RL Plants & Home Goods,740628,ea,CSA Members,0.4,11.2,11.2,12.1,0.5125,FALSE,Review before publishing,2026-10-01 10:41:27 UTC
975218,Local Color Iris Rhizome,RL Plants & Home Goods,740629,ea,Guest Basket,0.4,11.2,11.2,12.1,0.5125,FALSE,Review before publishing,2026-10-01 10:41:27 UTC
975218,Local Color Iris Rhizome,RL Plants & Home Goods,740629,ea,SNAP,0.4,11.2,11.2,11.2,0.4,TRUE,HOLD: preserve existing SNAP price,2026-10-01 10:41:27 UTC
975218,Local Color Iris Rhizome,RL Plants & Home Goods,740629,ea,CSA Members,0.4,11.2,11.2,12.1,0.5125,FALSE,Review before publishing,2026-10-01 10:41:27 UTC
975218,Local Color Iris Rhizome,RL Plants & Home Goods,740629,ea,Herd Share Members,0.4,11.2,11.2,12.1,0.5125,FALSE,Review before publishing,2026-10-01 10:41:27 UTC
975220,Radiant Garb Iris Rhizome,RL Plants & Home Goods,740631,ea,Guest Basket,0.4,11.2,11.2,12.1,0.5125,FALSE,Review before publishing,2026-10-01 10:41:27 UTC
975220,Radiant Garb Iris Rhizome,RL Plants & Home Goods,740631,ea,CSA Members,0.4,11.2,11.2,12.1,0.5125,FALSE,Review before publishing,2026-10-01 10:41:27 UTC
975220,Radiant Garb Iris Rhizome,RL Plants & Home Goods,740631,ea,Herd Share Members,0.4,11.2,11.2,12.1,0.5125,FALSE,Review before publishing,2026-10-01 10:41:27 UTC
975222,Breaking Point Iris Rhizome,RL Plants & Home Goods,740640,ea,CSA Members,0.4,9.8,9.8,10.58,0.5114,FALSE,Review before publishing,2026-10-01 10:41:27 UTC
975655,Frozen Golden Cherry Tomatoes,Grazier's Garden,741109,lb,Guest Basket,0.4,5.6,5.6,6.05,0.5125,FALSE,Review before publishing,2026-10-01 10:41:27 UTC
975655,Frozen Golden Cherry Tomatoes,Grazier's Garden,741109,lb,SNAP,0.4,5.6,5.6,5.6,0.4,TRUE,HOLD: preserve existing SNAP price,2026-10-01 10:41:27 UTC
975957,Napa Cabbage,Red Tail Growers,741595,ea,Guest Basket,0.4,3.85,3.85,4.16,0.5127,FALSE,Review before publishing,2026-10-01 10:41:27 UTC
975957,Napa Cabbage,Red Tail Growers,741595,ea,SNAP,0.4,3.85,3.85,3.85,0.4,TRUE,HOLD: preserve existing SNAP price,2026-10-01 10:41:27 UTC
975957,Napa Cabbage,Red Tail Growers,741595,ea,CSA Members,0.4,3.85,3.85,4.16,0.5127,FALSE,Review before publishing,2026-10-01 10:41:27 UTC
976168,French Breakfast Radish,Grazier's Garden,741892,Bunch,CSA Members,0.4,2.8,2.8,3.02,0.51,FALSE,Review before publishing,2026-10-01 10:41:27 UTC
976168,French Breakfast Radish,Grazier's Garden,741892,Bunch,SNAP,0.4,2.8,2.8,2.8,0.4,TRUE,HOLD: preserve existing SNAP price,2026-10-01 10:41:27 UTC
976636,Red Leaf Lettuce,Red Tail Growers,742475,ea,SNAP,0.4,2.8,2.8,2.8,0.4,TRUE,HOLD: preserve existing SNAP price,2026-10-01 10:41:27 UTC
976636,Red Leaf Lettuce,Red Tail Growers,742475,ea,CSA Members,0.4,2.8,2.8,3.02,0.51,FALSE,Review before publishing,2026-10-01 10:41:27 UTC
976879,Strawberry Mint Kombucha,BNF Kombucha and Jun,742884,ea,CSA Members,0.4,4.68,4.68,5.05,0.512,FALSE,Review before publishing,2026-10-01 10:41:27 UTC
976879,Strawberry Mint Kombucha,BNF Kombucha and Jun,742884,ea,SNAP,0.4,4.68,4.68,4.68,0.4012,TRUE,HOLD: preserve existing SNAP price,2026-10-01 10:41:27 UTC
977884,Iceberg Lettuce,Red Tail Growers,744416,ea,CSA Members,0.4,2.59,2.59,2.8,0.5135,FALSE,Review before publishing,2026-10-01 10:41:27 UTC
977884,Iceberg Lettuce,Red Tail Growers,744416,ea,Herd Share Members,0.4,2.59,2.59,2.8,0.5135,FALSE,Review before publishing,2026-10-01 10:41:27 UTC
977884,Iceberg Lettuce,Red Tail Growers,744416,ea,SNAP,0.4,2.59,2.59,2.59,0.4,TRUE,HOLD: preserve existing SNAP price,2026-10-01 10:41:27 UTC
977884,Iceberg Lettuce,Red Tail Growers,744416,ea,Guest Basket,0.4,2.59,2.59,2.8,0.5135,FALSE,Review before publishing,2026-10-01 10:41:27 UTC
977972,Sugar Snap Peas,Little Wings,744552,1 pint,CSA Members,0.4,3.78,3.78,4.08,0.5111,FALSE,Review before publishing,2026-10-01 10:41:27 UTC
977972,Sugar Snap Peas,Little Wings,744552,1 pint,Herd Share Members,0.4,3.78,3.78,4.08,0.5111,FALSE,Review before publishing,2026-10-01 10:41:27 UTC
977972,Sugar Snap Peas,Little Wings,744552,1 pint,SNAP,0.4,3.78,3.78,3.78,0.4,TRUE,HOLD: preserve existing SNAP price,2026-10-01 10:41:27 UTC
977972,Sugar Snap Peas,Little Wings,744552,1 pint,Guest Basket,0.4,3.78,3.78,4.08,0.5111,FALSE,Review before publishing,2026-10-01 10:41:27 UTC
978368,Grazier's Salad Mix,Grazier's Garden,745074,1/2 lb,Herd Share Members,0.4,5.6,5.6,6.05,0.5125,FALSE,Review before publishing,2026-10-01 10:41:27 UTC
978368,Grazier's Salad Mix,Grazier's Garden,745074,1/2 lb,Guest Basket,0.4,5.6,5.6,6.05,0.5125,FALSE,Review before publishing,2026-10-01 10:41:27 UTC
978368,Grazier's Salad Mix,Grazier's Garden,745074,1/2 lb,CSA Members,0.4,5.6,5.6,6.05,0.5125,FALSE,Review before publishing,2026-10-01 10:41:27 UTC
978368,Grazier's Salad Mix,Grazier's Garden,745074,1/2 lb,SNAP,0.4,5.6,5.6,5.6,0.4,TRUE,HOLD: preserve existing SNAP price,2026-10-01 10:41:27 UTC
980311,Green Zucchini,Little Wings,748218,1 lb,CSA Members,0.4,2.45,2.45,2.65,0.5143,FALSE,Review before publishing,2026-10-01 10:41:27 UTC
980311,Green Zucchini,Little Wings,748218,1 lb,SNAP,0.4,2.45,2.45,2.45,0.4,TRUE,HOLD: preserve existing SNAP price,2026-10-01 10:41:27 UTC
980313,Mini Salanova Lettuce Heads (mixed colors and types),Red Tail Growers,748220,ea,Guest Basket,0.4,1.4,1.4,1.51,0.51,FALSE,Review before publishing,2026-10-01 10:41:27 UTC
980313,Mini Salanova Lettuce Heads (mixed colors and types),Red Tail Growers,748220,ea,CSA Members,0.4,1.4,1.4,1.51,0.51,FALSE,Review before publishing,2026-10-01 10:41:27 UTC
980313,Mini Salanova Lettuce Heads (mixed colors and types),Red Tail Growers,748220,ea,SNAP,0.4,1.4,1.4,1.4,0.4,TRUE,HOLD: preserve existing SNAP price,2026-10-01 10:41:27 UTC
980329,Green Broccolini,Little Wings,748244,each,CSA Members,0.4,3.85,3.85,4.16,0.5127,FALSE,Review before publishing,2026-10-01 10:41:27 UTC
980329,Green Broccolini,Little Wings,748244,each,SNAP,0.4,3.85,3.85,3.85,0.4,TRUE,HOLD: preserve existing SNAP price,2026-10-01 10:41:27 UTC
981122,Creole Masala Spice Blend,Creole Me Up,749359,3 oz jar,Herd Share Members,0.4,9.59,9.59,10.36,0.5124,FALSE,Review before publishing,2026-10-01 10:41:27 UTC
981122,Creole Masala Spice Blend,Creole Me Up,749359,3 oz jar,SNAP,0.4,9.59,9.59,9.59,0.4,TRUE,HOLD: preserve existing SNAP price,2026-10-01 10:41:27 UTC
981122,Creole Masala Spice Blend,Creole Me Up,749359,3 oz jar,CSA Members,0.4,9.59,9.59,10.36,0.5124,FALSE,Review before publishing,2026-10-01 10:41:27 UTC
981122,Creole Masala Spice Blend,Creole Me Up,749359,3 oz jar,Guest Basket,0.4,9.59,9.59,10.36,0.5124,FALSE,Review before publishing,2026-10-01 10:41:27 UTC
981124,"The ""Wanna Be Sassy"" Creole Spice Blend",Creole Me Up,749361,3 oz jar,Guest Basket,0.4,9.65,9.65,10.42,0.5123,FALSE,Review before publishing,2026-10-01 10:41:27 UTC
981124,"The ""Wanna Be Sassy"" Creole Spice Blend",Creole Me Up,749361,3 oz jar,CSA Members,0.4,9.65,9.65,10.42,0.5123,FALSE,Review before publishing,2026-10-01 10:41:27 UTC
981124,"The ""Wanna Be Sassy"" Creole Spice Blend",Creole Me Up,749361,3 oz jar,SNAP,0.4,9.65,9.65,9.65,0.4006,TRUE,HOLD: preserve existing SNAP price,2026-10-01 10:41:27 UTC
981427,Romano Beans,Little Wings,749860,1lb,Guest Basket,0.4,5.6,5.6,6.05,0.5125,FALSE,Review before publishing,2026-10-01 10:41:27 UTC
981427,Romano Beans,Little Wings,749860,1lb,CSA Members,0.4,5.6,5.6,6.05,0.5125,FALSE,Review before publishing,2026-10-01 10:41:27 UTC
981427,Romano Beans,Little Wings,749860,1lb,SNAP,0.4,5.6,5.6,5.6,0.4,TRUE,HOLD: preserve existing SNAP price,2026-10-01 10:41:27 UTC
981428,Baby Red Onion,Organically Grown Company,749861,bu,SNAP,0.4,3.5,3.5,3.5,0.4,TRUE,HOLD: preserve existing SNAP price,2026-10-01 10:41:27 UTC
981428,Baby Red Onion,Organically Grown Company,749861,bu,CSA Members,0.4,3.5,3.5,3.78,0.512,FALSE,Review before publishing,2026-10-01 10:41:27 UTC
981788,Fresh Cherries,Grazier's Garden,750321,1 pint,CSA Members,0.4,6.3,6.3,6.8,0.5111,FALSE,Review before publishing,2026-10-01 10:41:27 UTC
981788,Fresh Cherries,Grazier's Garden,750321,1 pint,Guest Basket,0.4,6.3,6.3,6.8,0.5111,FALSE,Review before publishing,2026-10-01 10:41:27 UTC
981788,Fresh Cherries,Grazier's Garden,750321,1 pint,SNAP,0.4,6.3,6.3,6.3,0.4,TRUE,HOLD: preserve existing SNAP price,2026-10-01 10:41:27 UTC
982583,Green Kohlrabi,Little Wings,751076,1 bunch,SNAP,0.4,3.15,3.15,3.15,0.4,TRUE,HOLD: preserve existing SNAP price,2026-10-01 10:41:27 UTC
982583,Green Kohlrabi,Little Wings,751076,1 bunch,CSA Members,0.4,3.15,3.15,3.4,0.5111,FALSE,Review before publishing,2026-10-01 10:41:27 UTC
982957,Fresh Lavender,Grazier's Garden,751661,bu,Guest Basket,0.4,5.25,5.25,5.67,0.512,FALSE,Review before publishing,2026-10-01 10:41:27 UTC
982957,Fresh Lavender,Grazier's Garden,751661,bu,Herd Share Members,0.4,5.25,5.25,5.67,0.512,FALSE,Review before publishing,2026-10-01 10:41:27 UTC
982957,Fresh Lavender,Grazier's Garden,751661,bu,CSA Members,0.4,5.25,5.25,5.67,0.512,FALSE,Review before publishing,2026-10-01 10:41:27 UTC
982957,Fresh Lavender,Grazier's Garden,751661,bu,SNAP,0.4,5.25,5.25,5.25,0.4,TRUE,HOLD: preserve existing SNAP price,2026-10-01 10:41:27 UTC
983715,Green garlic,Organically Grown Company,752788,1 lb,SNAP,0.4,10.15,10.15,10.15,0.4,TRUE,HOLD: preserve existing SNAP price,2026-10-01 10:41:27 UTC
983715,Green garlic,Organically Grown Company,752788,1 lb,Guest Basket,0.4,10.15,10.15,10.96,0.5117,FALSE,Review before publishing,2026-10-01 10:41:27 UTC
983715,Green garlic,Organically Grown Company,752788,1 lb,CSA Members,0.4,10.15,10.15,10.96,0.5117,FALSE,Review before publishing,2026-10-01 10:41:27 UTC
983715,Green garlic,Organically Grown Company,919343,1/2 lb,CSA Members,0.4,5.08,5.08,5.49,0.5124,FALSE,Review before publishing,2026-10-01 10:41:27 UTC
983715,Green garlic,Organically Grown Company,919343,1/2 lb,SNAP,0.4,5.08,5.08,5.08,0.3994,TRUE,HOLD: preserve existing SNAP price,2026-10-01 10:41:27 UTC
983730,Green Scallions,Small is Beautiful Farm,752815,each,CSA Members,0.4,3.5,3.5,3.78,0.512,FALSE,Review before publishing,2026-10-01 10:41:27 UTC
983730,Green Scallions,Small is Beautiful Farm,752815,each,SNAP,0.4,3.5,3.5,3.5,0.4,TRUE,HOLD: preserve existing SNAP price,2026-10-01 10:41:27 UTC
984862,Walla Walla Onions,Little Wings,754480,ea,CSA Members,0.4,1.54,1.54,1.66,0.5091,FALSE,Review before publishing,2026-10-01 10:41:27 UTC
984862,Walla Walla Onions,Little Wings,754480,ea,Herd Share Members,0.4,1.54,1.54,1.66,0.5091,FALSE,Review before publishing,2026-10-01 10:41:27 UTC
984862,Walla Walla Onions,Little Wings,754480,ea,SNAP,0.4,1.54,1.54,1.54,0.4,TRUE,HOLD: preserve existing SNAP price,2026-10-01 10:41:27 UTC
984862,Walla Walla Onions,Little Wings,754480,ea,Guest Basket,0.4,1.54,1.54,1.66,0.5091,FALSE,Review before publishing,2026-10-01 10:41:27 UTC
986027,Shishito Peppers,Grazier's Garden,756207,1/2 lb,SNAP,0.4,4.2,4.2,4.2,0.4,TRUE,HOLD: preserve existing SNAP price,2026-10-01 10:41:27 UTC
986031,Pehoski Purple Bulb Garlic,Grazier's Garden,756214,1/2 lb,Guest Basket,0.4,7,7,7.56,0.512,FALSE,Review before publishing,2026-10-01 10:41:27 UTC
986031,Pehoski Purple Bulb Garlic,Grazier's Garden,756214,1/2 lb,CSA Members,0.4,7,7,7.56,0.512,FALSE,Review before publishing,2026-10-01 10:41:27 UTC
986031,Pehoski Purple Bulb Garlic,Grazier's Garden,756214,1/2 lb,Herd Share Members,0.4,7,7,7.56,0.512,FALSE,Review before publishing,2026-10-01 10:41:27 UTC
986031,Pehoski Purple Bulb Garlic,Grazier's Garden,756214,1/2 lb,SNAP,0.4,7,7,7,0.4,TRUE,HOLD: preserve existing SNAP price,2026-10-01 10:41:27 UTC
987076,Gold Raspberries,Organically Grown Company,757754,1/2 pt,Guest Basket,0.4,6.05,6.05,6.53,0.5116,FALSE,Review before publishing,2026-10-01 10:41:27 UTC
987076,Gold Raspberries,Organically Grown Company,757754,1/2 pt,CSA Members,0.4,6.05,6.05,6.53,0.5116,FALSE,Review before publishing,2026-10-01 10:41:27 UTC
987076,Gold Raspberries,Organically Grown Company,757754,1/2 pt,Herd Share Members,0.4,6.05,6.05,6.53,0.5116,FALSE,Review before publishing,2026-10-01 10:41:27 UTC
987076,Gold Raspberries,Organically Grown Company,757754,1/2 pt,SNAP,0.4,6.05,6.05,6.05,0.4005,TRUE,HOLD: preserve existing SNAP price,2026-10-01 10:41:27 UTC
987077,Red Currant Berries,Organically Grown Company,757755,1/2 pt,Guest Basket,0.4,6.43,6.43,6.94,0.512,FALSE,Review before publishing,2026-10-01 10:41:27 UTC
987077,Red Currant Berries,Organically Grown Company,757755,1/2 pt,CSA Members,0.4,6.43,6.43,6.94,0.512,FALSE,Review before publishing,2026-10-01 10:41:27 UTC
987077,Red Currant Berries,Organically Grown Company,757755,1/2 pt,Herd Share Members,0.4,6.43,6.43,6.94,0.512,FALSE,Review before publishing,2026-10-01 10:41:27 UTC
987077,Red Currant Berries,Organically Grown Company,757755,1/2 pt,SNAP,0.4,6.43,6.43,6.43,0.4009,TRUE,HOLD: preserve existing SNAP price,2026-10-01 10:41:27 UTC
987329,Cauliflower,Camas Swale Farm,758110,ea,CSA Members,0.4,7,7,7.56,0.512,FALSE,Review before publishing,2026-10-01 10:41:27 UTC
987329,Cauliflower,Camas Swale Farm,758110,ea,SNAP,0.4,7,7,7,0.4,TRUE,HOLD: preserve existing SNAP price,2026-10-01 10:41:27 UTC
988134,Frozen Pitted Cherries,Grazier's Garden,759450,lb,Guest Basket,0.4,14,14,15.12,0.512,FALSE,Review before publishing,2026-10-01 10:41:27 UTC
988134,Frozen Pitted Cherries,Grazier's Garden,759450,lb,CSA Members,0.4,14,14,15.12,0.512,FALSE,Review before publishing,2026-10-01 10:41:27 UTC
988134,Frozen Pitted Cherries,Grazier's Garden,759450,lb,Herd Share Members,0.4,14,14,15.12,0.512,FALSE,Review before publishing,2026-10-01 10:41:27 UTC
988134,Frozen Pitted Cherries,Grazier's Garden,759450,lb,SNAP,0.4,14,14,14,0.4,TRUE,HOLD: preserve existing SNAP price,2026-10-01 10:41:27 UTC
988808,Hakurei Turnips,Red Tail Growers,760366,1 Lb.,CSA Members,0.4,2.52,2.52,2.72,0.5111,FALSE,Review before publishing,2026-10-01 10:41:27 UTC
988808,Hakurei Turnips,Red Tail Growers,760366,1 Lb.,Herd Share Members,0.4,2.52,2.52,2.72,0.5111,FALSE,Review before publishing,2026-10-01 10:41:27 UTC
988808,Hakurei Turnips,Red Tail Growers,760366,1 Lb.,SNAP,0.4,2.52,2.52,2.52,0.4,TRUE,HOLD: preserve existing SNAP price,2026-10-01 10:41:27 UTC
988808,Hakurei Turnips,Red Tail Growers,760366,1 Lb.,Guest Basket,0.4,2.52,2.52,2.72,0.5111,FALSE,Review before publishing,2026-10-01 10:41:27 UTC
988809,Chioggia Beets,Camas Swale Farm,760367,1 Bunch,CSA Members,0.4,3.29,3.29,3.55,0.5106,FALSE,Review before publishing,2026-10-01 10:41:27 UTC
988809,Chioggia Beets,Camas Swale Farm,760367,1 Bunch,SNAP,0.4,3.29,3.29,3.29,0.4,TRUE,HOLD: preserve existing SNAP price,2026-10-01 10:41:27 UTC
990712,"Raw Fresh Whole Milk, 1/4 gallon","Creamy Cow, LLC",762988,1/4 gallon,SNAP,0.4,8.4,8.4,8.4,0.4,TRUE,HOLD: preserve existing SNAP price,2026-10-01T16:20:40.599Z
990715,"Live Culture Yogurt, 8oz","Creamy Cow, LLC",762991,8 oz,SNAP,0.4,8.4,8.4,8.4,0.4,TRUE,HOLD: preserve existing SNAP price,2026-10-01 10:41:27 UTC
991384,Honey Plum,Small is Beautiful Farm,763756,pt,SNAP,0.4,4.2,4.2,4.2,0.4,TRUE,HOLD: preserve existing SNAP price,2026-10-01 10:41:27 UTC
991548,Cosmic Gold Potato,Little Wings,763969,lb,CSA Members,0.4,3.15,3.15,3.4,0.5111,FALSE,Review before publishing,2026-10-01 10:41:27 UTC
991548,Cosmic Gold Potato,Little Wings,763969,lb,Herd Share Members,0.4,3.15,3.15,3.4,0.5111,FALSE,Review before publishing,2026-10-01 10:41:27 UTC
991548,Cosmic Gold Potato,Little Wings,763969,lb,SNAP,0.4,3.15,3.15,3.15,0.4,TRUE,HOLD: preserve existing SNAP price,2026-10-01 10:41:27 UTC
991548,Cosmic Gold Potato,Little Wings,763969,lb,Guest Basket,0.4,3.15,3.15,3.4,0.5111,FALSE,Review before publishing,2026-10-01 10:41:27 UTC
991582,Frozen Blackberries,Grazier's Garden,764004,lb,SNAP,0.4,14,14,14,0.4,TRUE,HOLD: preserve existing SNAP price,2026-10-01 10:41:27 UTC
991582,Frozen Blackberries,Grazier's Garden,764004,lb,CSA Members,0.4,14,14,15.12,0.512,FALSE,Review before publishing,2026-10-01 10:41:27 UTC
993775,Dried English Lavender,Grazier's Garden,766895,ea,Guest Basket,0.4,4.76,4.76,5.14,0.5118,FALSE,Review before publishing,2026-10-01 10:41:27 UTC
993775,Dried English Lavender,Grazier's Garden,766895,ea,CSA Members,0.4,4.76,4.76,5.14,0.5118,FALSE,Review before publishing,2026-10-01 10:41:27 UTC
993775,Dried English Lavender,Grazier's Garden,766895,ea,Herd Share Members,0.4,4.76,4.76,5.14,0.5118,FALSE,Review before publishing,2026-10-01 10:41:27 UTC
993775,Dried English Lavender,Grazier's Garden,766895,ea,SNAP,0.4,4.76,4.76,4.76,0.4,TRUE,HOLD: preserve existing SNAP price,2026-10-01 10:41:27 UTC
994208,Muncher Cucumber,Little Wings,767741,lb,CSA Members,0.4,3.5,3.5,3.78,0.512,FALSE,Review before publishing,2026-10-01 10:41:27 UTC
994208,Muncher Cucumber,Little Wings,767741,lb,SNAP,0.4,3.5,3.5,3.5,0.4,TRUE,HOLD: preserve existing SNAP price,2026-10-01 10:41:27 UTC
994762,Desert King Fig,Small is Beautiful Farm,768673,pt,Guest Basket,0.4,3.5,3.5,3.78,0.512,FALSE,Review before publishing,2026-10-01 10:41:27 UTC
994762,Desert King Fig,Small is Beautiful Farm,768673,pt,CSA Members,0.4,3.5,3.5,3.78,0.512,FALSE,Review before publishing,2026-10-01 10:41:27 UTC
994762,Desert King Fig,Small is Beautiful Farm,768673,pt,Herd Share Members,0.4,3.5,3.5,3.78,0.512,FALSE,Review before publishing,2026-10-01 10:41:27 UTC
994762,Desert King Fig,Small is Beautiful Farm,768673,pt,SNAP,0.4,3.5,3.5,3.5,0.4,TRUE,HOLD: preserve existing SNAP price,2026-10-01 10:41:27 UTC
995135,Small Organic Pasture Raised Chicken Eggs,Deck Family Farm,769257,1 dozen,CSA Members,0.6574,8.97,8.97,9.69,0.7911,FALSE,Review before publishing,2026-10-01 10:41:27 UTC
995135,Small Organic Pasture Raised Chicken Eggs,Deck Family Farm,769257,1 dozen,SNAP,0.6574,8.97,8.97,8.97,0.658,TRUE,HOLD: preserve existing SNAP price,2026-10-01 10:41:27 UTC
995135,Small Organic Pasture Raised Chicken Eggs,Deck Family Farm,769257,1 dozen,Herd Share Members,0.6574,8.97,8.97,9.69,0.7911,FALSE,Review before publishing,2026-10-01 10:41:27 UTC
995135,Small Organic Pasture Raised Chicken Eggs,Deck Family Farm,769257,1 dozen,Guest Basket,0.6574,8.97,8.97,9.69,0.7911,FALSE,Review before publishing,2026-10-01 10:41:27 UTC
995521,Dried and cured Inchellium Garlic,Camas Swale Farm,769835,lb,CSA Members,0.4,11.2,11.2,12.1,0.5125,FALSE,Review before publishing,2026-10-01 10:41:27 UTC
995521,Dried and cured Inchellium Garlic,Camas Swale Farm,769835,lb,SNAP,0.4,11.2,11.2,11.2,0.4,TRUE,HOLD: preserve existing SNAP price,2026-10-01 10:41:27 UTC
995528,Austrian Cresent Fingerling Potatoes,Camas Swale Farm,769868,lb,CSA Members,0.4,3.15,3.15,3.4,0.5111,FALSE,Review before publishing,2026-10-01 10:41:27 UTC
995528,Austrian Cresent Fingerling Potatoes,Camas Swale Farm,769868,lb,SNAP,0.4,3.15,3.15,3.15,0.4,TRUE,HOLD: preserve existing SNAP price,2026-10-01 10:41:27 UTC
995529,Fresh Strawberries,Grazier's Garden,769872,each,Herd Share Members,0.4,2.45,2.45,2.65,0.5143,FALSE,Review before publishing,2026-10-01 10:41:27 UTC
995529,Fresh Strawberries,Grazier's Garden,769872,each,Guest Basket,0.4,2.45,2.45,2.65,0.5143,FALSE,Review before publishing,2026-10-01 10:41:27 UTC
995529,Fresh Strawberries,Grazier's Garden,769872,each,SNAP,0.4,2.45,2.45,2.45,0.4,TRUE,HOLD: preserve existing SNAP price,2026-10-01 10:41:27 UTC
995529,Fresh Strawberries,Grazier's Garden,769872,each,CSA Members,0.4,2.45,2.45,2.65,0.5143,FALSE,Review before publishing,2026-10-01 10:41:27 UTC
995639,Zinnia Bouquet,Grazier's Garden,770067,ea,Guest Basket,0.4,9.45,9.45,10.21,0.5126,FALSE,Review before publishing,2026-10-01 10:41:27 UTC
995639,Zinnia Bouquet,Grazier's Garden,770067,ea,CSA Members,0.4,9.45,9.45,10.21,0.5126,FALSE,Review before publishing,2026-10-01 10:41:27 UTC
995639,Zinnia Bouquet,Grazier's Garden,770067,ea,Herd Share Members,0.4,9.45,9.45,10.21,0.5126,FALSE,Review before publishing,2026-10-01 10:41:27 UTC
995640,Fresh Chocolate Mint,Grazier's Garden,770068,bu,CSA Members,0.4,3.5,3.5,3.78,0.512,FALSE,Review before publishing,2026-10-01 10:41:27 UTC
995640,Fresh Chocolate Mint,Grazier's Garden,770068,bu,SNAP,0.4,3.5,3.5,3.5,0.4,TRUE,HOLD: preserve existing SNAP price,2026-10-01 10:41:27 UTC
997517,Winterbor Mixed Curly Kale Bunch,Grazier's Garden,772950,bu,SNAP,0.4,4.2,4.2,4.2,0.4,TRUE,HOLD: preserve existing SNAP price,2026-10-01 10:41:27 UTC
997517,Winterbor Mixed Curly Kale Bunch,Grazier's Garden,772950,bu,CSA Members,0.4,4.2,4.2,4.54,0.5133,FALSE,Review before publishing,2026-10-01 10:41:27 UTC
998191,Mix Apples,Small is Beautiful Farm,774076,ea,SNAP,0.4,1.4,1.4,1.4,0.4,TRUE,HOLD: preserve existing SNAP price,2026-10-01 10:41:27 UTC
998191,Mix Apples,Small is Beautiful Farm,774076,ea,CSA Members,0.4,1.4,1.4,1.51,0.51,FALSE,Review before publishing,2026-10-01 10:41:27 UTC
998896,Satsuma plums,Small is Beautiful Farm,775170,pt,CSA Members,0.4,5.6,5.6,6.05,0.5125,FALSE,Review before publishing,2026-10-01 10:41:27 UTC
998896,Satsuma plums,Small is Beautiful Farm,775170,pt,Herd Share Members,0.4,5.6,5.6,6.05,0.5125,FALSE,Review before publishing,2026-10-01 10:41:27 UTC
998896,Satsuma plums,Small is Beautiful Farm,775170,pt,SNAP,0.4,5.6,5.6,5.6,0.4,TRUE,HOLD: preserve existing SNAP price,2026-10-01 10:41:27 UTC
998896,Satsuma plums,Small is Beautiful Farm,775170,pt,Guest Basket,0.4,5.6,5.6,6.05,0.5125,FALSE,Review before publishing,2026-10-01 10:41:27 UTC
999637,Satsuma plums,Small is Beautiful Farm,776515,pt,CSA Members,0.4,4.2,4.2,4.54,0.5133,FALSE,Review before publishing,2026-10-01 10:41:27 UTC
999637,Satsuma plums,Small is Beautiful Farm,776515,pt,SNAP,0.4,4.2,4.2,4.2,0.4,TRUE,HOLD: preserve existing SNAP price,2026-10-01 10:41:27 UTC
999641,Heirloom Tomatoes,Red Tail Growers,776519,pound,SNAP,0.4,4.48,4.48,4.48,0.4,TRUE,HOLD: preserve existing SNAP price,2026-10-01 10:41:27 UTC
1000029,Heirloom Tomatoes,Grazier's Garden,777061,pound,Guest Basket,0.4,4.55,4.55,4.91,0.5108,FALSE,Review before publishing,2026-10-01 10:41:27 UTC
1000029,Heirloom Tomatoes,Grazier's Garden,777061,pound,SNAP,0.4,4.55,4.55,4.55,0.4,TRUE,HOLD: preserve existing SNAP price,2026-10-01 10:41:27 UTC
1000029,Heirloom Tomatoes,Grazier's Garden,777061,pound,Herd Share Members,0.4,4.55,4.55,4.91,0.5108,FALSE,Review before publishing,2026-10-01 10:41:27 UTC
1000029,Heirloom Tomatoes,Grazier's Garden,777061,pound,CSA Members,0.4,4.55,4.55,4.91,0.5108,FALSE,Review before publishing,2026-10-01 10:41:27 UTC
1000031,Italian Sweet Frying Peppers,Grazier's Garden,777063,1 lb,CSA Members,0.4,3.5,3.5,3.78,0.512,FALSE,Review before publishing,2026-10-01 10:41:27 UTC
1000031,Italian Sweet Frying Peppers,Grazier's Garden,777063,1 lb,Herd Share Members,0.4,3.5,3.5,3.78,0.512,FALSE,Review before publishing,2026-10-01 10:41:27 UTC
1000031,Italian Sweet Frying Peppers,Grazier's Garden,777063,1 lb,SNAP,0.4,3.5,3.5,3.5,0.4,TRUE,HOLD: preserve existing SNAP price,2026-10-01 10:41:27 UTC
1000031,Italian Sweet Frying Peppers,Grazier's Garden,777063,1 lb,Guest Basket,0.4,3.5,3.5,3.78,0.512,FALSE,Review before publishing,2026-10-01 10:41:27 UTC
1001422,Natsu Cocoa watermelon,Camas Swale Farm,778769,ea,Guest Basket,0.4,8.19,8.19,8.85,0.5128,FALSE,Review before publishing,2026-10-01 10:41:27 UTC
1001422,Natsu Cocoa watermelon,Camas Swale Farm,778769,ea,CSA Members,0.4,8.19,8.19,8.85,0.5128,FALSE,Review before publishing,2026-10-01 10:41:27 UTC
1001422,Natsu Cocoa watermelon,Camas Swale Farm,778769,ea,Herd Share Members,0.4,8.19,8.19,8.85,0.5128,FALSE,Review before publishing,2026-10-01 10:41:27 UTC
1001422,Natsu Cocoa watermelon,Camas Swale Farm,778769,ea,SNAP,0.4,8.19,8.19,8.19,0.4,TRUE,HOLD: preserve existing SNAP price,2026-10-01 10:41:27 UTC
1003371,Red Bartlett Pears,Organically Grown Company,782715,ea,CSA Members,0.4,1.4,1.4,1.51,0.51,FALSE,Review before publishing,2026-10-01 10:41:27 UTC
1003371,Red Bartlett Pears,Organically Grown Company,782715,ea,SNAP,0.4,1.4,1.4,1.4,0.4,TRUE,HOLD: preserve existing SNAP price,2026-10-01 10:41:27 UTC
1003371,Red Bartlett Pears,Organically Grown Company,782715,ea,Guest Basket,0.4,1.4,1.4,1.51,0.51,FALSE,Review before publishing,2026-10-01 10:41:27 UTC
1004361,Bulk Red Beets - 5lb. bag,Grazier's Garden,784289,5lb. bag,Herd Share Members,0.4,9.03,9.03,9.75,0.5116,FALSE,Review before publishing,2026-10-01 10:41:27 UTC
1004361,Bulk Red Beets - 5lb. bag,Grazier's Garden,784289,5lb. bag,CSA Members,0.4,9.03,9.03,9.75,0.5116,FALSE,Review before publishing,2026-10-01 10:41:27 UTC
1004361,Bulk Red Beets - 5lb. bag,Grazier's Garden,784289,5lb. bag,SNAP,0.4,9.03,9.03,9.03,0.4,TRUE,HOLD: preserve existing SNAP price,2026-10-01 10:41:27 UTC
1004361,Bulk Red Beets - 5lb. bag,Grazier's Garden,784289,5lb. bag,Guest Basket,0.4,9.03,9.03,9.75,0.5116,FALSE,Review before publishing,2026-10-01 10:41:27 UTC
1004516,"Gogo Gouda Cheese, 4 Month Aged, 4.8-5.8 oz","Creamy Cow, LLC",784551,4.8-5.8oz,SNAP,0.4,12.57,12.57,12.57,0.3998,TRUE,HOLD: preserve existing SNAP price,2026-10-01 10:41:27 UTC
1004523,Fresh Cilantro,Grazier's Garden,784559,bunch,SNAP,0.4,4.2,4.2,4.2,0.4,TRUE,HOLD: preserve existing SNAP price,2026-10-01 10:41:27 UTC
1004525,Zinnia Bunch,Grazier's Garden,784561,bu,Guest Basket,0.4,5.6,5.6,6.05,0.5125,FALSE,Review before publishing,2026-10-01 10:41:27 UTC
1004525,Zinnia Bunch,Grazier's Garden,784561,bu,CSA Members,0.4,5.6,5.6,6.05,0.5125,FALSE,Review before publishing,2026-10-01 10:41:27 UTC
1004525,Zinnia Bunch,Grazier's Garden,784561,bu,Herd Share Members,0.4,5.6,5.6,6.05,0.5125,FALSE,Review before publishing,2026-10-01 10:41:27 UTC
1004526,Spice Lord Iris Rhizome (Bulb),RL Plants & Home Goods,784562,ea,CSA Members,0.4,9.8,9.8,10.58,0.5114,FALSE,Review before publishing,2026-10-01 10:41:27 UTC
1004529,Trumped Iris Rhizome (Bulb),RL Plants & Home Goods,784568,ea,Guest Basket,0.4,9.8,9.8,10.58,0.5114,FALSE,Review before publishing,2026-10-01 10:41:27 UTC
1004529,Trumped Iris Rhizome (Bulb),RL Plants & Home Goods,784568,ea,CSA Members,0.4,9.8,9.8,10.58,0.5114,FALSE,Review before publishing,2026-10-01 10:41:27 UTC
1004529,Trumped Iris Rhizome (Bulb),RL Plants & Home Goods,784568,ea,Herd Share Members,0.4,9.8,9.8,10.58,0.5114,FALSE,Review before publishing,2026-10-01 10:41:27 UTC
1004531,Tanzanian Tangerine Iris Rhizome (Bulb),RL Plants & Home Goods,784571,ea,CSA Members,0.4,9.8,9.8,10.58,0.5114,FALSE,Review before publishing,2026-10-01 10:41:27 UTC
1004599,"Red Ranger Roasting Chicken, Medium",Deck Family Farm,784655,"Medium, 4.01 - 5.00 lbs",SNAP,0.6574,40.41,40.41,40.41,0.6575,TRUE,HOLD: preserve existing SNAP price,2026-10-01 10:41:27 UTC
1004600,"Red Ranger Roasting Chicken, Large",Deck Family Farm,784656,"Large, 5.01 - 5.70 lbs",SNAP,0.6574,48.03,48.03,48.03,0.6573,TRUE,HOLD: preserve existing SNAP price,2026-10-01 10:41:27 UTC
1004600,"Red Ranger Roasting Chicken, Large",Deck Family Farm,784656,"Large, 5.01 - 5.70 lbs",CSA Members,0.6574,48.03,48.03,51.87,0.7899,FALSE,Review before publishing,2026-10-01 10:41:27 UTC
1004866,Frozen Heirloom Tomatoes,Grazier's Garden,785038,Frozen Tomatoes,SNAP,0.4,2.1,2.1,2.1,0.4,TRUE,HOLD: preserve existing SNAP price,2026-10-01 10:41:27 UTC
1004980,Romaine Lettuce,Little Wings,785188,each,SNAP,0.4,2.8,2.8,2.8,0.4,TRUE,HOLD: preserve existing SNAP price,2026-10-01 10:41:27 UTC
1004980,Romaine Lettuce,Little Wings,785188,each,CSA Members,0.4,2.8,2.8,3.02,0.51,FALSE,Review before publishing,2026-10-01 10:41:27 UTC
1004981,Lunchbox Peppers,Little Wings,785189,1 pound bag,CSA Members,0.4,6.3,6.3,6.8,0.5111,FALSE,Review before publishing,2026-10-01 10:41:27 UTC
1004981,Lunchbox Peppers,Little Wings,785189,1 pound bag,Herd Share Members,0.4,6.3,6.3,6.8,0.5111,FALSE,Review before publishing,2026-10-01 10:41:27 UTC
1004981,Lunchbox Peppers,Little Wings,785189,1 pound bag,SNAP,0.4,6.3,6.3,6.3,0.4,TRUE,HOLD: preserve existing SNAP price,2026-10-01 10:41:27 UTC
1004981,Lunchbox Peppers,Little Wings,785189,1 pound bag,Guest Basket,0.4,6.3,6.3,6.8,0.5111,FALSE,Review before publishing,2026-10-01 10:41:27 UTC
1004983,Jimmy Nardello Peppers,Camas Swale Farm,785191,1 lb,CSA Members,0.4,8.4,8.4,9.07,0.5117,FALSE,Review before publishing,2026-10-01 10:41:27 UTC
1004983,Jimmy Nardello Peppers,Camas Swale Farm,785191,1 lb,SNAP,0.4,8.4,8.4,8.4,0.4,TRUE,HOLD: preserve existing SNAP price,2026-10-01 10:41:27 UTC
1005219,Rainbow Carrots,Red Tail Growers,785523,1 lb,SNAP,0.4,2.1,2.1,2.1,0.4,TRUE,HOLD: preserve existing SNAP price,2026-10-01 10:41:27 UTC
1005221,Red Onion,Small is Beautiful Farm,785525,lb,SNAP,0.4,2.8,2.8,2.8,0.4,TRUE,HOLD: preserve existing SNAP price,2026-10-01 10:41:27 UTC
1006108,Italian Frying Pepper,Red Tail Growers,786671,each,CSA Members,0.4,3.5,3.5,3.78,0.512,FALSE,Review before publishing,2026-10-01 10:41:27 UTC
1006108,Italian Frying Pepper,Red Tail Growers,786671,each,SNAP,0.4,3.5,3.5,3.5,0.4,TRUE,HOLD: preserve existing SNAP price,2026-10-01 10:41:27 UTC
1006109,Green Lunchbox Peppers,Little Wings,786672,1 lb,CSA Members,0.4,5.6,5.6,6.05,0.5125,FALSE,Review before publishing,2026-10-01 10:41:27 UTC
1006109,Green Lunchbox Peppers,Little Wings,786672,1 lb,Herd Share Members,0.4,5.6,5.6,6.05,0.5125,FALSE,Review before publishing,2026-10-01 10:41:27 UTC
1006109,Green Lunchbox Peppers,Little Wings,786672,1 lb,SNAP,0.4,5.6,5.6,5.6,0.4,TRUE,HOLD: preserve existing SNAP price,2026-10-01 10:41:27 UTC
1006109,Green Lunchbox Peppers,Little Wings,786672,1 lb,Guest Basket,0.4,5.6,5.6,6.05,0.5125,FALSE,Review before publishing,2026-10-01 10:41:27 UTC
1006110,Mild habanero,Camas Swale Farm,786673,lb,Herd Share Members,0.4,8.4,8.4,9.07,0.5117,FALSE,Review before publishing,2026-10-01 10:41:27 UTC
1006110,Mild habanero,Camas Swale Farm,786673,lb,Guest Basket,0.4,8.4,8.4,9.07,0.5117,FALSE,Review before publishing,2026-10-01 10:41:27 UTC
1006110,Mild habanero,Camas Swale Farm,786673,lb,CSA Members,0.4,8.4,8.4,9.07,0.5117,FALSE,Review before publishing,2026-10-01 10:41:27 UTC
1006110,Mild habanero,Camas Swale Farm,786673,lb,SNAP,0.4,8.4,8.4,8.4,0.4,TRUE,HOLD: preserve existing SNAP price,2026-10-01 10:41:27 UTC
1008413,"Broad Breasted White Turkeys, Small",Deck Family Farm,789842,9 - 12  lbs,SNAP,0.6574,85.21,85.21,85.21,0.6575,TRUE,HOLD: preserve existing SNAP price,2026-10-01 10:41:27 UTC
1008413,"Broad Breasted White Turkeys, Small",Deck Family Farm,789842,9 - 12  lbs,Guest Basket,0.6574,85.21,85.21,92.03,0.7901,FALSE,Review before publishing,2026-10-01 10:41:27 UTC
1008413,"Broad Breasted White Turkeys, Small",Deck Family Farm,789842,9 - 12  lbs,CSA Members,0.6574,85.21,85.21,92.03,0.7901,FALSE,Review before publishing,2026-10-01 10:41:27 UTC
1008414,"Heritage Thanksgiving Turkey, Small",Deck Family Farm,789843,9 - 12  lbs,CSA Members,0.6574,94.19,94.19,101.73,0.7901,FALSE,Review before publishing,2026-10-01 10:41:27 UTC
1008414,"Heritage Thanksgiving Turkey, Small",Deck Family Farm,789843,9 - 12  lbs,SNAP,0.6574,94.19,94.19,94.19,0.6574,TRUE,HOLD: preserve existing SNAP price,2026-10-01 10:41:27 UTC
1010693,Deck Family Farm Insulated Bag,Full Farm CSA,793235,Blue Bag,Guest Basket,0.4,24.81,24.81,26.79,0.5119,FALSE,Review before publishing,2026-10-01 10:41:27 UTC
1010693,Deck Family Farm Insulated Bag,Full Farm CSA,793235,Blue Bag,SNAP,0.4,24.81,24.81,24.81,0.4001,TRUE,HOLD: preserve existing SNAP price,2026-10-01 10:41:27 UTC
1010693,Deck Family Farm Insulated Bag,Full Farm CSA,952518,Orange Bag,SNAP,0.4,24.81,24.81,24.81,0.4001,TRUE,HOLD: preserve existing SNAP price,2026-10-01 10:41:27 UTC
1010693,Deck Family Farm Insulated Bag,Full Farm CSA,952518,Orange Bag,Guest Basket,0.4,24.81,24.81,26.79,0.5119,FALSE,Review before publishing,2026-10-01 10:41:27 UTC
1010693,Deck Family Farm Insulated Bag,Full Farm CSA,952518,Orange Bag,CSA Members,0.4,24.81,24.81,26.79,0.5119,FALSE,Review before publishing,2026-10-01 10:41:27 UTC
1010693,Deck Family Farm Insulated Bag,Full Farm CSA,952518,Orange Bag,Herd Share Members,0.4,24.81,24.81,26.79,0.5119,FALSE,Review before publishing,2026-10-01 10:41:27 UTC
1011853,Purple Bell Peppers,Grazier's Garden,794969,each,Herd Share Members,0.4,2.8,2.8,3.02,0.51,FALSE,Review before publishing,2026-10-01 10:41:27 UTC
1011853,Purple Bell Peppers,Grazier's Garden,794969,each,Guest Basket,0.4,2.8,2.8,3.02,0.51,FALSE,Review before publishing,2026-10-01 10:41:27 UTC
1011853,Purple Bell Peppers,Grazier's Garden,794969,each,CSA Members,0.4,2.8,2.8,3.02,0.51,FALSE,Review before publishing,2026-10-01 10:41:27 UTC
1011853,Purple Bell Peppers,Grazier's Garden,794969,each,SNAP,0.4,2.8,2.8,2.8,0.4,TRUE,HOLD: preserve existing SNAP price,2026-10-01 10:41:27 UTC
1011872,Swedish Sausage Potato Dumplings,Deck Family Farm's Hyland Artisinal Meats,795004,13oz/ 10 Dumplings/Pack,SNAP,0.6574,17.93,17.93,17.93,0.6571,TRUE,HOLD: preserve existing SNAP price,2026-10-01 10:41:27 UTC
1011877,Classic Beef Broth,Deck Family Farm's Hyland Artisinal Meats,795009,1 quart,Guest Basket,0.6574,13.01,13.01,14.05,0.7898,FALSE,Review before publishing,2026-10-01 10:41:27 UTC
1011877,Classic Beef Broth,Deck Family Farm's Hyland Artisinal Meats,795009,1 quart,CSA Members,0.6574,13.01,13.01,14.05,0.7898,FALSE,Review before publishing,2026-10-01 10:41:27 UTC
1011877,Classic Beef Broth,Deck Family Farm's Hyland Artisinal Meats,795009,1 quart,Herd Share Members,0.6574,13.01,13.01,14.05,0.7898,FALSE,Review before publishing,2026-10-01 10:41:27 UTC
1011877,Classic Beef Broth,Deck Family Farm's Hyland Artisinal Meats,795009,1 quart,SNAP,0.6574,13.01,13.01,13.01,0.6573,TRUE,HOLD: preserve existing SNAP price,2026-10-01 10:41:27 UTC
1012261,VIRGO GLOW (WhippedTallow - skin care) 4 oz glass jar,Sabrooxel's Alchemy,795587,ea,SNAP,0.4,32.87,32.87,32.87,0.3999,TRUE,HOLD: preserve existing SNAP price,2026-10-01 10:41:27 UTC
1012261,VIRGO GLOW (WhippedTallow - skin care) 4 oz glass jar,Sabrooxel's Alchemy,795587,ea,CSA Members,0.4,32.87,32.87,35.5,0.5119,FALSE,Review before publishing,2026-10-01 10:41:27 UTC
1012284,Carrot (Baby) Bunch,Grazier's Garden,795617,bu,Guest Basket,0.4,3.78,3.78,4.08,0.5111,FALSE,Review before publishing,2026-10-01 10:41:27 UTC
1012284,Carrot (Baby) Bunch,Grazier's Garden,795617,bu,CSA Members,0.4,3.78,3.78,4.08,0.5111,FALSE,Review before publishing,2026-10-01 10:41:27 UTC
1012284,Carrot (Baby) Bunch,Grazier's Garden,795617,bu,Herd Share Members,0.4,3.78,3.78,4.08,0.5111,FALSE,Review before publishing,2026-10-01 10:41:27 UTC
1012284,Carrot (Baby) Bunch,Grazier's Garden,795617,bu,SNAP,0.4,3.78,3.78,3.78,0.4,TRUE,HOLD: preserve existing SNAP price,2026-10-01 10:41:27 UTC
1012965,Handcrafted Rustic Cedar Coasters,RL Plants & Home Goods,796543,2 Pack,Guest Basket,0.4,4.2,4.2,4.54,0.5133,FALSE,Review before publishing,2026-10-01 10:41:27 UTC
1012965,Handcrafted Rustic Cedar Coasters,RL Plants & Home Goods,796543,2 Pack,CSA Members,0.4,4.2,4.2,4.54,0.5133,FALSE,Review before publishing,2026-10-01 10:41:27 UTC
1012965,Handcrafted Rustic Cedar Coasters,RL Plants & Home Goods,796543,2 Pack,Herd Share Members,0.4,4.2,4.2,4.54,0.5133,FALSE,Review before publishing,2026-10-01 10:41:27 UTC
1012965,Handcrafted Rustic Cedar Coasters,RL Plants & Home Goods,994309,5 Pack,Guest Basket,0.4,7,7,7.56,0.512,FALSE,Review before publishing,2026-10-01 10:41:27 UTC
1012965,Handcrafted Rustic Cedar Coasters,RL Plants & Home Goods,994309,5 Pack,CSA Members,0.4,7,7,7.56,0.512,FALSE,Review before publishing,2026-10-01 10:41:27 UTC
1012965,Handcrafted Rustic Cedar Coasters,RL Plants & Home Goods,994309,5 Pack,Herd Share Members,0.4,7,7,7.56,0.512,FALSE,Review before publishing,2026-10-01 10:41:27 UTC
1012966,Handcrafted Cedar Coasters,RL Plants & Home Goods,796544,2 pack,CSA Members,0.4,4.2,4.2,4.54,0.5133,FALSE,Review before publishing,2026-10-01 10:41:27 UTC
1012966,Handcrafted Cedar Coasters,RL Plants & Home Goods,796544,2 pack,Guest Basket,0.4,4.2,4.2,4.54,0.5133,FALSE,Review before publishing,2026-10-01 10:41:27 UTC
1012966,Handcrafted Cedar Coasters,RL Plants & Home Goods,796544,2 pack,SNAP,0.4,4.2,4.2,4.2,0.4,TRUE,HOLD: preserve existing SNAP price,2026-10-01 10:41:27 UTC
1012966,Handcrafted Cedar Coasters,RL Plants & Home Goods,926994,5 pack,Guest Basket,0.4,7,7,7.56,0.512,FALSE,Review before publishing,2026-10-01 10:41:27 UTC
1012966,Handcrafted Cedar Coasters,RL Plants & Home Goods,926994,5 pack,SNAP,0.4,7,7,7,0.4,TRUE,HOLD: preserve existing SNAP price,2026-10-01 10:41:27 UTC
1012966,Handcrafted Cedar Coasters,RL Plants & Home Goods,926994,5 pack,CSA Members,0.4,7,7,7.56,0.512,FALSE,Review before publishing,2026-10-01 10:41:27 UTC
1013987,Smoked Pork Hocks -Skin-on and Smoked,Deck Family Farm,798011,0.8 - 1.2 lbs,SNAP,0.6574,14.8,14.8,14.8,0.6573,TRUE,HOLD: preserve existing SNAP price,2026-10-01 10:41:27 UTC
1013988,Smoked Pork Shanks - Skin-on and Smoked,Deck Family Farm,798012,2 - 2.5 lbs,SNAP,0.6574,14.8,14.8,14.8,0.6573,TRUE,HOLD: preserve existing SNAP price,2026-10-01 10:41:27 UTC
1014310,Braising Green Bundle,Small is Beautiful Farm,798441,bu,Guest Basket,0.4,3.5,3.5,3.78,0.512,FALSE,Review before publishing,2026-10-01 10:41:27 UTC
1014310,Braising Green Bundle,Small is Beautiful Farm,798441,bu,CSA Members,0.4,3.5,3.5,3.78,0.512,FALSE,Review before publishing,2026-10-01 10:41:27 UTC
1014310,Braising Green Bundle,Small is Beautiful Farm,798441,bu,Herd Share Members,0.4,3.5,3.5,3.78,0.512,FALSE,Review before publishing,2026-10-01 10:41:27 UTC
1014310,Braising Green Bundle,Small is Beautiful Farm,798441,bu,SNAP,0.4,3.5,3.5,3.5,0.4,TRUE,HOLD: preserve existing SNAP price,2026-10-01 10:41:27 UTC
1015821,Hestia Feta Cheese (4.8–5.8 oz),"Creamy Cow, LLC",800429,4.8–5.8 oz,Herd Share Members,0.4,10.23,12.12,13.09,0.7907,FALSE,Review local/Local Line price difference before publishing,2026-10-01 10:41:27 UTC
1015821,Hestia Feta Cheese (4.8–5.8 oz),"Creamy Cow, LLC",800429,4.8–5.8 oz,SNAP,0.4,10.23,12.12,12.12,0.658,TRUE,HOLD: preserve existing SNAP price,2026-10-01 10:41:27 UTC
1015823,Hestia Feta Cheese (5.9–6.9 oz),"Creamy Cow, LLC",800431,5.9–6.9 oz,Herd Share Members,0.4,11.37,13.46,14.54,0.7906,FALSE,Review local/Local Line price difference before publishing,2026-10-01 10:41:27 UTC
1015823,Hestia Feta Cheese (5.9–6.9 oz),"Creamy Cow, LLC",800431,5.9–6.9 oz,SNAP,0.4,11.37,13.46,13.46,0.6576,TRUE,HOLD: preserve existing SNAP price,2026-10-01 10:41:27 UTC
1016432,#2 Juicing Carrots,Full Farm CSA,801261,pound,SNAP,0.4,1.4,1.4,1.4,0.4,TRUE,HOLD: preserve existing SNAP price,2026-10-01 10:41:27 UTC
1017030,Cornito Peppers,Grazier's Garden,802189,pound,Guest Basket,0.4,5.25,5.25,5.67,0.512,FALSE,Review before publishing,2026-10-01 10:41:27 UTC
1017030,Cornito Peppers,Grazier's Garden,802189,pound,SNAP,0.4,5.25,5.25,5.25,0.4,TRUE,HOLD: preserve existing SNAP price,2026-10-01 10:41:27 UTC
1017922,Leeks,Organically Grown Company,803319,1 ct.,Guest Basket,0.4,2.8,2.8,3.02,0.51,FALSE,Review before publishing,2026-10-01 10:41:27 UTC
1017922,Leeks,Organically Grown Company,803319,1 ct.,CSA Members,0.4,2.8,2.8,3.02,0.51,FALSE,Review before publishing,2026-10-01 10:41:27 UTC
1017922,Leeks,Organically Grown Company,803319,1 ct.,Herd Share Members,0.4,2.8,2.8,3.02,0.51,FALSE,Review before publishing,2026-10-01 10:41:27 UTC
1017922,Leeks,Organically Grown Company,803319,1 ct.,SNAP,0.4,2.8,2.8,2.8,0.4,TRUE,HOLD: preserve existing SNAP price,2026-10-01 10:41:27 UTC
1017975,Bulk Carrots,Grazier's Garden,803425,pound,SNAP,0.4,3.08,3.08,3.08,0.4,TRUE,HOLD: preserve existing SNAP price,2026-10-01 10:41:27 UTC
1017978,Handcrafted Birch Holder,RL Plants & Home Goods,803428,ea,Guest Basket,0.4,21,21,22.68,0.512,FALSE,Review before publishing,2026-10-01 10:41:27 UTC
1017978,Handcrafted Birch Holder,RL Plants & Home Goods,803428,ea,CSA Members,0.4,21,21,22.68,0.512,FALSE,Review before publishing,2026-10-01 10:41:27 UTC
1018192,Yellow Onion,Small is Beautiful Farm,803748,1lb,CSA Members,0.4,2.1,2.1,2.27,0.5133,FALSE,Review before publishing,2026-10-01 10:41:27 UTC
1018192,Yellow Onion,Small is Beautiful Farm,803748,1lb,SNAP,0.4,2.1,2.1,2.1,0.4,TRUE,HOLD: preserve existing SNAP price,2026-10-01 10:41:27 UTC
1018199,Purple Top Turnip,Full Farm CSA,803763,lb,SNAP,0.4,2.52,2.52,2.52,0.4,TRUE,HOLD: preserve existing SNAP price,2026-10-01 10:41:27 UTC
1018199,Purple Top Turnip,Full Farm CSA,803763,lb,Guest Basket,0.4,2.52,2.52,2.72,0.5111,FALSE,Review before publishing,2026-10-01 10:41:27 UTC
1018696,Blue Kuri Kabocha Squash,Grazier's Garden,804395,ea,Herd Share Members,0.4,5.6,5.6,6.05,0.5125,FALSE,Review before publishing,2026-10-01 10:41:27 UTC
1018696,Blue Kuri Kabocha Squash,Grazier's Garden,804395,ea,SNAP,0.4,5.6,5.6,5.6,0.4,TRUE,HOLD: preserve existing SNAP price,2026-10-01 10:41:27 UTC
1018696,Blue Kuri Kabocha Squash,Grazier's Garden,804395,ea,Guest Basket,0.4,5.6,5.6,6.05,0.5125,FALSE,Review before publishing,2026-10-01 10:41:27 UTC
1018696,Blue Kuri Kabocha Squash,Grazier's Garden,804395,ea,CSA Members,0.4,5.6,5.6,6.05,0.5125,FALSE,Review before publishing,2026-10-01 10:41:27 UTC
1018719,Radiant Roasters Chiapas Mexico Light Roast Coffee Beans,Radiant Coffee Roasters,804433,12 oz bag,Guest Basket,0.4,16.8,16.8,18.14,0.5117,FALSE,Review before publishing,2026-10-01 10:41:27 UTC
1018719,Radiant Roasters Chiapas Mexico Light Roast Coffee Beans,Radiant Coffee Roasters,804433,12 oz bag,SNAP,0.4,16.8,16.8,16.8,0.4,TRUE,HOLD: preserve existing SNAP price,2026-10-01 10:41:27 UTC
1018720,Radiant Roasters Chiapas Mexico Light Roast Ground Coffee,Radiant Coffee Roasters,804434,12 oz bag,SNAP,0.4,16.8,16.8,16.8,0.4,TRUE,HOLD: preserve existing SNAP price,2026-10-01 10:41:27 UTC
1019999,Classic Turkey Broth,Deck Family Farm's Hyland Artisinal Meats,806160,1 quart,CSA Members,0.6574,13.01,13.01,14.05,0.7898,FALSE,Review before publishing,2026-10-01 10:41:27 UTC
1019999,Classic Turkey Broth,Deck Family Farm's Hyland Artisinal Meats,806160,1 quart,SNAP,0.6574,13.01,13.01,13.01,0.6573,TRUE,HOLD: preserve existing SNAP price,2026-10-01 10:41:27 UTC
1021692,Rainbow Chard,Camas Swale Farm,808786,each,SNAP,0.4,3.5,3.5,3.5,0.4,TRUE,HOLD: preserve existing SNAP price,2026-10-01 10:41:27 UTC
1022551,Travel Size Healing Stick,Granny Smith All Natural,810070,0.35 oz ea,Guest Basket,0.4,6.86,6.86,7.41,0.5122,FALSE,Review before publishing,2026-10-01 10:41:27 UTC
1022551,Travel Size Healing Stick,Granny Smith All Natural,810070,0.35 oz ea,SNAP,0.4,6.86,6.86,6.86,0.4,TRUE,HOLD: preserve existing SNAP price,2026-10-01 10:41:27 UTC
1023367,"Shredded Alpine Cheese Blend, 6oz","Creamy Cow, LLC",811274,6 oz bag,SNAP,0.4,15.11,17.26,17.26,0.5996,TRUE,HOLD: preserve existing SNAP price,2026-10-01 10:41:27 UTC
1026134,Lavender Goodness Soap Bar,Granny Smith All Natural,815779,4.5 oz ea,SNAP,0.4,8.33,8.33,8.33,0.4,TRUE,HOLD: preserve existing SNAP price,2026-10-01 10:41:27 UTC
1026135,Old King Charcoal Soap Bar- Cedarwood and Fir,Granny Smith All Natural,815780,4.5 oz ea,SNAP,0.4,8.33,8.33,8.33,0.4,TRUE,HOLD: preserve existing SNAP price,2026-10-01 10:41:27 UTC
1026136,Gardener's Scrub Soap Bar- Lemongrass and Rosemary,Granny Smith All Natural,815781,4.5 oz ea,SNAP,0.4,8.33,8.33,8.33,0.4,TRUE,HOLD: preserve existing SNAP price,2026-10-01 10:41:27 UTC
1026137,Shampoo Bar-  Lemongrass,Granny Smith All Natural,815782,4.5 oz ea,Guest Basket,0.4,8.33,8.33,9,0.5126,FALSE,Review before publishing,2026-10-01 10:41:27 UTC
1026137,Shampoo Bar-  Lemongrass,Granny Smith All Natural,815782,4.5 oz ea,SNAP,0.4,8.33,8.33,8.33,0.4,TRUE,HOLD: preserve existing SNAP price,2026-10-01 10:41:27 UTC
1026139,Shampoo Bar-  Honeysuckle,Granny Smith All Natural,815785,4.5 oz ea,SNAP,0.4,8.33,8.33,8.33,0.4,TRUE,HOLD: preserve existing SNAP price,2026-10-01 10:41:27 UTC
1026140,"""It Really Woks!"" Deodorant- Cedarwood and Fir",Granny Smith All Natural,815788,2.5 oz ea,Guest Basket,0.4,14.7,14.7,15.88,0.5124,FALSE,Review before publishing,2026-10-01 10:41:27 UTC
1026140,"""It Really Woks!"" Deodorant- Cedarwood and Fir",Granny Smith All Natural,815788,2.5 oz ea,CSA Members,0.4,14.7,15,16.2,0.5429,FALSE,Review local/Local Line price difference before publishing,2026-10-01 10:41:27 UTC
1026140,"""It Really Woks!"" Deodorant- Cedarwood and Fir",Granny Smith All Natural,815788,2.5 oz ea,SNAP,0.4,14.7,14.7,14.7,0.4,TRUE,HOLD: preserve existing SNAP price,2026-10-01 10:41:27 UTC
1026141,"""It Really Woks!"" Deodorant- Lavender",Granny Smith All Natural,815789,2.5 oz ea,SNAP,0.4,14.7,14.7,14.7,0.4,TRUE,HOLD: preserve existing SNAP price,2026-10-01 10:41:27 UTC
1026141,"""It Really Woks!"" Deodorant- Lavender",Granny Smith All Natural,815789,2.5 oz ea,CSA Members,0.4,14.7,15,16.2,0.5429,FALSE,Review local/Local Line price difference before publishing,2026-10-01 10:41:27 UTC
1026142,"""It Really Woks!"" Deodorant- Grapefruit",Granny Smith All Natural,815790,2.5 oz ea,SNAP,0.4,14.7,14.7,14.7,0.4,TRUE,HOLD: preserve existing SNAP price,2026-10-01 10:41:27 UTC
1026142,"""It Really Woks!"" Deodorant- Grapefruit",Granny Smith All Natural,815790,2.5 oz ea,Guest Basket,0.4,14.7,14.7,15.88,0.5124,FALSE,Review before publishing,2026-10-01 10:41:27 UTC
1026272,Handmade Cedar Catch-All Tray – Rustic Ring Dish & Coin Holder,RL Plants & Home Goods,816045,ea,Guest Basket,0.4,14,14,15.12,0.512,FALSE,Review before publishing,2026-10-01 10:41:27 UTC
1028364,Soft-neck Garlic ( CA ),Organically Grown Company,818332,1/2 lb,SNAP,0.4,3.72,3.72,3.72,0.3985,TRUE,HOLD: preserve existing SNAP price,2026-10-01 10:41:27 UTC
1032334,1/4 Beef Side October Deposit,Deck Family Farm,827253,ea,Guest Basket,0,200,200,200,0,TRUE,"HOLD: deposit, preserve no-markup policy",2026-10-01 10:41:27 UTC
1032334,1/4 Beef Side October Deposit,Deck Family Farm,827253,ea,SNAP,0,200,200,200,0,TRUE,"HOLD: deposit, preserve no-markup policy",2026-10-01 10:41:27 UTC
1032334,1/4 Beef Side October Deposit,Deck Family Farm,827253,ea,CSA Members,0,200,200,200,0,TRUE,"HOLD: deposit, preserve no-markup policy",2026-10-01 10:41:27 UTC
1032334,1/4 Beef Side October Deposit,Deck Family Farm,827253,ea,Herd Share Members,0,200,200,200,0,TRUE,"HOLD: deposit, preserve no-markup policy",2026-10-01 10:41:27 UTC
1033698,Deck Family Farm & Full Farm CSA Hoodie,Full Farm CSA,829898,Xtra Large,Herd Share Members,0.4,49,45.5,49.14,0.404,FALSE,Review local/Local Line price difference before publishing,2026-10-01 10:41:27 UTC
1033698,Deck Family Farm & Full Farm CSA Hoodie,Full Farm CSA,829898,Xtra Large,Guest Basket,0.4,49,49,52.92,0.512,FALSE,Review before publishing,2026-10-01 10:41:27 UTC
1033698,Deck Family Farm & Full Farm CSA Hoodie,Full Farm CSA,829898,Xtra Large,CSA Members,0.4,49,45.5,49.14,0.404,FALSE,Review local/Local Line price difference before publishing,2026-10-01 10:41:27 UTC
1033698,Deck Family Farm & Full Farm CSA Hoodie,Full Farm CSA,829899,Large,CSA Members,0.4,49,45.5,49.14,0.404,FALSE,Review local/Local Line price difference before publishing,2026-10-01 10:41:27 UTC
1033698,Deck Family Farm & Full Farm CSA Hoodie,Full Farm CSA,829899,Large,Guest Basket,0.4,49,49,52.92,0.512,FALSE,Review before publishing,2026-10-01 10:41:27 UTC
1033698,Deck Family Farm & Full Farm CSA Hoodie,Full Farm CSA,829899,Large,Herd Share Members,0.4,49,45.5,49.14,0.404,FALSE,Review local/Local Line price difference before publishing,2026-10-01 10:41:27 UTC
1033698,Deck Family Farm & Full Farm CSA Hoodie,Full Farm CSA,829900,Medium,CSA Members,0.4,49,30,32.4,-0.0743,FALSE,Review local/Local Line price difference before publishing,2026-10-01 10:41:27 UTC
1033698,Deck Family Farm & Full Farm CSA Hoodie,Full Farm CSA,829900,Medium,Guest Basket,0.4,49,49,52.92,0.512,FALSE,Review before publishing,2026-10-01 10:41:27 UTC
1033698,Deck Family Farm & Full Farm CSA Hoodie,Full Farm CSA,829900,Medium,Herd Share Members,0.4,49,45.5,49.14,0.404,FALSE,Review local/Local Line price difference before publishing,2026-10-01 10:41:27 UTC
1033698,Deck Family Farm & Full Farm CSA Hoodie,Full Farm CSA,829901,Small,CSA Members,0.4,49,45.5,49.14,0.404,FALSE,Review local/Local Line price difference before publishing,2026-10-01 10:41:27 UTC
1033698,Deck Family Farm & Full Farm CSA Hoodie,Full Farm CSA,829901,Small,Guest Basket,0.4,49,49,52.92,0.512,FALSE,Review before publishing,2026-10-01 10:41:27 UTC
1033699,Deck Family Farm & Full Farm CSA T-Shirt,Full Farm CSA,829902,Xtra Small,CSA Members,0.4,23.8,23.8,25.7,0.5118,FALSE,Review before publishing,2026-10-01 10:41:27 UTC
1033699,Deck Family Farm & Full Farm CSA T-Shirt,Full Farm CSA,829902,Xtra Small,Guest Basket,0.4,23.8,23.8,25.7,0.5118,FALSE,Review before publishing,2026-10-01 10:41:27 UTC
1033699,Deck Family Farm & Full Farm CSA T-Shirt,Full Farm CSA,829902,Xtra Small,Herd Share Members,0.4,23.8,23.8,25.7,0.5118,FALSE,Review before publishing,2026-10-01 10:41:27 UTC
1033699,Deck Family Farm & Full Farm CSA T-Shirt,Full Farm CSA,829903,Medium,CSA Members,0.4,23.8,23.8,25.7,0.5118,FALSE,Review before publishing,2026-10-01 10:41:27 UTC
1033699,Deck Family Farm & Full Farm CSA T-Shirt,Full Farm CSA,829903,Medium,Guest Basket,0.4,23.8,23.8,25.7,0.5118,FALSE,Review before publishing,2026-10-01 10:41:27 UTC
1033699,Deck Family Farm & Full Farm CSA T-Shirt,Full Farm CSA,829904,Large,CSA Members,0.4,23.8,23.8,25.7,0.5118,FALSE,Review before publishing,2026-10-01 10:41:27 UTC
1033699,Deck Family Farm & Full Farm CSA T-Shirt,Full Farm CSA,829904,Large,Guest Basket,0.4,23.8,23.8,25.7,0.5118,FALSE,Review before publishing,2026-10-01 10:41:27 UTC
1033699,Deck Family Farm & Full Farm CSA T-Shirt,Full Farm CSA,829904,Large,Herd Share Members,0.4,23.8,23.8,25.7,0.5118,FALSE,Review before publishing,2026-10-01 10:41:27 UTC
1036758,"Ophelia Asiago Cheese  - Special 12 month Aged, 5.9-6.9 oz","Creamy Cow, LLC",834422,5.9 -6.9oz,SNAP,0.4,16.77,16.77,16.77,0.3998,TRUE,HOLD: preserve existing SNAP price,2026-10-01 10:41:27 UTC
1036759,"Ophelia Asiago Cheese  - Special 12 month Aged, 7-8 oz","Creamy Cow, LLC",834423,7-8 oz,SNAP,0.4,18.17,18.17,18.17,0.3998,TRUE,HOLD: preserve existing SNAP price,2026-10-01 10:41:27 UTC
1038287,Red Beets,Organically Grown Company,836559,1 lb,SNAP,0.4,1.9,1.9,1.9,0.3971,TRUE,HOLD: preserve existing SNAP price,2026-10-01 10:41:27 UTC
1038295,Sugar Plum Kombucha,BNF Kombucha and Jun,836567,ea,SNAP,0.4,4.68,4.68,4.68,0.4012,TRUE,HOLD: preserve existing SNAP price,2026-10-01 10:41:27 UTC
1042497,1/2 Pork Side July Deposit (PickUp After July 20),Deck Family Farm,844442,ea,Guest Basket,0,200,200,200,0,TRUE,"HOLD: deposit, preserve no-markup policy",2026-10-01 10:41:27 UTC
1042497,1/2 Pork Side July Deposit (PickUp After July 20),Deck Family Farm,844442,ea,CSA Members,0,200,200,200,0,TRUE,"HOLD: deposit, preserve no-markup policy",2026-10-01 10:41:27 UTC
1042497,1/2 Pork Side July Deposit (PickUp After July 20),Deck Family Farm,844442,ea,SNAP,0,200,200,200,0,TRUE,"HOLD: deposit, preserve no-markup policy",2026-10-01 10:41:27 UTC
1042497,1/2 Pork Side July Deposit (PickUp After July 20),Deck Family Farm,844442,ea,Herd Share Members,0,200,200,200,0,TRUE,"HOLD: deposit, preserve no-markup policy",2026-10-01 10:41:27 UTC
1042571,Winter Beets,Small is Beautiful Farm,844557,2 lb bag,SNAP,0.4,5.6,5.6,5.6,0.4,TRUE,HOLD: preserve existing SNAP price,2026-10-01 10:41:27 UTC
1042571,Winter Beets,Small is Beautiful Farm,844557,2 lb bag,Guest Basket,0.4,5.6,5.6,6.05,0.5125,FALSE,Review before publishing,2026-10-01 10:41:27 UTC
1042575,Popping Corn,Small is Beautiful Farm,844561,1 lb bag,SNAP,0.4,8.4,8.4,8.4,0.4,TRUE,HOLD: preserve existing SNAP price,2026-10-01 10:41:27 UTC
1048411,Shallots,Organically Grown Company,851691,1 lb,SNAP,0.4,4.9,4.9,4.9,0.4,TRUE,HOLD: preserve existing SNAP price,2026-10-01 10:41:27 UTC
1048784,1/2 Pork October Deposit,Deck Family Farm,852413,ea,Guest Basket,0,200,200,200,0,TRUE,"HOLD: deposit, preserve no-markup policy",2026-10-01 10:41:27 UTC
1048784,1/2 Pork October Deposit,Deck Family Farm,852413,ea,Herd Share Members,0,200,200,200,0,TRUE,"HOLD: deposit, preserve no-markup policy",2026-10-01 10:41:27 UTC
1048784,1/2 Pork October Deposit,Deck Family Farm,852413,ea,CSA Members,0,200,200,200,0,TRUE,"HOLD: deposit, preserve no-markup policy",2026-10-01 10:41:27 UTC
1048784,1/2 Pork October Deposit,Deck Family Farm,852413,ea,SNAP,0,200,200,200,0,TRUE,"HOLD: deposit, preserve no-markup policy",2026-10-01 10:41:27 UTC
1048785,1/4 Beef Side July Deposit,Deck Family Farm,852414,ea,SNAP,0,200,200,200,0,TRUE,"HOLD: deposit, preserve no-markup policy",2026-10-01 10:41:27 UTC
1048785,1/4 Beef Side July Deposit,Deck Family Farm,852414,ea,Herd Share Members,0,200,200,200,0,TRUE,"HOLD: deposit, preserve no-markup policy",2026-10-01 10:41:27 UTC
1048785,1/4 Beef Side July Deposit,Deck Family Farm,852414,ea,CSA Members,0,200,200,200,0,TRUE,"HOLD: deposit, preserve no-markup policy",2026-10-01 10:41:27 UTC
1048785,1/4 Beef Side July Deposit,Deck Family Farm,852414,ea,Guest Basket,0,200,200,200,0,TRUE,"HOLD: deposit, preserve no-markup policy",2026-10-01 10:41:27 UTC
1048788,Whole Lamb October Deposit,Deck Family Farm,852421,ea,Guest Basket,0,200,200,200,0,TRUE,"HOLD: deposit, preserve no-markup policy",2026-10-01 10:41:27 UTC
1048788,Whole Lamb October Deposit,Deck Family Farm,852421,ea,CSA Members,0,200,200,200,0,TRUE,"HOLD: deposit, preserve no-markup policy",2026-10-01 10:41:27 UTC
1048788,Whole Lamb October Deposit,Deck Family Farm,852421,ea,SNAP,0,200,200,200,0,TRUE,"HOLD: deposit, preserve no-markup policy",2026-10-01 10:41:27 UTC
1048788,Whole Lamb October Deposit,Deck Family Farm,852421,ea,Herd Share Members,0,200,200,200,0,TRUE,"HOLD: deposit, preserve no-markup policy",2026-10-01 10:41:27 UTC
1049948,Mini Butternut Squash,Full Farm CSA,854210,each,SNAP,0.4,2.8,2.8,2.8,0.4,TRUE,HOLD: preserve existing SNAP price,2026-10-01 10:41:27 UTC
1056158,Cauliflower,Grazier's Garden,861540,ea,Guest Basket,0.4,7,7,7.56,0.512,FALSE,Review before publishing,2026-10-01 10:41:27 UTC
1056158,Cauliflower,Grazier's Garden,861540,ea,SNAP,0.4,7,7,7,0.4,TRUE,HOLD: preserve existing SNAP price,2026-10-01 10:41:27 UTC
1057489,Shampoo Bar-  Lavender,Granny Smith All Natural,863250,4.5 oz ea,Guest Basket,0.4,8.33,8.33,9,0.5126,FALSE,Review before publishing,2026-10-01 10:41:27 UTC
1057489,Shampoo Bar-  Lavender,Granny Smith All Natural,863250,4.5 oz ea,SNAP,0.4,8.33,8.33,8.33,0.4,TRUE,HOLD: preserve existing SNAP price,2026-10-01 10:41:27 UTC
1057489,Shampoo Bar-  Lavender,Granny Smith All Natural,863250,4.5 oz ea,CSA Members,0.4,8.33,8,8.64,0.4521,FALSE,Review local/Local Line price difference before publishing,2026-10-01 10:41:27 UTC
1058709,Fuji Apple (WA),Organically Grown Company,864990,ea,SNAP,0.4,1.26,1.35,1.35,0.5,TRUE,HOLD: preserve existing SNAP price,2026-10-01 10:41:27 UTC
1058758,Red Mustard Mizuna,Organically Grown Company,865050,ea,SNAP,0.4,3.22,3.22,3.22,0.4,TRUE,HOLD: preserve existing SNAP price,2026-10-01 10:41:27 UTC
1058759,Watercress,Organically Grown Company,865051,bu,SNAP,0.4,3.6,3.6,3.6,0.4008,TRUE,HOLD: preserve existing SNAP price,2026-10-01 10:41:27 UTC
1058760,Pea Shoot Microgreens,Organically Grown Company,865052,2.5 oz ea,Guest Basket,0.4,7.63,7.63,8.24,0.5119,FALSE,Review before publishing,2026-10-01 10:41:27 UTC
1058760,Pea Shoot Microgreens,Organically Grown Company,865052,2.5 oz ea,SNAP,0.4,7.63,7.63,7.63,0.4,TRUE,HOLD: preserve existing SNAP price,2026-10-01 10:41:27 UTC
1058761,Calcot Onion Bunch,Organically Grown Company,865053,bu,SNAP,0.4,4.24,4.24,4.24,0.3993,TRUE,HOLD: preserve existing SNAP price,2026-10-01 10:41:27 UTC
1061158,Chipotle Enchilada Sauce,Sweet Creek,868144,16 oz ea,Guest Basket,0.4,7.64,7.64,8.25,0.511,FALSE,Review before publishing,2026-10-01 10:41:27 UTC
1061158,Chipotle Enchilada Sauce,Sweet Creek,868144,16 oz ea,CSA Members,0.4,7.64,7.64,8.25,0.511,FALSE,Review before publishing,2026-10-01 10:41:27 UTC
1061158,Chipotle Enchilada Sauce,Sweet Creek,868144,16 oz ea,SNAP,0.4,7.64,7.64,7.64,0.3993,TRUE,HOLD: preserve existing SNAP price,2026-10-01 10:41:27 UTC
1061159,Hot Red Enchilada Sauce,Sweet Creek,868145,16 oz ea,Guest Basket,0.4,7.66,7.66,8.27,0.5119,FALSE,Review before publishing,2026-10-01 10:41:27 UTC
1061159,Hot Red Enchilada Sauce,Sweet Creek,868145,16 oz ea,CSA Members,0.4,7.66,7.66,8.27,0.5119,FALSE,Review before publishing,2026-10-01 10:41:27 UTC
1061159,Hot Red Enchilada Sauce,Sweet Creek,868145,16 oz ea,SNAP,0.4,7.66,7.66,7.66,0.4004,TRUE,HOLD: preserve existing SNAP price,2026-10-01 10:41:27 UTC
1061161,Classic Pork Broth,Deck Family Farm's Hyland Artisinal Meats,868147,1 quart,SNAP,0.6574,13.01,13.01,13.01,0.6573,TRUE,HOLD: preserve existing SNAP price,2026-10-01 10:41:27 UTC
1061161,Classic Pork Broth,Deck Family Farm's Hyland Artisinal Meats,868147,1 quart,CSA Members,0.6574,13.01,13.01,14.05,0.7898,FALSE,Review before publishing,2026-10-01 10:41:27 UTC
1071880,Winter Carrots,Full Farm CSA,880836,2# bag,CSA Members,0.4,5.6,5.6,6.05,0.5125,FALSE,Review before publishing,2026-06-08 10:42:18 UTC
1071880,Winter Carrots,Full Farm CSA,880836,2# bag,SNAP,0.4,5.6,5.6,5.6,0.4,TRUE,HOLD: preserve existing SNAP price,2026-06-08 10:42:18 UTC
1071880,Winter Carrots,Full Farm CSA,880836,2# bag,Guest Basket,0.4,5.6,5.6,6.05,0.5125,FALSE,Review before publishing,2026-06-08 10:42:18 UTC
1072323,Dried Heirloom Tomatoes,Small is Beautiful Farm,881484,2 oz bag,CSA Members,0.4,9.1,9.1,9.83,0.5123,FALSE,Review before publishing,2026-10-01 10:41:27 UTC
1072323,Dried Heirloom Tomatoes,Small is Beautiful Farm,881484,2 oz bag,SNAP,0.4,9.1,9.1,9.1,0.4,TRUE,HOLD: preserve existing SNAP price,2026-10-01 10:41:27 UTC
1082291,Winter Salad Mix,Small is Beautiful Farm,894785,1/2 lb,CSA Members,0.4,5.6,5.6,6.05,0.5125,FALSE,Review before publishing,2026-10-01 10:41:27 UTC
1082291,Winter Salad Mix,Small is Beautiful Farm,894785,1/2 lb,SNAP,0.4,5.6,5.6,5.6,0.4,TRUE,HOLD: preserve existing SNAP price,2026-10-01 10:41:27 UTC
1090811,Handcrafted 4x4 Rustic Wood Tea Candle Holder,RL Plants & Home Goods,904107,ea,Guest Basket,0.4,14,14,15.12,0.512,FALSE,Review before publishing,2026-10-01 10:41:27 UTC
1090811,Handcrafted 4x4 Rustic Wood Tea Candle Holder,RL Plants & Home Goods,904107,ea,CSA Members,0.4,14,14,15.12,0.512,FALSE,Review before publishing,2026-10-01 10:41:27 UTC
1090811,Handcrafted 4x4 Rustic Wood Tea Candle Holder,RL Plants & Home Goods,904107,ea,SNAP,0.4,14,14,14,0.4,TRUE,HOLD: preserve existing SNAP price,2026-10-01 10:41:27 UTC
1090814,Handcrafted 4x4 Rustic Wood Double Tea Candle Holder,RL Plants & Home Goods,904110,ea,Guest Basket,0.4,14,14,15.12,0.512,FALSE,Review before publishing,2026-10-01 10:41:27 UTC
1090814,Handcrafted 4x4 Rustic Wood Double Tea Candle Holder,RL Plants & Home Goods,904110,ea,CSA Members,0.4,14,14,15.12,0.512,FALSE,Review before publishing,2026-10-01 10:41:27 UTC
1091600,Kale Raab,Grazier's Garden,905262,bu,Guest Basket,0.4,4.9,4.9,5.29,0.5114,FALSE,Review before publishing,2026-10-01 10:41:27 UTC
1091600,Kale Raab,Grazier's Garden,905262,bu,CSA Members,0.4,4.9,4.9,5.29,0.5114,FALSE,Review before publishing,2026-10-01 10:41:27 UTC
1091600,Kale Raab,Grazier's Garden,905262,bu,SNAP,0.4,4.9,4.9,4.9,0.4,TRUE,HOLD: preserve existing SNAP price,2026-10-01 10:41:27 UTC
1091602,Lacinato Kale,Grazier's Garden,905264,bu,Guest Basket,0.4,4.2,4.2,4.54,0.5133,FALSE,Review before publishing,2026-10-01 10:41:27 UTC
1091602,Lacinato Kale,Grazier's Garden,905264,bu,CSA Members,0.4,4.2,4.2,4.54,0.5133,FALSE,Review before publishing,2026-10-01 10:41:27 UTC
1091602,Lacinato Kale,Grazier's Garden,905264,bu,SNAP,0.4,4.2,4.2,4.2,0.4,TRUE,HOLD: preserve existing SNAP price,2026-10-01 10:41:27 UTC
1091676,Red Radish,Red Tail Growers,905380,each,SNAP,0.4,2.8,2.8,2.8,0.4,TRUE,HOLD: preserve existing SNAP price,2026-10-01 10:41:27 UTC
1091676,Red Radish,Red Tail Growers,905380,each,CSA Members,0.4,2.8,2.8,3.02,0.51,FALSE,Review before publishing,2026-10-01 10:41:27 UTC
1094107,Virtuous Lemon Soap Bar,Granny Smith All Natural,908489,4.5 oz ea,CSA Members,0.4,8.33,8,8.64,0.4521,FALSE,Review local/Local Line price difference before publishing,2026-10-01 10:41:27 UTC
1094879,"""Sanitize Naturally"" Hand Sanitizer Spray w/ Lemongrass, Orange & Peppermint Essential Oils",Granny Smith All Natural,909473,1 oz ea,SNAP,0.4,6.86,6.86,6.86,0.4,TRUE,HOLD: preserve existing SNAP price,2026-10-01 10:41:27 UTC
1094879,"""Sanitize Naturally"" Hand Sanitizer Spray w/ Lemongrass, Orange & Peppermint Essential Oils",Granny Smith All Natural,909473,1 oz ea,CSA Members,0.4,6.86,6.86,7.41,0.5122,FALSE,Review before publishing,2026-10-01 10:41:27 UTC
1102434,"Henni Penni Hispanico Special 18 month Reserve, 4.8-5.8 oz","Creamy Cow, LLC",919410,4.8-5.8 oz,Herd Share Members,0.4,13.97,15.97,17.25,0.7285,FALSE,Review local/Local Line price difference before publishing,2026-10-01 10:41:27 UTC
1102434,"Henni Penni Hispanico Special 18 month Reserve, 4.8-5.8 oz","Creamy Cow, LLC",919410,4.8-5.8 oz,SNAP,0.4,13.97,15.97,15.97,0.6002,TRUE,HOLD: preserve existing SNAP price,2026-10-01 10:41:27 UTC
1102435,"Henni Penni Hispanico Special 18 month Reserve, 5.9-6.9 oz","Creamy Cow, LLC",919411,5.9-6.9 oz,SNAP,0.4,16.77,19.17,19.17,0.6002,TRUE,HOLD: preserve existing SNAP price,2026-10-01 10:41:27 UTC
1102435,"Henni Penni Hispanico Special 18 month Reserve, 5.9-6.9 oz","Creamy Cow, LLC",919411,5.9-6.9 oz,Herd Share Members,0.4,16.77,19.17,20.7,0.7279,FALSE,Review local/Local Line price difference before publishing,2026-10-01 10:41:27 UTC
1102436,"Henni Penni Hispanico Special 18 month Reserve, 7-8 oz","Creamy Cow, LLC",919412,7-8 oz,SNAP,0.4,18.17,20.77,20.77,0.6002,TRUE,HOLD: preserve existing SNAP price,2026-10-01 10:41:27 UTC
1102436,"Henni Penni Hispanico Special 18 month Reserve, 7-8 oz","Creamy Cow, LLC",919412,7-8 oz,Herd Share Members,0.4,18.17,20.77,22.43,0.728,FALSE,Review local/Local Line price difference before publishing,2026-10-01 10:41:27 UTC
1102437,"Ophelia Asiago Cheese, 4 Month Aged, 4.8-5.8 oz","Creamy Cow, LLC",919416,4.8-5.8 oz,SNAP,0.4,12.57,12.57,12.57,0.3998,TRUE,HOLD: preserve existing SNAP price,2026-10-01 10:41:27 UTC
1102437,"Ophelia Asiago Cheese, 4 Month Aged, 4.8-5.8 oz","Creamy Cow, LLC",919416,4.8-5.8 oz,Herd Share Members,0.4,12.57,12.57,13.58,0.5122,FALSE,Review before publishing,2026-10-01 10:41:27 UTC
1102438,"Ophelia Asiago Cheese, 4 Month Aged, 5.9-6.9 oz","Creamy Cow, LLC",919417,5.9 -6.9oz,Herd Share Members,0.4,15.74,15.74,17,0.5125,FALSE,Review before publishing,2026-10-01 10:41:27 UTC
1102438,"Ophelia Asiago Cheese, 4 Month Aged, 5.9-6.9 oz","Creamy Cow, LLC",919417,5.9 -6.9oz,SNAP,0.4,15.74,15.74,15.74,0.4004,TRUE,HOLD: preserve existing SNAP price,2026-10-01 10:41:27 UTC
1102439,"Ophelia Asiago Cheese, 4 Month Aged, 7-8 oz","Creamy Cow, LLC",919418,7-8 oz,Herd Share Members,0.4,16.58,16.58,17.91,0.5127,FALSE,Review before publishing,2026-10-01 10:41:27 UTC
1102439,"Ophelia Asiago Cheese, 4 Month Aged, 7-8 oz","Creamy Cow, LLC",919418,7-8 oz,SNAP,0.4,16.58,16.58,16.58,0.4003,TRUE,HOLD: preserve existing SNAP price,2026-10-01 10:41:27 UTC
1106676,Leeks,Winter Green Farm,924713,1 lb,CSA Members,0.4,2.8,2.8,3.02,0.51,FALSE,Review before publishing,2026-10-01 10:41:27 UTC
1106676,Leeks,Winter Green Farm,924713,1 lb,SNAP,0.4,2.8,2.8,2.8,0.4,TRUE,HOLD: preserve existing SNAP price,2026-10-01 10:41:27 UTC
1106688,Chunks of Sweetmeat Squash,Small is Beautiful Farm,924741,bag,CSA Members,0.4,5.6,5.6,6.05,0.5125,FALSE,Review before publishing,2026-10-01 10:41:27 UTC
1106688,Chunks of Sweetmeat Squash,Small is Beautiful Farm,924741,bag,SNAP,0.4,5.6,5.6,5.6,0.4,TRUE,HOLD: preserve existing SNAP price,2026-10-01 10:41:27 UTC
1107077,Fresh Sage,Grazier's Garden,925321,bu,CSA Members,0.4,3.99,3.99,4.31,0.5123,FALSE,Review before publishing,2026-10-01 10:41:27 UTC
1107077,Fresh Sage,Grazier's Garden,925321,bu,SNAP,0.4,3.99,3.99,3.99,0.4,TRUE,HOLD: preserve existing SNAP price,2026-10-01 10:41:27 UTC
1107078,Tamari Pressed Beef Jerky - 12 oz,Deck Family Farm,925322,12 oz,Guest Basket,0.6574,30.5,25.76,27.82,0.512,FALSE,Review local/Local Line price difference before publishing,2026-04-30 16:16:59 UTC
1107078,Tamari Pressed Beef Jerky - 12 oz,Deck Family Farm,925322,12 oz,CSA Members,0.6574,30.5,25.76,27.82,0.512,FALSE,Review local/Local Line price difference before publishing,2026-04-30 16:16:59 UTC
1107078,Tamari Pressed Beef Jerky - 12 oz,Deck Family Farm,925322,12 oz,Herd Share Members,0.6574,30.5,25.76,27.82,0.512,FALSE,Review local/Local Line price difference before publishing,2026-04-30 16:16:59 UTC
1107078,Tamari Pressed Beef Jerky - 12 oz,Deck Family Farm,925322,12 oz,SNAP,0.6574,30.5,25.76,25.76,0.4,TRUE,HOLD: preserve existing SNAP price,2026-04-30 16:16:59 UTC
1108429,Spinach  1/2 Lb.,Little Wings,927190,each,SNAP,0.4,6.16,6.16,6.16,0.4,TRUE,HOLD: preserve existing SNAP price,2026-10-01 10:41:27 UTC
1108429,Spinach  1/2 Lb.,Little Wings,927190,each,CSA Members,0.4,6.16,6.16,6.65,0.5114,FALSE,Review before publishing,2026-10-01 10:41:27 UTC
1108430,Baby Bok Choi,Little Wings,927191,Bunch,SNAP,0.4,3.15,3.15,3.15,0.4,TRUE,HOLD: preserve existing SNAP price,2026-10-01 10:41:27 UTC
1108430,Baby Bok Choi,Little Wings,927191,Bunch,CSA Members,0.4,3.15,3.15,3.4,0.5111,FALSE,Review before publishing,2026-10-01 10:41:27 UTC
1108431,Cilantro,Camas Swale Farm,927192,bu,CSA Members,0.4,2.8,2.8,3.02,0.51,FALSE,Review before publishing,2026-10-01 10:41:27 UTC
1108431,Cilantro,Camas Swale Farm,927192,bu,SNAP,0.4,2.8,2.8,2.8,0.4,TRUE,HOLD: preserve existing SNAP price,2026-10-01 10:41:27 UTC
1108544,Purple Radish,Little Wings,927365,bu,CSA Members,0.4,3.15,3.15,3.4,0.5111,FALSE,Review before publishing,2026-10-01 10:41:27 UTC
1108544,Purple Radish,Little Wings,927365,bu,SNAP,0.4,3.15,3.15,3.15,0.4,TRUE,HOLD: preserve existing SNAP price,2026-10-01 10:41:27 UTC
1111541,Green Onion/Scallions,Winter Green Farm,931419,bu,CSA Members,0.4,2.59,2.59,2.8,0.5135,FALSE,Review before publishing,2026-10-01 10:41:27 UTC
1111541,Green Onion/Scallions,Winter Green Farm,931419,bu,SNAP,0.4,2.59,2.59,2.59,0.4,TRUE,HOLD: preserve existing SNAP price,2026-10-01 10:41:27 UTC
1117018,Fresh Strawberries,Organically Grown Company,943643,each,CSA Members,0.4,7.42,7.42,8.01,0.5113,FALSE,Review before publishing,2026-10-01T16:20:39.580Z
1117018,Fresh Strawberries,Organically Grown Company,943643,each,SNAP,0.4,7.42,7.42,7.42,0.4,TRUE,HOLD: preserve existing SNAP price,2026-10-01T16:20:39.580Z
1119870,"Handmade Wooden Industrial Style 4""x6"" Catch-all Tray",RL Plants & Home Goods,947706,ea,Guest Basket,0.4,14,14,15.12,0.512,FALSE,Review before publishing,2026-10-01 10:41:27 UTC
1121876,Bok choi raab-,Camas Swale Farm,950198,bu,SNAP,0.4,2.8,2.8,2.8,0.4,TRUE,HOLD: preserve existing SNAP price,2026-10-01 10:41:27 UTC
1122274,Garlic Scapes,Grazier's Garden,950702,bu,CSA Members,0.4,2.8,2.8,3.02,0.51,FALSE,Review before publishing,2026-10-01 10:41:27 UTC
1122274,Garlic Scapes,Grazier's Garden,950702,bu,SNAP,0.4,2.8,2.8,2.8,0.4,TRUE,HOLD: preserve existing SNAP price,2026-10-01 10:41:27 UTC
1122286,Baby Green Salad Mix (1/2 lb),Grazier's Garden,950716,bag,CSA Members,0.4,5.6,5.6,6.05,0.5125,FALSE,Review before publishing,2026-10-01 10:41:27 UTC
1122286,Baby Green Salad Mix (1/2 lb),Grazier's Garden,950716,bag,SNAP,0.4,5.6,5.6,5.6,0.4,TRUE,HOLD: preserve existing SNAP price,2026-10-01 10:41:27 UTC
1123569,Baby Kale (1/2lb),Grazier's Garden,952531,bag,CSA Members,0.4,5.6,5.6,6.05,0.5125,FALSE,Review before publishing,2026-10-01 10:41:27 UTC
1123569,Baby Kale (1/2lb),Grazier's Garden,952531,bag,SNAP,0.4,5.6,5.6,5.6,0.4,TRUE,HOLD: preserve existing SNAP price,2026-10-01 10:41:27 UTC
1125866,Orange Carrots,Camas Swale Farm,958135,1 bunch,CSA Members,0.4,3.5,3.5,3.78,0.512,FALSE,Review before publishing,2026-10-01 10:41:27 UTC
1125866,Orange Carrots,Camas Swale Farm,958135,1 bunch,SNAP,0.4,3.5,3.5,3.5,0.4,TRUE,HOLD: preserve existing SNAP price,2026-10-01 10:41:27 UTC
1127318,Travel Size Lotion Stick w/ Honeysuckle Essential Oil,Granny Smith All Natural,960320,0.35 oz ea,Guest Basket,0.4,5.88,5.88,6.35,0.5119,FALSE,Review before publishing,2026-10-01 10:41:27 UTC
1127319,Travel Size Lotion Stick w/ Lavender Essential Oil & Charcoal,Granny Smith All Natural,960321,0.5 oz ea,Guest Basket,0.4,8.33,8.33,9,0.5126,FALSE,Review before publishing,2026-10-01 10:41:27 UTC
1127321,Travel Size Lotion Stick w/ Lemongrass & Orange Essential Oils & Turmeric,Granny Smith All Natural,960323,0.35 oz ea,Guest Basket,0.4,5.88,5.88,6.35,0.5119,FALSE,Review before publishing,2026-10-01 10:41:27 UTC
1127322,Travel Size Lotion Stick w/ Grapefruit Essential Oil,Granny Smith All Natural,960324,0.5 oz ea,Guest Basket,0.4,8.33,8.33,9,0.5126,FALSE,Review before publishing,2026-10-01 10:41:27 UTC
1128173,Salad Turnips (Hakurei),Grazier's Garden,961508,bu,CSA Members,0.4,3.01,3.01,3.25,0.5116,FALSE,Review before publishing,2026-10-01 10:41:27 UTC
1128173,Salad Turnips (Hakurei),Grazier's Garden,961508,bu,SNAP,0.4,3.01,3.01,3.01,0.4,TRUE,HOLD: preserve existing SNAP price,2026-10-01 10:41:27 UTC
1128174,Spinach (1/2 lb),Grazier's Garden,961510,bag,CSA Members,0.4,6.02,6.02,6.5,0.5116,FALSE,Review before publishing,2026-10-01 10:41:27 UTC
1128174,Spinach (1/2 lb),Grazier's Garden,961510,bag,SNAP,0.4,6.02,6.02,6.02,0.4,TRUE,HOLD: preserve existing SNAP price,2026-10-01 10:41:27 UTC
1129571,Green Kohlrabi,Little Wings,963330,1 lb,SNAP,0.4,3.15,3.15,3.15,0.4,TRUE,HOLD: preserve existing SNAP price,2026-10-01 10:41:27 UTC
1129572,Purple Kohlrabi,Little Wings,963331,1 lb,CSA Members,0.4,3.15,3.15,3.4,0.5111,FALSE,Review before publishing,2026-10-01 10:41:27 UTC
1129572,Purple Kohlrabi,Little Wings,963331,1 lb,SNAP,0.4,3.15,3.15,3.15,0.4,TRUE,HOLD: preserve existing SNAP price,2026-10-01 10:41:27 UTC
1130087,Orange Carrots,Winter Green Farm,963998,1 bunch,CSA Members,0.4,3.22,3.22,3.48,0.513,FALSE,Review before publishing,2026-10-01 10:41:27 UTC
1130087,Orange Carrots,Winter Green Farm,963998,1 bunch,SNAP,0.4,3.22,3.22,3.22,0.4,TRUE,HOLD: preserve existing SNAP price,2026-10-01 10:41:27 UTC
1130495,VIRGO GLOW (Whipped Tallow - skin care) 9 oz glass jar,Sabrooxel's Alchemy,964562,9 oz. ea,Guest Basket,0.4,70,70,75.6,0.512,FALSE,Review before publishing,2026-10-01 10:41:27 UTC
1130495,VIRGO GLOW (Whipped Tallow - skin care) 9 oz glass jar,Sabrooxel's Alchemy,964562,9 oz. ea,SNAP,0.4,70,70,70,0.4,TRUE,HOLD: preserve existing SNAP price,2026-10-01 10:41:27 UTC
1131456,Pink Raspberries,Organically Grown Company,965788,1/2 pt,SNAP,0.4,6.44,6.44,6.44,0.4,TRUE,HOLD: preserve existing SNAP price,2026-10-01 10:41:27 UTC
1131458,Rainer Cherries (WA),Organically Grown Company,965791,1.5 lb. bag,CSA Members,0.4,17.99,17.99,19.43,0.5121,FALSE,Review before publishing,2026-10-01 10:41:27 UTC
1131458,Rainer Cherries (WA),Organically Grown Company,965791,1.5 lb. bag,Guest Basket,0.4,17.99,17.99,19.43,0.5121,FALSE,Review before publishing,2026-10-01 10:41:27 UTC
1131458,Rainer Cherries (WA),Organically Grown Company,965791,1.5 lb. bag,SNAP,0.4,17.99,17.99,17.99,0.4,TRUE,HOLD: preserve existing SNAP price,2026-10-01 10:41:27 UTC
1131919,Cone Cabbage,Camas Swale Farm,966334,ea,SNAP,0.4,3.5,3.5,3.5,0.4,TRUE,HOLD: preserve existing SNAP price,2026-10-01 10:41:27 UTC
1132419,Red Baltic Rose Potatoes,Winter Green Farm,967065,1 lb,SNAP,0.4,1.82,1.82,1.82,0.4,TRUE,HOLD: preserve existing SNAP price,2026-10-01 10:41:27 UTC
1132419,Red Baltic Rose Potatoes,Winter Green Farm,967065,1 lb,CSA Members,0.4,1.82,1.82,1.97,0.5154,FALSE,Review before publishing,2026-10-01 10:41:27 UTC
1133120,Baby Sweet Onion,Camas Swale Farm,968059,bunch,SNAP,0.4,3.5,3.5,3.5,0.4,TRUE,HOLD: preserve existing SNAP price,2026-10-01 10:41:27 UTC
1133719,Eggplant,Organically Grown Company,969098,each,CSA Members,0.4,4.19,4.19,4.53,0.5151,FALSE,Review before publishing,2026-10-01 10:41:27 UTC
1133719,Eggplant,Organically Grown Company,969098,each,SNAP,0.4,4.19,4.19,4.19,0.4013,TRUE,HOLD: preserve existing SNAP price,2026-10-01 10:41:27 UTC
1133722,"Kaiware, Green Microgreens",Organically Grown Company,969101,2 oz ea,SNAP,0.4,7.63,7.63,7.63,0.4,TRUE,HOLD: preserve existing SNAP price,2026-10-01 10:41:27 UTC
1133723,"Kaiware, Purple Microgreens",Organically Grown Company,969102,2 oz ea,SNAP,0.4,7.63,7.63,7.63,0.4,TRUE,HOLD: preserve existing SNAP price,2026-10-01 10:41:27 UTC
1133725,Anaheim Pepper,Organically Grown Company,969104,1 lb,SNAP,0.4,8.19,8.19,8.19,0.4,TRUE,HOLD: preserve existing SNAP price,2026-10-01 10:41:27 UTC
1139025,Spring Onion,,976774,Ea,CSA Members,0.4,1.89,1.89,1.89,0.4,TRUE,HOLD: missing local vendor,2026-10-01 10:41:27 UTC
1139025,Spring Onion,,976774,Ea,Guest Basket,0.55,2.09,1.89,1.89,0.4,TRUE,HOLD: missing local vendor,2026-10-01 10:41:27 UTC
1139025,Spring Onion,,976774,Ea,Herd Share Members,0.4,1.89,1.89,1.89,0.4,TRUE,HOLD: missing local vendor,2026-10-01 10:41:27 UTC
1139025,Spring Onion,,976774,Ea,SNAP,0.4,1.89,1.89,1.89,0.4,TRUE,HOLD: missing local vendor,2026-10-01 10:41:27 UTC
1139026,Marionberry,,976775,1/2 pt,Guest Basket,0.55,5.27,4.76,4.76,0.4,TRUE,HOLD: missing local vendor,2026-10-01 10:41:27 UTC
1139026,Marionberry,,976775,1/2 pt,Herd Share Members,0.4,4.76,4.76,4.76,0.4,TRUE,HOLD: missing local vendor,2026-10-01 10:41:27 UTC
1139026,Marionberry,,976775,1/2 pt,SNAP,0.4,4.76,4.76,4.76,0.4,TRUE,HOLD: missing local vendor,2026-10-01 10:41:27 UTC
1140511,Brazil Minas Gerais Dark Roast Coffee Beans,,978732,12 oz bag,Guest Basket,0.55,20.15,18.2,18.2,0.4,TRUE,HOLD: missing local vendor,2026-10-01 10:41:27 UTC
1140511,Brazil Minas Gerais Dark Roast Coffee Beans,,978732,12 oz bag,Herd Share Members,0.4,18.2,18.2,18.2,0.4,TRUE,HOLD: missing local vendor,2026-10-01 10:41:27 UTC
1140511,Brazil Minas Gerais Dark Roast Coffee Beans,,978732,12 oz bag,SNAP,0.4,18.2,18.2,18.2,0.4,TRUE,HOLD: missing local vendor,2026-10-01 10:41:27 UTC
1140512,Brazil Minas Gerais Dark Roast Ground Coffee,,978734,12 oz bag,Guest Basket,0.55,20.15,18.2,18.2,0.4,TRUE,HOLD: missing local vendor,2026-10-01 10:41:27 UTC
1140512,Brazil Minas Gerais Dark Roast Ground Coffee,,978734,12 oz bag,Herd Share Members,0.4,18.2,18.2,18.2,0.4,TRUE,HOLD: missing local vendor,2026-10-01 10:41:27 UTC
1140512,Brazil Minas Gerais Dark Roast Ground Coffee,,978734,12 oz bag,SNAP,0.4,18.2,18.2,18.2,0.4,TRUE,HOLD: missing local vendor,2026-10-01 10:41:27 UTC
1140514,Guatemala Xuj Kape Light Roast Coffee Beans,,978736,12 oz bag,Guest Basket,0.55,18.6,16.8,16.8,0.4,TRUE,HOLD: missing local vendor,2026-10-01 10:41:27 UTC
1140514,Guatemala Xuj Kape Light Roast Coffee Beans,,978736,12 oz bag,Herd Share Members,0.4,16.8,16.8,16.8,0.4,TRUE,HOLD: missing local vendor,2026-10-01 10:41:27 UTC
1140514,Guatemala Xuj Kape Light Roast Coffee Beans,,978736,12 oz bag,SNAP,0.4,16.8,16.8,16.8,0.4,TRUE,HOLD: missing local vendor,2026-10-01 10:41:27 UTC
1140518,Stripped Zucchini,,978740,1 lb,CSA Members,0.4,3.5,3.5,3.5,0.4,TRUE,HOLD: missing local vendor,2026-10-01 10:41:27 UTC
1140518,Stripped Zucchini,,978740,1 lb,Guest Basket,0.55,3.88,3.5,3.5,0.4,TRUE,HOLD: missing local vendor,2026-10-01 10:41:27 UTC
1140518,Stripped Zucchini,,978740,1 lb,Herd Share Members,0.4,3.5,3.5,3.5,0.4,TRUE,HOLD: missing local vendor,2026-10-01 10:41:27 UTC
1140518,Stripped Zucchini,,978740,1 lb,SNAP,0.4,3.5,3.5,3.5,0.4,TRUE,HOLD: missing local vendor,2026-10-01 10:41:27 UTC
1141557,Medium Mixed Flower Bouquet,,980230,ea,Guest Basket,0.55,18.6,16.8,16.8,0.4,TRUE,HOLD: missing local vendor,2026-10-01 10:41:27 UTC
1141557,Medium Mixed Flower Bouquet,,980230,ea,Herd Share Members,0.4,16.8,16.8,16.8,0.4,TRUE,HOLD: missing local vendor,2026-10-01 10:41:27 UTC
1143177,Jeff's Rolled Oats,,982383,1.5 lb bag,Guest Basket,0.55,6.98,6.3,6.3,0.4,TRUE,HOLD: missing local vendor,2026-10-01 10:41:27 UTC
1143177,Jeff's Rolled Oats,,982383,1.5 lb bag,Herd Share Members,0.4,6.3,6.3,6.3,0.4,TRUE,HOLD: missing local vendor,2026-10-01 10:41:27 UTC
1143177,Jeff's Rolled Oats,,982383,1.5 lb bag,SNAP,0.4,6.3,6.3,6.3,0.4,TRUE,HOLD: missing local vendor,2026-10-01 10:41:27 UTC
1144340,Red Butterhead Lettuce,,983565,each,CSA Members,0.4,3.15,3.15,3.15,0.4,TRUE,HOLD: missing local vendor,2026-10-01 10:41:27 UTC
1144340,Red Butterhead Lettuce,,983565,each,Guest Basket,0.55,3.49,3.15,3.15,0.4,TRUE,HOLD: missing local vendor,2026-10-01 10:41:27 UTC
1144340,Red Butterhead Lettuce,,983565,each,Herd Share Members,0.4,3.15,3.15,3.15,0.4,TRUE,HOLD: missing local vendor,2026-10-01 10:41:27 UTC
1144340,Red Butterhead Lettuce,,983565,each,SNAP,0.4,3.15,3.15,3.15,0.4,TRUE,HOLD: missing local vendor,2026-10-01 10:41:27 UTC
1146326,Green Cabbage,,986082,each,Guest Basket,0.55,3.88,3.5,3.5,0.4,TRUE,HOLD: missing local vendor,2026-10-01 10:41:27 UTC
1146326,Green Cabbage,,986082,each,Herd Share Members,0.4,3.5,3.5,3.5,0.4,TRUE,HOLD: missing local vendor,2026-10-01 10:41:27 UTC
1146326,Green Cabbage,,986082,each,SNAP,0.4,3.5,3.5,3.5,0.4,TRUE,HOLD: missing local vendor,2026-10-01 10:41:27 UTC
1148268,Travel Size Lotion Stick w/ Honeysuckle Essential Oil,,988897,0.5 oz ea,Guest Basket,0.55,9.22,8.33,8.33,0.4,TRUE,HOLD: missing local vendor,2026-10-01 10:41:27 UTC
1148268,Travel Size Lotion Stick w/ Honeysuckle Essential Oil,,988897,0.5 oz ea,Herd Share Members,0.4,8.33,8.33,8.33,0.4,TRUE,HOLD: missing local vendor,2026-10-01 10:41:27 UTC
1148268,Travel Size Lotion Stick w/ Honeysuckle Essential Oil,,988897,0.5 oz ea,SNAP,0.4,8.33,8.33,8.33,0.4,TRUE,HOLD: missing local vendor,2026-10-01 10:41:27 UTC
1148269,Travel Size Lotion Stick w/ Lemongrass & Orange Essential Oils & Turmeric,,988898,0.5 oz ea,Guest Basket,0.55,9.22,8.33,8.33,0.4,TRUE,HOLD: missing local vendor,2026-10-01 10:41:27 UTC
1148269,Travel Size Lotion Stick w/ Lemongrass & Orange Essential Oils & Turmeric,,988898,0.5 oz ea,Herd Share Members,0.4,8.33,8.33,8.33,0.4,TRUE,HOLD: missing local vendor,2026-10-01 10:41:27 UTC
1148269,Travel Size Lotion Stick w/ Lemongrass & Orange Essential Oils & Turmeric,,988898,0.5 oz ea,SNAP,0.4,8.33,8.33,8.33,0.4,TRUE,HOLD: missing local vendor,2026-10-01 10:41:27 UTC
1148272,Travel Size Healing Stick,,988901,0.5 oz ea,CSA Members,0.4,8.33,7,7,0.1765,TRUE,HOLD: missing local vendor,2026-10-01 10:41:27 UTC
1148272,Travel Size Healing Stick,,988901,0.5 oz ea,Guest Basket,0.55,9.22,8.33,8.33,0.4,TRUE,HOLD: missing local vendor,2026-10-01 10:41:27 UTC
1148272,Travel Size Healing Stick,,988901,0.5 oz ea,Herd Share Members,0.4,8.33,8.33,8.33,0.4,TRUE,HOLD: missing local vendor,2026-10-01 10:41:27 UTC
1148272,Travel Size Healing Stick,,988901,0.5 oz ea,SNAP,0.4,8.33,8.33,8.33,0.4,TRUE,HOLD: missing local vendor,2026-10-01 10:41:27 UTC
1148845,Big Beef Slicer Tomato,,989644,1 lb,Herd Share Members,0.4,4.2,4.2,4.2,0.4,TRUE,HOLD: missing local vendor,2026-10-01 10:41:27 UTC
1148845,Big Beef Slicer Tomato,,989644,1 lb,SNAP,0.4,4.2,4.2,4.2,0.4,TRUE,HOLD: missing local vendor,2026-10-01 10:41:27 UTC
1148845,Big Beef Slicer Tomato,,989644,1 lb,Guest Basket,0.55,4.65,4.2,4.2,0.4,TRUE,HOLD: missing local vendor,2026-10-01 10:41:27 UTC
1149424,Polish White Garlic (Dried and Cured),,990469,1/2 lb,Guest Basket,0.55,6.2,5.6,5.6,0.4,TRUE,HOLD: missing local vendor,2026-10-01 10:41:27 UTC
1149424,Polish White Garlic (Dried and Cured),,990469,1/2 lb,SNAP,0.4,5.6,5.6,5.6,0.4,TRUE,HOLD: missing local vendor,2026-10-01 10:41:27 UTC
1149424,Polish White Garlic (Dried and Cured),,990469,1/2 lb,CSA Members,0.4,5.6,5.6,5.6,0.4,TRUE,HOLD: missing local vendor,2026-10-01 10:41:27 UTC
1149424,Polish White Garlic (Dried and Cured),,990469,1/2 lb,Herd Share Members,0.4,5.6,5.6,5.6,0.4,TRUE,HOLD: missing local vendor,2026-10-01 10:41:27 UTC
1149428,Chesnok Red Garlic (Dried and Cured),,990475,1/2 lb,Herd Share Members,0.4,5.6,5.6,5.6,0.4,TRUE,HOLD: missing local vendor,2026-10-01 10:41:27 UTC
1149428,Chesnok Red Garlic (Dried and Cured),,990475,1/2 lb,SNAP,0.4,5.6,5.6,5.6,0.4,TRUE,HOLD: missing local vendor,2026-10-01 10:41:27 UTC
1149428,Chesnok Red Garlic (Dried and Cured),,990475,1/2 lb,Guest Basket,0.55,6.2,5.6,5.6,0.4,TRUE,HOLD: missing local vendor,2026-10-01 10:41:27 UTC
1149432,Music Garlic (Dried and Cured),,990479,1/2 lb,SNAP,0.4,5.6,5.6,5.6,0.4,TRUE,HOLD: missing local vendor,2026-10-01 10:41:27 UTC
1149432,Music Garlic (Dried and Cured),,990479,1/2 lb,Guest Basket,0.55,6.2,5.6,5.6,0.4,TRUE,HOLD: missing local vendor,2026-10-01 10:41:27 UTC
1149432,Music Garlic (Dried and Cured),,990479,1/2 lb,Herd Share Members,0.4,5.6,5.6,5.6,0.4,TRUE,HOLD: missing local vendor,2026-10-01 10:41:27 UTC
1151473,"Levitate Elixirs-Strawberry, Hops & Rose",,993250,750 ml / 25.4 fl oz ea,Guest Basket,0.55,38.75,40,40,0.6,TRUE,HOLD: missing local vendor,2026-10-01 10:41:27 UTC
1151473,"Levitate Elixirs-Strawberry, Hops & Rose",,993250,750 ml / 25.4 fl oz ea,CSA Members,0.4,35,40,40,0.6,TRUE,HOLD: missing local vendor,2026-10-01 10:41:27 UTC
1151473,"Levitate Elixirs-Strawberry, Hops & Rose",,993250,750 ml / 25.4 fl oz ea,Herd Share Members,0.4,35,40,40,0.6,TRUE,HOLD: missing local vendor,2026-10-01 10:41:27 UTC
1151475,Levitate Elixirs-Spiced Pineapple & Coconut,,993252,750 ml / 25.4 fl oz ea,Guest Basket,0.55,38.75,40,40,0.6,TRUE,HOLD: missing local vendor,2026-10-01 10:41:27 UTC
1151475,Levitate Elixirs-Spiced Pineapple & Coconut,,993252,750 ml / 25.4 fl oz ea,CSA Members,0.4,35,40,40,0.6,TRUE,HOLD: missing local vendor,2026-10-01 10:41:27 UTC
1151475,Levitate Elixirs-Spiced Pineapple & Coconut,,993252,750 ml / 25.4 fl oz ea,Herd Share Members,0.4,35,40,40,0.6,TRUE,HOLD: missing local vendor,2026-10-01 10:41:27 UTC
1151477,"Levitate Elixirs-Wild Blueberry, Lemon & Rosemary",,993254,750 ml / 25.4 fl oz ea,CSA Members,0.4,35,40,40,0.6,TRUE,HOLD: missing local vendor,2026-10-01 10:41:27 UTC
1151477,"Levitate Elixirs-Wild Blueberry, Lemon & Rosemary",,993254,750 ml / 25.4 fl oz ea,Herd Share Members,0.4,35,40,40,0.6,TRUE,HOLD: missing local vendor,2026-10-01 10:41:27 UTC
1151477,"Levitate Elixirs-Wild Blueberry, Lemon & Rosemary",,993254,750 ml / 25.4 fl oz ea,Guest Basket,0.55,38.75,40,40,0.6,TRUE,HOLD: missing local vendor,2026-10-01 10:41:27 UTC
1151478,Levitate Elixirs-Spiced Cranberry Orange & Vanilla,,993255,750 ml / 25.4 fl oz ea,Guest Basket,0.55,38.75,40,40,0.6,TRUE,HOLD: missing local vendor,2026-10-01 10:41:27 UTC
1151478,Levitate Elixirs-Spiced Cranberry Orange & Vanilla,,993255,750 ml / 25.4 fl oz ea,CSA Members,0.4,35,40,40,0.6,TRUE,HOLD: missing local vendor,2026-10-01 10:41:27 UTC
1151478,Levitate Elixirs-Spiced Cranberry Orange & Vanilla,,993255,750 ml / 25.4 fl oz ea,Herd Share Members,0.4,35,40,40,0.6,TRUE,HOLD: missing local vendor,2026-10-01 10:41:27 UTC
1152204,Green Patty Pan Squash,,994284,lb,Guest Basket,0.55,2.71,2.45,2.45,0.4,TRUE,HOLD: missing local vendor,2026-10-01 10:41:27 UTC
1152204,Green Patty Pan Squash,,994284,lb,Herd Share Members,0.4,2.45,2.45,2.45,0.4,TRUE,HOLD: missing local vendor,2026-10-01 10:41:27 UTC
1152204,Green Patty Pan Squash,,994284,lb,SNAP,0.4,2.45,2.45,2.45,0.4,TRUE,HOLD: missing local vendor,2026-10-01 10:41:27 UTC
1153445,Mixed Red and Yellow Peppers,,996042,lb,Guest Basket,0.55,6.2,5.6,5.6,0.4,TRUE,HOLD: missing local vendor,2026-10-01 10:41:27 UTC
1153445,Mixed Red and Yellow Peppers,,996042,lb,Herd Share Members,0.4,5.6,5.6,5.6,0.4,TRUE,HOLD: missing local vendor,2026-10-01 10:41:27 UTC
1153445,Mixed Red and Yellow Peppers,,996042,lb,SNAP,0.4,5.6,5.6,5.6,0.4,TRUE,HOLD: missing local vendor,2026-10-01 10:41:27 UTC
1154521,Guatemala Cafe Feminino Light Roast Coffee Beans,,997778,12 oz bag,Guest Basket,0.55,21.7,19.6,19.6,0.4,TRUE,HOLD: missing local vendor,2026-10-01 10:41:27 UTC
1154521,Guatemala Cafe Feminino Light Roast Coffee Beans,,997778,12 oz bag,Herd Share Members,0.4,19.6,19.6,19.6,0.4,TRUE,HOLD: missing local vendor,2026-10-01 10:41:27 UTC
1154521,Guatemala Cafe Feminino Light Roast Coffee Beans,,997778,12 oz bag,SNAP,0.4,19.6,19.6,19.6,0.4,TRUE,HOLD: missing local vendor,2026-10-01 10:41:27 UTC
1154522,Guatemala Cafe Feminino Light Roast Ground Coffee,,997779,12 oz bag,Guest Basket,0.55,21.7,19.6,19.6,0.4,TRUE,HOLD: missing local vendor,2026-10-01 10:41:27 UTC
1154522,Guatemala Cafe Feminino Light Roast Ground Coffee,,997779,12 oz bag,Herd Share Members,0.4,19.6,19.6,19.6,0.4,TRUE,HOLD: missing local vendor,2026-10-01 10:41:27 UTC
1154522,Guatemala Cafe Feminino Light Roast Ground Coffee,,997779,12 oz bag,SNAP,0.4,19.6,19.6,19.6,0.4,TRUE,HOLD: missing local vendor,2026-10-01 10:41:27 UTC
1154526,Colombia Finca La Suiza Cafe De Mujer Light Roast Coffee Beans,,997783,12 oz bag,Guest Basket,0.55,21.7,19.6,19.6,0.4,TRUE,HOLD: missing local vendor,2026-10-01 10:41:27 UTC
1154526,Colombia Finca La Suiza Cafe De Mujer Light Roast Coffee Beans,,997783,12 oz bag,Herd Share Members,0.4,19.6,19.6,19.6,0.4,TRUE,HOLD: missing local vendor,2026-10-01 10:41:27 UTC
1154526,Colombia Finca La Suiza Cafe De Mujer Light Roast Coffee Beans,,997783,12 oz bag,SNAP,0.4,19.6,19.6,19.6,0.4,TRUE,HOLD: missing local vendor,2026-10-01 10:41:27 UTC
1154528,Colombia Finca La Suiza Cafe De Mujer Light Roast Ground Coffee,,997785,12 oz bag,Guest Basket,0.55,21.7,19.6,19.6,0.4,TRUE,HOLD: missing local vendor,2026-10-01 10:41:27 UTC
1154528,Colombia Finca La Suiza Cafe De Mujer Light Roast Ground Coffee,,997785,12 oz bag,Herd Share Members,0.4,19.6,19.6,19.6,0.4,TRUE,HOLD: missing local vendor,2026-10-01 10:41:27 UTC
1154528,Colombia Finca La Suiza Cafe De Mujer Light Roast Ground Coffee,,997785,12 oz bag,SNAP,0.4,19.6,19.6,19.6,0.4,TRUE,HOLD: missing local vendor,2026-10-01 10:41:27 UTC
1157446,Suncrest Peach,,1001247,1 lb,CSA Members,0.4,4.2,4.2,4.2,0.4,TRUE,HOLD: missing local vendor,2026-10-01 10:41:27 UTC
1157446,Suncrest Peach,,1001247,1 lb,Guest Basket,0.55,4.65,4.2,4.2,0.4,TRUE,HOLD: missing local vendor,2026-10-01 10:41:27 UTC
1157446,Suncrest Peach,,1001247,1 lb,Herd Share Members,0.4,4.2,4.2,4.2,0.4,TRUE,HOLD: missing local vendor,2026-10-01 10:41:27 UTC
1157446,Suncrest Peach,,1001247,1 lb,SNAP,0.4,4.2,4.2,4.2,0.4,TRUE,HOLD: missing local vendor,2026-10-01 10:41:27 UTC
1157456,Stark Yellow Peaches,,1001257,lb,Guest Basket,0.55,4.65,4.2,4.2,0.4,TRUE,HOLD: missing local vendor,2026-10-01 10:41:27 UTC
1157456,Stark Yellow Peaches,,1001257,lb,Herd Share Members,0.4,4.2,4.2,4.2,0.4,TRUE,HOLD: missing local vendor,2026-10-01 10:41:27 UTC
1157456,Stark Yellow Peaches,,1001257,lb,SNAP,0.4,4.2,4.2,4.2,0.4,TRUE,HOLD: missing local vendor,2026-10-01 10:41:27 UTC
1157457,Black Gravenstein Apples,,1001258,1 lb,Guest Basket,0.55,2.33,2.1,2.1,0.4,TRUE,HOLD: missing local vendor,2026-10-01 10:41:27 UTC
1157457,Black Gravenstein Apples,,1001258,1 lb,Herd Share Members,0.4,2.1,2.1,2.1,0.4,TRUE,HOLD: missing local vendor,2026-10-01 10:41:27 UTC
1157457,Black Gravenstein Apples,,1001258,1 lb,SNAP,0.4,2.1,2.1,2.1,0.4,TRUE,HOLD: missing local vendor,2026-10-01 10:41:27 UTC
1157459,Asian Pears,,1001260,1 lb,Guest Basket,0.55,3.1,2.8,2.8,0.4,TRUE,HOLD: missing local vendor,2026-10-01 10:41:27 UTC
1157459,Asian Pears,,1001260,1 lb,Herd Share Members,0.4,2.8,2.8,2.8,0.4,TRUE,HOLD: missing local vendor,2026-10-01 10:41:27 UTC
1157459,Asian Pears,,1001260,1 lb,SNAP,0.4,2.8,2.8,2.8,0.4,TRUE,HOLD: missing local vendor,2026-10-01 10:41:27 UTC
1157461,Brooks Plums,,1001262,1 lb,Guest Basket,0.55,3.1,2.8,2.8,0.4,TRUE,HOLD: missing local vendor,2026-10-01 10:41:27 UTC
1157461,Brooks Plums,,1001262,1 lb,Herd Share Members,0.4,2.8,2.8,2.8,0.4,TRUE,HOLD: missing local vendor,2026-10-01 10:41:27 UTC
1157461,Brooks Plums,,1001262,1 lb,SNAP,0.4,2.8,2.8,2.8,0.4,TRUE,HOLD: missing local vendor,2026-10-01 10:41:27 UTC
1157463,Italian Plum,,1001264,lb,Guest Basket,0.55,3.1,2.8,2.8,0.4,TRUE,HOLD: missing local vendor,2026-10-01 10:41:27 UTC
1157463,Italian Plum,,1001264,lb,Herd Share Members,0.4,2.8,2.8,2.8,0.4,TRUE,HOLD: missing local vendor,2026-10-01 10:41:27 UTC
1157463,Italian Plum,,1001264,lb,SNAP,0.4,2.8,2.8,2.8,0.4,TRUE,HOLD: missing local vendor,2026-10-01 10:41:27 UTC
1157464,Green Gage Plums,,1001265,1 lb,Guest Basket,0.55,3.1,2.8,2.8,0.4,TRUE,HOLD: missing local vendor,2026-10-01 10:41:27 UTC
1157464,Green Gage Plums,,1001265,1 lb,Herd Share Members,0.4,2.8,2.8,2.8,0.4,TRUE,HOLD: missing local vendor,2026-10-01 10:41:27 UTC
1157464,Green Gage Plums,,1001265,1 lb,SNAP,0.4,2.8,2.8,2.8,0.4,TRUE,HOLD: missing local vendor,2026-10-01 10:41:27 UTC
1157469,Fresh Frozen Elderberries,,1001274,3 lb bag,Guest Basket,0.55,69.75,63,63,0.4,TRUE,HOLD: missing local vendor,2026-10-01 10:41:27 UTC
1157469,Fresh Frozen Elderberries,,1001274,3 lb bag,Herd Share Members,0.4,63,63,63,0.4,TRUE,HOLD: missing local vendor,2026-10-01 10:41:27 UTC
1157469,Fresh Frozen Elderberries,,1001274,3 lb bag,SNAP,0.4,63,63,63,0.4,TRUE,HOLD: missing local vendor,2026-10-01 10:41:27 UTC
1159145,Frozen Raspberries,,1003819,1 lb,SNAP,0.4,11.2,11.2,11.2,0.4,TRUE,HOLD: missing local vendor,2026-10-01 10:41:27 UTC
1159145,Frozen Raspberries,,1003819,1 lb,CSA Members,0.4,11.2,11.2,11.2,0.4,TRUE,HOLD: missing local vendor,2026-10-01 10:41:27 UTC
1159145,Frozen Raspberries,,1003819,1 lb,Guest Basket,0.55,12.4,11.2,11.2,0.4,TRUE,HOLD: missing local vendor,2026-10-01 10:41:27 UTC
1159145,Frozen Raspberries,,1003819,1 lb,Herd Share Members,0.4,11.2,11.2,11.2,0.4,TRUE,HOLD: missing local vendor,2026-10-01 10:41:27 UTC
1161243,Naravilla and Laturilla Figs,,1006816,pack,Guest Basket,0.55,9.3,8.4,8.4,0.4,TRUE,HOLD: missing local vendor,2026-10-01 10:41:27 UTC
1161243,Naravilla and Laturilla Figs,,1006816,pack,Herd Share Members,0.4,8.4,8.4,8.4,0.4,TRUE,HOLD: missing local vendor,2026-10-01 10:41:27 UTC
1161243,Naravilla and Laturilla Figs,,1006816,pack,SNAP,0.4,8.4,8.4,8.4,0.4,TRUE,HOLD: missing local vendor,2026-10-01 10:41:27 UTC
1161246,Seckel Pears,,1006818,lb,Guest Basket,0.55,4.65,4.2,4.2,0.4,TRUE,HOLD: missing local vendor,2026-10-01 10:41:27 UTC
1161246,Seckel Pears,,1006818,lb,Herd Share Members,0.4,4.2,4.2,4.2,0.4,TRUE,HOLD: missing local vendor,2026-10-01 10:41:27 UTC
1161246,Seckel Pears,,1006818,lb,SNAP,0.4,4.2,4.2,4.2,0.4,TRUE,HOLD: missing local vendor,2026-10-01 10:41:27 UTC
1161247,Satsuma plums,,1006819,lb,CSA Members,0.4,2.8,2.8,2.8,0.4,TRUE,HOLD: missing local vendor,2026-10-01 10:41:27 UTC
1161247,Satsuma plums,,1006819,lb,Guest Basket,0.55,3.1,2.8,2.8,0.4,TRUE,HOLD: missing local vendor,2026-10-01 10:41:27 UTC
1161247,Satsuma plums,,1006819,lb,Herd Share Members,0.4,2.8,2.8,2.8,0.4,TRUE,HOLD: missing local vendor,2026-10-01 10:41:27 UTC
1161247,Satsuma plums,,1006819,lb,SNAP,0.4,2.8,2.8,2.8,0.4,TRUE,HOLD: missing local vendor,2026-10-01 10:41:27 UTC
1161250,Stanley Plums,,1006822,lb,Guest Basket,0.55,3.1,2.8,2.8,0.4,TRUE,HOLD: missing local vendor,2026-10-01 10:41:27 UTC
1161250,Stanley Plums,,1006822,lb,Herd Share Members,0.4,2.8,2.8,2.8,0.4,TRUE,HOLD: missing local vendor,2026-10-01 10:41:27 UTC
1161250,Stanley Plums,,1006822,lb,SNAP,0.4,2.8,2.8,2.8,0.4,TRUE,HOLD: missing local vendor,2026-10-01 10:41:27 UTC
1161251,Burbank Red Ace Plums,,1006823,lb,Guest Basket,0.55,3.1,2.8,2.8,0.4,TRUE,HOLD: missing local vendor,2026-10-01 10:41:27 UTC
1161251,Burbank Red Ace Plums,,1006823,lb,Herd Share Members,0.4,2.8,2.8,2.8,0.4,TRUE,HOLD: missing local vendor,2026-10-01 10:41:27 UTC
1161251,Burbank Red Ace Plums,,1006823,lb,SNAP,0.4,2.8,2.8,2.8,0.4,TRUE,HOLD: missing local vendor,2026-10-01 10:41:27 UTC
1161320,Green Italian Frying Pepper,,1006916,each,CSA Members,0.4,3.5,3.5,3.5,0.4,TRUE,HOLD: missing local vendor,2026-10-01 10:41:27 UTC
1161320,Green Italian Frying Pepper,,1006916,each,Guest Basket,0.55,3.88,3.5,3.5,0.4,TRUE,HOLD: missing local vendor,2026-10-01 10:41:27 UTC
1161320,Green Italian Frying Pepper,,1006916,each,Herd Share Members,0.4,3.5,3.5,3.5,0.4,TRUE,HOLD: missing local vendor,2026-10-01 10:41:27 UTC
1161320,Green Italian Frying Pepper,,1006916,each,SNAP,0.4,3.5,3.5,3.5,0.4,TRUE,HOLD: missing local vendor,2026-10-01 10:41:27 UTC
1162012,Yellow Potatoes (Vista Gold),,1008804,1 lb,CSA Members,0.4,2.1,2.1,2.1,0.4,TRUE,HOLD: missing local vendor,2026-10-01 10:41:27 UTC
1162012,Yellow Potatoes (Vista Gold),,1008804,1 lb,Guest Basket,0.55,2.33,2.1,2.1,0.4,TRUE,HOLD: missing local vendor,2026-10-01 10:41:27 UTC
1162012,Yellow Potatoes (Vista Gold),,1008804,1 lb,Herd Share Members,0.4,2.1,2.1,2.1,0.4,TRUE,HOLD: missing local vendor,2026-10-01 10:41:27 UTC
1162012,Yellow Potatoes (Vista Gold),,1008804,1 lb,SNAP,0.4,2.1,2.1,2.1,0.4,TRUE,HOLD: missing local vendor,2026-10-01 10:41:27 UTC
1162016,Organic Spelt Flour,,1008808,4 lb. Bag,CSA Members,0.4,16.8,16.8,16.8,0.4,TRUE,HOLD: missing local vendor,2026-10-01 10:41:27 UTC
1162016,Organic Spelt Flour,,1008808,4 lb. Bag,Guest Basket,0.55,18.6,16.8,16.8,0.4,TRUE,HOLD: missing local vendor,2026-10-01 10:41:27 UTC
1162016,Organic Spelt Flour,,1008808,4 lb. Bag,Herd Share Members,0.4,16.8,16.8,16.8,0.4,TRUE,HOLD: missing local vendor,2026-10-01 10:41:27 UTC
1162016,Organic Spelt Flour,,1008808,4 lb. Bag,SNAP,0.4,16.8,16.8,16.8,0.4,TRUE,HOLD: missing local vendor,2026-10-01 10:41:27 UTC
1162541,Gold Beets,,1009634,bunch,CSA Members,0.4,1.89,1.89,1.89,0.4,TRUE,HOLD: missing local vendor,2026-10-01 10:41:27 UTC
1162541,Gold Beets,,1009634,bunch,Guest Basket,0.55,2.09,1.89,1.89,0.4,TRUE,HOLD: missing local vendor,2026-10-01 10:41:27 UTC
1162541,Gold Beets,,1009634,bunch,Herd Share Members,0.4,1.89,1.89,1.89,0.4,TRUE,HOLD: missing local vendor,2026-10-01 10:41:27 UTC
1162541,Gold Beets,,1009634,bunch,SNAP,0.4,1.89,1.89,1.89,0.4,TRUE,HOLD: missing local vendor,2026-10-01 10:41:27 UTC
1163510,Bulk Mix Apples,,1011059,5 lb bag,CSA Members,0.4,12.6,12.6,12.6,0.4,TRUE,HOLD: missing local vendor,2026-10-01 10:41:27 UTC
1163510,Bulk Mix Apples,,1011059,5 lb bag,Guest Basket,0.55,13.95,12.6,12.6,0.4,TRUE,HOLD: missing local vendor,2026-10-01 10:41:27 UTC
1163510,Bulk Mix Apples,,1011059,5 lb bag,Herd Share Members,0.4,12.6,12.6,12.6,0.4,TRUE,HOLD: missing local vendor,2026-10-01 10:41:27 UTC
1163510,Bulk Mix Apples,,1011059,5 lb bag,SNAP,0.4,12.6,12.6,12.6,0.4,TRUE,HOLD: missing local vendor,2026-10-01 10:41:27 UTC
1163510,Bulk Mix Apples,,1011060,10 lb bag,Guest Basket,0.55,26.35,23.8,23.8,0.4,TRUE,HOLD: missing local vendor,2026-10-01 10:41:27 UTC
1163510,Bulk Mix Apples,,1011060,10 lb bag,Herd Share Members,0.4,23.8,23.8,23.8,0.4,TRUE,HOLD: missing local vendor,2026-10-01 10:41:27 UTC
1163510,Bulk Mix Apples,,1011060,10 lb bag,SNAP,0.4,23.8,23.8,23.8,0.4,TRUE,HOLD: missing local vendor,2026-10-01 10:41:27 UTC
1163511,Bulk Mix Pears,,1011061,5 lb bag,Guest Basket,0.55,13.95,12.6,12.6,0.4,TRUE,HOLD: missing local vendor,2026-10-01 10:41:27 UTC
1163511,Bulk Mix Pears,,1011061,5 lb bag,Herd Share Members,0.4,12.6,12.6,12.6,0.4,TRUE,HOLD: missing local vendor,2026-10-01 10:41:27 UTC
1163511,Bulk Mix Pears,,1011061,5 lb bag,SNAP,0.4,12.6,12.6,12.6,0.4,TRUE,HOLD: missing local vendor,2026-10-01 10:41:27 UTC
1163511,Bulk Mix Pears,,1011062,10 lb bag,Guest Basket,0.55,26.35,23.8,23.8,0.4,TRUE,HOLD: missing local vendor,2026-10-01 10:41:27 UTC
1163511,Bulk Mix Pears,,1011062,10 lb bag,Herd Share Members,0.4,23.8,23.8,23.8,0.4,TRUE,HOLD: missing local vendor,2026-10-01 10:41:27 UTC
1163511,Bulk Mix Pears,,1011062,10 lb bag,SNAP,0.4,23.8,23.8,23.8,0.4,TRUE,HOLD: missing local vendor,2026-10-01 10:41:27 UTC
1163512,Kiwi Berries,,1011063,1/2 pt,Guest Basket,0.55,7.75,7,7,0.4,TRUE,HOLD: missing local vendor,2026-10-01 10:41:27 UTC
1163512,Kiwi Berries,,1011063,1/2 pt,Herd Share Members,0.4,7,7,7,0.4,TRUE,HOLD: missing local vendor,2026-10-01 10:41:27 UTC
1163512,Kiwi Berries,,1011063,1/2 pt,SNAP,0.4,7,7,7,0.4,TRUE,HOLD: missing local vendor,2026-10-01 10:41:27 UTC
1163513,Mix of Pears,,1011064,ea,CSA Members,0.4,1.4,1.4,1.4,0.4,TRUE,HOLD: missing local vendor,2026-10-01 10:41:27 UTC
1163513,Mix of Pears,,1011064,ea,Guest Basket,0.55,1.55,1.4,1.4,0.4,TRUE,HOLD: missing local vendor,2026-10-01 10:41:27 UTC
1163513,Mix of Pears,,1011064,ea,Herd Share Members,0.4,1.4,1.4,1.4,0.4,TRUE,HOLD: missing local vendor,2026-10-01 10:41:27 UTC
1163513,Mix of Pears,,1011064,ea,SNAP,0.4,1.4,1.4,1.4,0.4,TRUE,HOLD: missing local vendor,2026-10-01 10:41:27 UTC
1163727,Gold Beets,,1011353,bunch,CSA Members,0.4,3.29,3.29,3.29,0.4,TRUE,HOLD: missing local vendor,2026-10-01 10:41:27 UTC
1163727,Gold Beets,,1011353,bunch,Guest Basket,0.55,3.64,3.29,3.29,0.4,TRUE,HOLD: missing local vendor,2026-10-01 10:41:27 UTC
1163727,Gold Beets,,1011353,bunch,Herd Share Members,0.4,3.29,3.29,3.29,0.4,TRUE,HOLD: missing local vendor,2026-10-01 10:41:27 UTC
1163727,Gold Beets,,1011353,bunch,SNAP,0.4,3.29,3.29,3.29,0.4,TRUE,HOLD: missing local vendor,2026-10-01 10:41:27 UTC
1164989,"Bulgarian Pepper, Hot",,1013014,1 lb,Guest Basket,0.55,7.75,7,7,0.4,TRUE,HOLD: missing local vendor,2026-10-01 10:41:27 UTC
1164989,"Bulgarian Pepper, Hot",,1013014,1 lb,Herd Share Members,0.4,7,7,7,0.4,TRUE,HOLD: missing local vendor,2026-10-01 10:41:27 UTC
1164989,"Bulgarian Pepper, Hot",,1013014,1 lb,SNAP,0.4,7,7,7,0.4,TRUE,HOLD: missing local vendor,2026-10-01 10:41:27 UTC
1164990,Yellow Italian Frying Pepper,,1013017,1 lb,CSA Members,0.4,3.85,3.85,3.85,0.4,TRUE,HOLD: missing local vendor,2026-10-01 10:41:27 UTC
1164990,Yellow Italian Frying Pepper,,1013017,1 lb,Guest Basket,0.55,4.26,3.85,3.85,0.4,TRUE,HOLD: missing local vendor,2026-10-01 10:41:27 UTC
1164990,Yellow Italian Frying Pepper,,1013017,1 lb,Herd Share Members,0.4,3.85,3.85,3.85,0.4,TRUE,HOLD: missing local vendor,2026-10-01 10:41:27 UTC
1164990,Yellow Italian Frying Pepper,,1013017,1 lb,SNAP,0.4,3.85,3.85,3.85,0.4,TRUE,HOLD: missing local vendor,2026-10-01 10:41:27 UTC
1164992,Turkish Long Eggplant,,1013033,1 lb,Guest Basket,0.55,4.34,3.92,3.92,0.4,TRUE,HOLD: missing local vendor,2026-10-01 10:41:27 UTC
1164992,Turkish Long Eggplant,,1013033,1 lb,Herd Share Members,0.4,3.92,3.92,3.92,0.4,TRUE,HOLD: missing local vendor,2026-10-01 10:41:27 UTC
1164992,Turkish Long Eggplant,,1013033,1 lb,SNAP,0.4,3.92,3.92,3.92,0.4,TRUE,HOLD: missing local vendor,2026-10-01 10:41:27 UTC